{"lowlevel.dissonance.mean": [0.41728222370147705], "sfx.inharmonicity.mean": [0.2780710756778717], "lowlevel.spectral_contrast.mean": [[0.5623555183410645, 0.272091269493103, 1.194998860359192, 0.972425103187561, 1.0583693981170654, 0.7730703353881836]], "lowlevel.spectral_centroid.mean": [0.4099656343460083], "lowlevel.mfcc.mean": [[0.4325968027114868, 0.14433850347995758, 0.3337995409965515, 0.5436031818389893, 0.4629073143005371, 0.5468125343322754, 0.8624656200408936, 1.0066606998443604, 0.9098923206329346, 0.8027625679969788, 0.20395591855049133, -0.07101339101791382, 0.9308395385742188]], "sfx.logattacktime.mean": [0.5829973220825195], "lowlevel.hfc.mean": [0.5066037774085999]}