{
"metadata": {
    "version": {
        "essentia": "2.1-dev"
    }
},
"lowLevel": {
    "barkbands_kurtosis": {
        "mean": -0.282297760248,
        "var": 0.638303637505
    },
    "dissonance": {
        "mean": 0.399369508028,
        "var": 0.0031888789963
    },
    "hfc": {
        "mean": 156.11505127,
        "var": 5627.72753906
    },
    "spectral_centroid": {
        "mean": 1640.90124512,
        "var": 23387.6582031
    },
    "spectral_complexity": {
        "mean": 4.97619056702,
        "var": 0.0232426412404
    },
    "spectral_crest": {
        "mean": 17.2517986298,
        "var": 1.88890731335
    },
    "spectral_energyband_high": {
        "mean": 0.00201399042271,
        "var": 2.07919265449e-06
    },
    "spectral_energyband_low": {
        "mean": 1.92292591237e-05,
        "var": 2.9362345888e-10
    },
    "spectral_kurtosis": {
        "mean": 6.80205059052,
        "var": 4.78215551376
    },
    "spectral_rolloff": {
        "mean": 3223.57373047,
        "var": 328558.4375
    },
    "spectral_strongpeak": {
        "mean": 8.76117134094,
        "var": 3.06419992447
    },
    "mfcc": {
        "mean": [-750.308654785, -29.4927921295, -67.5065689087, 7.78923892975, -26.3792686462, -8.47260570526, 27.6007289886, 38.3059997559, 24.597984314, 17.0698242188, -32.4169464111, -45.5986595154, 18.4707145691],
        "var": [953.94128418, 514.072570801, 80.185836792, 35.1340904236, 35.4014549255, 51.5398597717, 53.4474525452, 57.7051696777, 71.3287811279, 29.2750511169, 52.756313324, 51.3820495605, 49.2035446167]
    },
    "sccoeffs": {
        "mean": [-0.65429008007, -0.858088076115, -0.272313982248, -0.442351847887, -0.464149206877, -0.562985897064],
        "var": [0.00333647476509, 0.000618143007159, 0.000523780356161, 0.000566332426388, 0.00122298090719, 0.00412765238434]
    }
},
"sfx": {
    "inharmonicity": {
        "mean": 0.00106277433224,
        "var": 1.68447670035e-07
    }
}
}