{
"metadata": {
    "version": {
        "essentia": "2.1-dev"
    }
},
"lowLevel": {
    "barkbands_kurtosis": {
        "mean": -1.42683148384,
        "var": 0.0100153330714
    },
    "dissonance": {
        "mean": 0.365485966206,
        "var": 0.00175975251477
    },
    "hfc": {
        "mean": 14.3351011276,
        "var": 4.92266988754
    },
    "spectral_centroid": {
        "mean": 1053.25830078,
        "var": 21741.1855469
    },
    "spectral_complexity": {
        "mean": 9.41304302216,
        "var": 1.7641774416
    },
    "spectral_crest": {
        "mean": 7.748462677,
        "var": 1.01812922955
    },
    "spectral_energyband_high": {
        "mean": 9.27294513531e-06,
        "var": 1.41492807054e-11
    },
    "spectral_energyband_low": {
        "mean": 3.89395154343e-06,
        "var": 9.64067107395e-12
    },
    "spectral_kurtosis": {
        "mean": 23.961725235,
        "var": 17.4888153076
    },
    "spectral_rolloff": {
        "mean": 1795.68188477,
        "var": 41539.1484375
    },
    "spectral_strongpeak": {
        "mean": 2.70196866989,
        "var": 2.52490162849
    },
    "mfcc": {
        "mean": [-738.52166748, 168.95552063, -80.7730636597, -26.6101703644, -9.50654697418, -12.3738126755, -39.6360473633, -33.88804245, -8.24124336243, 0.722536027431, -4.10223388672, -14.6375722885, -10.2267885208],
        "var": [41.1510276794, 265.683410645, 29.3239326477, 112.228385925, 58.3886833191, 30.0119342804, 70.113494873, 21.9237861633, 31.4405918121, 22.9702758789, 102.548751831, 29.7097015381, 45.9004440308]
    },
    "sccoeffs": {
        "mean": [-0.482943713665, -0.414065539837, -0.48753169179, -0.452239215374, -0.655960977077, -0.741519927979],
        "var": [0.0110325375572, 0.00110080826562, 0.000672889116686, 0.000948944711126, 0.000295323494356, 0.000682225800119]
    }
},
"sfx": {
    "inharmonicity": {
        "mean": 0.0275890622288,
        "var": 0.000337947887601
    }
}
}