{
"metadata": {
    "version": {
        "essentia": "2.1-dev"
    }
},
"lowLevel": {
    "barkbands_kurtosis": {
        "mean": 4.79293203354,
        "var": 2.04222607613
    },
    "dissonance": {
        "mean": 0.347481369972,
        "var": 6.3753395807e-05
    },
    "hfc": {
        "mean": 14.7471532822,
        "var": 13.2284927368
    },
    "spectral_centroid": {
        "mean": 503.437316895,
        "var": 39.5167999268
    },
    "spectral_complexity": {
        "mean": 10.8358211517,
        "var": 0.405880987644
    },
    "spectral_crest": {
        "mean": 12.9805316925,
        "var": 0.270257532597
    },
    "spectral_energyband_high": {
        "mean": 2.81660305745e-07,
        "var": 1.45272079685e-14
    },
    "spectral_energyband_low": {
        "mean": 0.000151476269821,
        "var": 2.26097762734e-09
    },
    "spectral_kurtosis": {
        "mean": 151.398086548,
        "var": 965.308044434
    },
    "spectral_rolloff": {
        "mean": 561.791625977,
        "var": 37.8049545288
    },
    "spectral_strongpeak": {
        "mean": 2.09464883804,
        "var": 0.0731850042939
    },
    "mfcc": {
        "mean": [-828.199279785, 270.763549805, 26.5315761566, -44.9323005676, -34.4621162415, -29.3955307007, -26.2109355927, -10.4363594055, 3.3678958416, 1.79019761086, 0.347658008337, -1.73953640461, 5.93368148804],
        "var": [272.767303467, 36.5340843201, 108.851257324, 26.4499053955, 41.0612182617, 19.1368694305, 15.0445337296, 22.5597763062, 7.68796634674, 15.8195562363, 13.6741447449, 8.10188484192, 20.227563858]
    },
    "sccoeffs": {
        "mean": [-0.601516723633, -0.543751239777, -0.634332716465, -0.748443841934, -0.829425930977, -0.866250097752],
        "var": [0.000532562960871, 0.000350978341885, 0.00124346127268, 0.000575425918214, 0.000375485833501, 0.000256946310401]
    }
},
"sfx": {
    "inharmonicity": {
        "mean": 0.063046425581,
        "var": 0.00197955965996
    }
}
}