{"lowlevel.dissonance.mean": [0.5449552536010742], "sfx.inharmonicity.mean": [0.5685898661613464], "lowlevel.spectral_contrast.mean": [[0.15085768699645996, 0.8028392791748047, 0.8776483535766602, 0.9179095029830933, 0.7255222797393799, 0.45160675048828125]], "lowlevel.spectral_centroid.mean": [0.44277632236480713], "lowlevel.mfcc.mean": [[0.28579676151275635, 0.28448596596717834, -0.06581005454063416, 0.16420426964759827, 0.3781667947769165, 0.3122918903827667, 0.4910612106323242, 0.3077220022678375, 0.26163119077682495, 0.3993847966194153, 0.8131206035614014, 0.816382646560669, 0.843292236328125]], "sfx.logattacktime.mean": [0.5088149905204773], "lowlevel.hfc.mean": [0.4712545871734619]}