{
"metadata": {
    "version": {
        "essentia": "2.1-dev"
    }
},
"lowLevel": {
    "barkbands_kurtosis": {
        "mean": 0.662830412388,
        "var": 0.0464984253049
    },
    "dissonance": {
        "mean": 0.393210440874,
        "var": 0.00232619070448
    },
    "hfc": {
        "mean": 28.6633033752,
        "var": 44.5467910767
    },
    "spectral_centroid": {
        "mean": 1282.23693848,
        "var": 2692.45996094
    },
    "spectral_complexity": {
        "mean": 6.8203125,
        "var": 0.256774902344
    },
    "spectral_crest": {
        "mean": 12.2967443466,
        "var": 0.147732421756
    },
    "spectral_energyband_high": {
        "mean": 8.95803350431e-06,
        "var": 2.7906415026e-11
    },
    "spectral_energyband_low": {
        "mean": 1.34513511441e-08,
        "var": 3.36516363038e-17
    },
    "spectral_kurtosis": {
        "mean": 53.200340271,
        "var": 181.727081299
    },
    "spectral_rolloff": {
        "mean": 1742.50964355,
        "var": 33251.6054688
    },
    "spectral_strongpeak": {
        "mean": 5.30831623077,
        "var": 0.397544205189
    },
    "mfcc": {
        "mean": [-834.802185059, 78.9159240723, -190.712738037, -42.0151786804, -18.8918476105, -27.8945579529, -7.68657112122, -24.8344745636, -28.3756351471, -11.8340358734, 20.8839359283, 23.3568458557, 26.1211032867],
        "var": [492.825653076, 68.4268722534, 118.856796265, 153.756515503, 65.1134796143, 17.2498512268, 13.1701421738, 18.2372531891, 11.7402858734, 21.0236568451, 16.0244655609, 8.64063262939, 12.844578743]
    },
    "sccoeffs": {
        "mean": [-0.902762532234, -0.374953627586, -0.377941936255, -0.418307632208, -0.561638474464, -0.76972669363],
        "var": [0.000679280899931, 0.000562852248549, 0.000358937395504, 0.000337142089847, 0.00130802951753, 0.000497884815559]
    }
},
"sfx": {
    "inharmonicity": {
        "mean": 0.00264262547716,
        "var": 1.80948768502e-06
    }
}
}