{"lowlevel.dissonance.mean": [-0.16174650192260742], "sfx.inharmonicity.mean": [0.2891995906829834], "lowlevel.spectral_contrast.mean": [[0.694710910320282, 1.390709638595581, 0.9196077585220337, 0.8513669967651367, 0.36747312545776367, 0.3707458972930908]], "lowlevel.spectral_centroid.mean": [0.3533092439174652], "lowlevel.mfcc.mean": [[0.3514896631240845, 0.5889532566070557, 0.22673022747039795, -0.12244123220443726, -0.01051628589630127, 0.00853961706161499, 0.1246989369392395, -0.11746346950531006, -0.10812383890151978, 0.12333518266677856, 0.17698857188224792, 0.10651659965515137, 0.275585800409317]], "sfx.logattacktime.mean": [0.670386791229248], "lowlevel.hfc.mean": [0.46586334705352783]}