{
"metadata": {
    "version": {
        "essentia": "2.1-dev"
    }
},
"lowLevel": {
    "barkbands_kurtosis": {
        "mean": 2.17014122009,
        "var": 3.57885313034
    },
    "dissonance": {
        "mean": 0.493918120861,
        "var": 5.22318223375e-05
    },
    "hfc": {
        "mean": 89.7751312256,
        "var": 1035.34973145
    },
    "spectral_centroid": {
        "mean": 4676.41796875,
        "var": 74244.765625
    },
    "spectral_complexity": {
        "mean": 33.625,
        "var": 21.484375
    },
    "spectral_crest": {
        "mean": 4.81028461456,
        "var": 0.423658132553
    },
    "spectral_energyband_high": {
        "mean": 0.0107140103355,
        "var": 1.4810065295e-05
    },
    "spectral_energyband_low": {
        "mean": 2.90455191134e-05,
        "var": 9.11706710127e-10
    },
    "spectral_kurtosis": {
        "mean": -0.0665191709995,
        "var": 0.108743652701
    },
    "spectral_rolloff": {
        "mean": 7336.09228516,
        "var": 230721.890625
    },
    "spectral_strongpeak": {
        "mean": 2.52404212952,
        "var": 2.54928469658
    },
    "mfcc": {
        "mean": [-616.889038086, -54.6129760742, -48.1945915222, -0.637076973915, -16.3464050293, -8.68726634979, -31.8598022461, -10.2085390091, -9.81100749969, 10.7666683197, 13.0257835388, 15.3204479218, 12.4335784912],
        "var": [977.937805176, 524.571289062, 519.35559082, 30.6115722656, 34.0447692871, 57.8892974854, 39.9040145874, 57.6413383484, 49.0555114746, 65.4997558594, 20.4132080078, 27.7219295502, 32.679977417]
    },
    "sccoeffs": {
        "mean": [-0.659352123737, -0.767769873142, -0.809298634529, -0.715009748936, -0.768332064152, -0.729941725731],
        "var": [0.00453472090885, 0.00340916751884, 0.00123144511599, 0.000713384244591, 0.000903726206161, 0.000770186888985]
    }
},
"sfx": {
    "inharmonicity": {
        "mean": 0.167575478554,
        "var": 0.0107983574271
    }
}
}