{"lowlevel.dissonance.mean": [0.3751407861709595], "sfx.inharmonicity.mean": [0.36973947286605835], "lowlevel.spectral_contrast.mean": [[0.2630791664123535, 0.387300968170166, 0.2873961925506592, 0.2599914073944092, 0.30912303924560547, 0.24853873252868652]], "lowlevel.spectral_centroid.mean": [0.46660634875297546], "lowlevel.mfcc.mean": [[0.20468175411224365, 0.4148588478565216, 0.6157693862915039, 0.49870604276657104, 0.6229733228683472, 0.5652978420257568, 0.48322802782058716, 0.4327859580516815, 0.43787485361099243, 0.38096457719802856, 0.44203126430511475, 0.5174275636672974, 0.5658782124519348]], "sfx.logattacktime.mean": [0.46040722727775574], "lowlevel.hfc.mean": [0.4651359021663666]}