{
"metadata": {
    "version": {
        "essentia": "2.1-dev"
    }
},
"lowLevel": {
    "average_loudness": 0.99068403244,
    "barkbands_kurtosis": {
        "mean": 30.4072704315,
        "var": 715.793273926
    },
    "barkbands_skewness": {
        "mean": 3.93927884102,
        "var": 8.37744140625
    },
    "barkbands_spread": {
        "mean": 7.72320222855,
        "var": 25.3310985565
    },
    "dissonance": {
        "mean": 0.391905426979,
        "var": 0.0110752023757
    },
    "hfc": {
        "mean": 0.131231665611,
        "var": 0.0929229557514
    },
    "pitch": {
        "mean": 379.156646729,
        "var": 843897.5625
    },
    "pitch_instantaneous_confidence": {
        "mean": 0.344340115786,
        "var": 0.0112644387409
    },
    "pitch_salience": {
        "mean": 0.56084561348,
        "var": 0.0417755171657
    },
    "silence_rate_20dB": {
        "mean": 1,
        "var": 0
    },
    "silence_rate_30dB": {
        "mean": 1,
        "var": 0
    },
    "silence_rate_60dB": {
        "mean": 1,
        "var": 0
    },
    "spectral_centroid": {
        "mean": 880.034484863,
        "var": 6066676
    },
    "spectral_complexity": {
        "mean": 0.611111104488,
        "var": 1.45987653732
    },
    "spectral_crest": {
        "mean": 12.377407074,
        "var": 27.076133728
    },
    "spectral_decrease": {
        "mean": -9.12823983068e-11,
        "var": 5.93521153435e-20
    },
    "spectral_energy": {
        "mean": 0.000356423173798,
        "var": 8.94547270036e-07
    },
    "spectral_energyband_high": {
        "mean": 1.31176761897e-06,
        "var": 1.81205415256e-11
    },
    "spectral_energyband_low": {
        "mean": 9.99786352622e-05,
        "var": 1.40838693596e-07
    },
    "spectral_energyband_middle_high": {
        "mean": 3.18075872201e-05,
        "var": 7.99128585527e-09
    },
    "spectral_energyband_middle_low": {
        "mean": 0.000243566828431,
        "var": 3.7175396983e-07
    },
    "spectral_flatness_db": {
        "mean": 0.213041365147,
        "var": 0.00354927196167
    },
    "spectral_flux": {
        "mean": 0.0122446315363,
        "var": 0.000391257577576
    },
    "spectral_kurtosis": {
        "mean": 5.92450809479,
        "var": 64.8814697266
    },
    "spectral_rms": {
        "mean": 0.000283868197585,
        "var": 2.67148777766e-07
    },
    "spectral_rolloff": {
        "mean": 1366.16210938,
        "var": 17857880
    },
    "spectral_skewness": {
        "mean": 2.14506340027,
        "var": 1.64971220493
    },
    "spectral_spread": {
        "mean": 26833382,
        "var": 2.48712899068e+14
    },
    "spectral_strongpeak": {
        "mean": 0.0176109746099,
        "var": 0.000755967397708
    },
    "zerocrossingrate": {
        "mean": 0.0247938372195,
        "var": 0.000152655586135
    },
    "barkbands": {
        "mean": [9.49183595367e-06, 3.15511679219e-05, 3.92780639231e-05, 4.79448208353e-05, 0.000106118175609, 3.3110678487e-05, 3.90373497794e-05, 1.03373276943e-05, 5.69272924622e-06, 3.52156985173e-06, 7.30714646124e-06, 1.20722825159e-05, 1.97032909455e-06, 2.23864753934e-06, 2.07672974284e-06, 1.78994400812e-06, 7.61599039834e-07, 4.6609727633e-07, 2.50804674806e-07, 1.90854009929e-07, 2.42308260567e-07, 1.72167304413e-07, 2.30479471952e-07, 1.6378604073e-07, 1.83910017881e-07, 1.49974525243e-07, 6.70317206186e-08],
        "var": [1.25075505508e-09, 1.53249324342e-08, 2.24852740871e-08, 2.54628673702e-08, 6.8613282167e-08, 4.80575534922e-09, 8.0220452503e-09, 1.1405938416e-09, 1.83589074498e-10, 5.62620887379e-11, 6.0598670526e-10, 1.97705363192e-09, 1.87639175031e-11, 3.16966244918e-11, 3.23108900746e-11, 1.57551350438e-11, 2.92905174941e-12, 1.28499218644e-12, 7.9318729319e-13, 4.28855789856e-13, 6.6820225568e-13, 3.20599422661e-13, 4.54672757777e-13, 2.52686435144e-13, 3.90559600719e-13, 2.49042106382e-13, 6.36807094686e-14]
    },
    "mfcc": {
        "mean": [-1044.93811035, 71.5065612793, 24.8249416351, 11.4044141769, 11.7055101395, 7.25020503998, -1.21804487705, -2.37320232391, -3.51537036896, -4.53546714783, -2.71676492691, 1.43810689449, 2.46775102615],
        "var": [13057.2275391, 3706.46264648, 256.126068115, 229.507705688, 24.9932899475, 44.0916900635, 160.007019043, 131.225250244, 114.035247803, 114.856971741, 81.7313461304, 19.4556655884, 19.5900993347]
    },
    "sccoeffs": {
        "mean": [-0.803379654884, -0.804444372654, -0.882448673248, -0.885219871998, -0.878873825073, -0.904112279415],
        "var": [0.00503843370825, 0.00799969024956, 0.00215868046507, 0.00149284710642, 0.0025753909722, 0.000789994373918]
    },
    "scvalleys": {
        "mean": [-9.24885940552, -10.4400596619, -11.1643180847, -11.765958786, -12.9770460129, -13.3015098572],
        "var": [3.79078722, 5.27581262589, 5.59022760391, 5.96313333511, 3.91312742233, 2.75581145287]
    }
},
"rhythm": {
    "bpm": 0,
    "confidence": 0,
    "first_peak_bpm": {
        "mean": 0,
        "var": 0
    },
    "first_peak_spread": {
        "mean": 0,
        "var": 0
    },
    "first_peak_weight": {
        "mean": 0,
        "var": 0
    },
    "onset_rate": 5.38297224045,
    "second_peak_bpm": {
        "mean": 0,
        "var": 0
    },
    "second_peak_spread": {
        "mean": 0,
        "var": 0
    },
    "second_peak_weight": {
        "mean": 0,
        "var": 0
    },
    "beats_position": [],
    "bpm_estimates": [],
    "bpm_intervals": [],
    "onset_times": [0.0116099771112, 0.359909296036],
    "histogram": [[0, 0, 0, 0, 0, 0, 0, 0, 0, 0, 0, 0, 0, 0, 0, 0, 0, 0, 0, 0, 0, 0, 0, 0, 0, 0, 0, 0, 0, 0, 0, 0, 0, 0, 0, 0, 0, 0, 0, 0, 0, 0, 0, 0, 0, 0, 0, 0, 0, 0, 0, 0, 0, 0, 0, 0, 0, 0, 0, 0, 0, 0, 0, 0, 0, 0, 0, 0, 0, 0, 0, 0, 0, 0, 0, 0, 0, 0, 0, 0, 0, 0, 0, 0, 0, 0, 0, 0, 0, 0, 0, 0, 0, 0, 0, 0, 0, 0, 0, 0, 0, 0, 0, 0, 0, 0, 0, 0, 0, 0, 0, 0, 0, 0, 0, 0, 0, 0, 0, 0, 0, 0, 0, 0, 0, 0, 0, 0, 0, 0, 0, 0, 0, 0, 0, 0, 0, 0, 0, 0, 0, 0, 0, 0, 0, 0, 0, 0, 0, 0, 0, 0, 0, 0, 0, 0, 0, 0, 0, 0, 0, 0, 0, 0, 0, 0, 0, 0, 0, 0, 0, 0, 0, 0, 0, 0, 0, 0, 0, 0, 0, 0, 0, 0, 0, 0, 0, 0, 0, 0, 0, 0, 0, 0, 0, 0, 0, 0, 0, 0, 0, 0, 0, 0, 0, 0, 0, 0, 0, 0, 0, 0, 0, 0, 0, 0, 0, 0, 0, 0, 0, 0, 0, 0, 0, 0, 0, 0, 0, 0, 0, 0, 0, 0, 0, 0, 0, 0, 0, 0, 0, 0, 0, 0, 0, 0, 0, 0, 0, 0]]
},
"sfx": {
    "inharmonicity": {
        "mean": 0.0908328294754,
        "var": 0.00658362545073
    },
    "oddtoevenharmonicenergyratio": {
        "mean": 1.74987769127,
        "var": 12.9798774719
    },
    "pitch_after_max_to_before_max_energy_ratio": 0.966009378433,
    "pitch_centroid": 13.1102819443,
    "pitch_max_to_total": 0.944444417953,
    "pitch_min_to_total": 0.666666686535,
    "tristimulus": {
        "mean": [0.254229038954, 0.422374993563, 0.267840415239],
        "var": [0.0703112483025, 0.0581524036825, 0.0334210135043]
    }
},
"tonal": {
    "chords_changes_rate": 0,
    "chords_number_rate": 0.10000000149,
    "chords_strength": {
        "mean": 0.449730575085,
        "var": 8.881784197e-16
    },
    "key_strength": 0.489588022232,
    "tuning_diatonic_strength": 0.364229857922,
    "tuning_equal_tempered_deviation": 0.256769955158,
    "tuning_frequency": 434.695007324,
    "tuning_nontempered_energy_ratio": 0.957904040813,
    "hpcp": {
        "mean": [0.0999894589186, 0.0519637465477, 0.14265191555, 0.188333749771, 0.224854677916, 0.292532682419, 0.280202686787, 0.198865190148, 0.110371157527, 0.0494795292616, 0.0159918349236, 0.0819625928998, 0.206712797284, 0.156311944127, 0.0366827361286, 0.023015730083, 0.0507470294833, 0.119176670909, 0.0919400006533, 0.0237916279584, 0.0218094997108, 0.0288836844265, 0.078992292285, 0.200539946556, 0.351708799601, 0.379253000021, 0.220710560679, 0.0982177108526, 0.133117988706, 0.127270877361, 0.0496600829065, 0.0237135402858, 0.0173647236079, 0.0678375735879, 0.278212726116, 0.300571173429],