{
"metadata": {
    "version": {
        "essentia": "2.1-dev"
    }
},
"lowLevel": {
    "barkbands_kurtosis": {
        "mean": 4.60166549683,
        "var": 13.0812244415
    },
    "dissonance": {
        "mean": 0.288354247808,
        "var": 0.00525075849146
    },
    "hfc": {
        "mean": 18.1655635834,
        "var": 71.1252593994
    },
    "spectral_centroid": {
        "mean": 899.500488281,
        "var": 945.110534668
    },
    "spectral_complexity": {
        "mean": 2.16577529907,
        "var": 0.138293713331
    },
    "spectral_crest": {
        "mean": 22.8667793274,
        "var": 1.38026154041
    },
    "spectral_energyband_high": {
        "mean": 1.20013316973e-06,
        "var": 4.86047291824e-13
    },
    "spectral_energyband_low": {
        "mean": 1.10717110147e-07,
        "var": 9.83220005657e-15
    },
    "spectral_kurtosis": {
        "mean": 36.5761680603,
        "var": 171.376159668
    },
    "spectral_rolloff": {
        "mean": 1099.92248535,
        "var": 131049.210938
    },
    "spectral_strongpeak": {
        "mean": 4.00636768341,
        "var": 0.525648057461
    },
    "mfcc": {
        "mean": [-950.073608398, 66.4485168457, -106.24105835, -62.2354049683, -26.9613170624, -11.386007309, 11.3802957535, 23.3567447662, 47.7777290344, 49.1750602722, 8.45050525665, -46.1452713013, -70.7015304565],
        "var": [251.479522705, 176.89024353, 119.24420166, 61.7626342773, 37.9137763977, 47.677066803, 44.2185974121, 40.8728218079, 59.8413772583, 34.6162643433, 30.3168849945, 42.2875938416, 31.020980835]
    },
    "sccoeffs": {
        "mean": [-0.823951840401, -0.867471814156, -0.283803492785, -0.522287786007, -0.761161744595, -0.861517429352],
        "var": [0.00282609649003, 0.00127084134147, 0.000464533542981, 0.00180732039735, 0.00145575497299, 0.000272408040473]
    }
},
"sfx": {
    "inharmonicity": {
        "mean": 0.000351629161742,
        "var": 4.11793266153e-08
    }
}
}