{
"metadata": {
    "version": {
        "essentia": "2.1-dev"
    }
},
"lowLevel": {
    "barkbands_kurtosis": {
        "mean": 6.2887430191,
        "var": 2.56758737564
    },
    "dissonance": {
        "mean": 0.143783211708,
        "var": 0.000613716430962
    },
    "hfc": {
        "mean": 15.9568786621,
        "var": 19.2350540161
    },
    "spectral_centroid": {
        "mean": 438.65020752,
        "var": 87.1432800293
    },
    "spectral_complexity": {
        "mean": 7.49230766296,
        "var": 1.94224858284
    },
    "spectral_crest": {
        "mean": 10.4811067581,
        "var": 0.237946912646
    },
    "spectral_energyband_high": {
        "mean": 1.64720262319e-07,
        "var": 4.6091611227e-15
    },
    "spectral_energyband_low": {
        "mean": 0.000146473234054,
        "var": 7.86679998921e-10
    },
    "spectral_kurtosis": {
        "mean": 154.607299805,
        "var": 731.177490234
    },
    "spectral_rolloff": {
        "mean": 530.379333496,
        "var": 107.990577698
    },
    "spectral_strongpeak": {
        "mean": 2.40071868896,
        "var": 0.132690176368
    },
    "mfcc": {
        "mean": [-851.947570801, 255.65057373, 21.3055057526, -49.507648468, -20.6914234161, -18.0928764343, -43.3506774902, -54.0156974792, -37.6795463562, -10.8825788498, 2.89344525337, 4.17401885986, 11.2358703613],
        "var": [351.708770752, 70.4903869629, 190.37310791, 65.0586547852, 73.9285202026, 22.9126338959, 35.2151222229, 15.9910306931, 25.5888442993, 8.3958902359, 20.4564418793, 16.9809436798, 34.2752380371]
    },
    "sccoeffs": {
        "mean": [-0.439154952765, -0.281393408775, -0.608175098896, -0.63443171978, -0.81755810976, -0.874059617519],
        "var": [0.00104654661845, 0.0021087678615, 0.00167890777811, 0.00200543180108, 0.000659850018565, 0.000158941009431]
    }
},
"sfx": {
    "inharmonicity": {
        "mean": 0.0115517005324,
        "var": 6.26512919553e-05
    }
}
}