{
"metadata": {
    "version": {
        "essentia": "2.1-dev"
    }
},
"lowLevel": {
    "average_loudness": 0.952614843845,
    "barkbands_kurtosis": {
        "mean": 7.4162311554,
        "var": 25.0987606049
    },
    "barkbands_skewness": {
        "mean": 1.34446406364,
        "var": 1.01880729198
    },
    "barkbands_spread": {
        "mean": 4.06531047821,
        "var": 54.6701049805
    },
    "dissonance": {
        "mean": 0.208596542478,
        "var": 0.0171897523105
    },
    "hfc": {
        "mean": 10.2402915955,
        "var": 68.4134521484
    },
    "pitch": {
        "mean": 181.351470947,
        "var": 69146.9921875
    },
    "pitch_instantaneous_confidence": {
        "mean": 0.695671975613,
        "var": 0.0494078658521
    },
    "pitch_salience": {
        "mean": 0.614470720291,
        "var": 0.00835557840765
    },
    "silence_rate_20dB": {
        "mean": 1,
        "var": 0
    },
    "silence_rate_30dB": {
        "mean": 1,
        "var": 0
    },
    "silence_rate_60dB": {
        "mean": 0.310679614544,
        "var": 0.214157700539
    },
    "spectral_centroid": {
        "mean": 408.031768799,
        "var": 22437.546875
    },
    "spectral_complexity": {
        "mean": 5.04854345322,
        "var": 12.2015275955
    },
    "spectral_crest": {
        "mean": 10.5453872681,
        "var": 2.91466903687
    },
    "spectral_decrease": {
        "mean": -5.9258127294e-09,
        "var": 2.2398667942e-17
    },
    "spectral_energy": {
        "mean": 0.0232941713184,
        "var": 0.000346416345565
    },
    "spectral_energyband_high": {
        "mean": 1.09919142233e-07,
        "var": 8.43263565936e-15
    },
    "spectral_energyband_low": {
        "mean": 9.56646981649e-05,
        "var": 5.01447194878e-09
    },
    "spectral_energyband_middle_high": {
        "mean": 0.000256853061728,
        "var": 7.41733359177e-08
    },
    "spectral_energyband_middle_low": {
        "mean": 0.0229669120163,
        "var": 0.000335382937919
    },
    "spectral_flatness_db": {
        "mean": 0.39508420229,
        "var": 0.012633270584
    },
    "spectral_flux": {
        "mean": 0.0112284198403,
        "var": 0.000227879456361
    },
    "spectral_kurtosis": {
        "mean": 112.735542297,
        "var": 4940.71044922
    },
    "spectral_rms": {
        "mean": 0.0039112502709,
        "var": 7.42813654142e-06
    },
    "spectral_rolloff": {
        "mean": 507.180358887,
        "var": 84567.1640625
    },
    "spectral_skewness": {
        "mean": 8.3024225235,
        "var": 14.9460945129
    },
    "spectral_spread": {
        "mean": 2839209.75,
        "var": 1.26990753464e+13
    },
    "spectral_strongpeak": {
        "mean": 1.59673404694,
        "var": 1.24584972858
    },
    "zerocrossingrate": {
        "mean": 0.0220722090453,
        "var": 9.17627403396e-05
    },
    "barkbands": {
        "mean": [2.21148795276e-07, 3.30873717758e-07, 7.17294824426e-05, 2.4003587896e-05, 0.00086932699196, 0.00892742350698, 0.0063162446022, 0.00667521404102, 0.000151596759679, 1.1820614418e-05, 5.66079688724e-05, 0.00011458795052, 4.40838230134e-05, 1.28787214635e-05, 1.35898908411e-05, 4.18875652031e-06, 6.45542641564e-08, 8.90089637551e-08, 1.02520473888e-07, 1.91814724104e-08, 3.34456977669e-08, 2.16165414457e-08, 2.26742997711e-08, 1.25691084207e-08, 6.40773167859e-09, 1.11545062076e-09, 1.18972665053e-09],
        "var": [3.99477644703e-14, 5.44650926465e-14, 2.87220158768e-09, 3.12324638374e-10, 3.95931238018e-07, 4.99246125401e-05, 2.50323664659e-05, 3.27668058162e-05, 4.83269637641e-08, 3.20840909396e-10, 3.58404217415e-09, 2.05477519444e-08, 2.8052034029e-09, 1.7572175659e-10, 2.69549826903e-10, 4.28310199807e-11, 4.49067349536e-15, 6.44551203521e-15, 9.69419467254e-15, 3.51540669497e-16, 1.18047572551e-15, 3.76029450794e-16, 4.63883575734e-16, 1.57228214433e-16, 3.20845624857e-17, 2.57496940631e-18, 2.93048315498e-18]
    },
    "mfcc": {
        "mean": [-930.280334473, 192.230529785, 29.0026187897, -26.0950489044, -11.6160354614, -12.4184684753, -31.3625488281, -39.1725654602, -26.9966583252, -7.39217281342, 2.80652737617, 4.17002534866, 8.85365867615],
        "var": [12365.6064453, 8748.0703125, 480.851379395, 1060.31542969, 291.502960205, 190.748641968, 497.188903809, 644.388977051, 329.279937744, 56.2329902649, 22.4392108917, 16.4454154968, 41.3186187744]
    },
    "sccoeffs": {
        "mean": [-0.547026753426, -0.442270308733, -0.695917725563, -0.714214503765, -0.844850540161, -0.886146485806],
        "var": [0.02759363316, 0.0626648887992, 0.0161337386817, 0.0127421561629, 0.00187782326248, 0.00041454914026]
    },
    "scvalleys": {
        "mean": [-8.88614845276, -8.42974090576, -9.41919517517, -10.1642856598, -11.8865127563, -12.5254936218],
        "var": [0.690880656242, 2.96571087837, 2.22156047821, 1.90818321705, 0.829492688179, 0.821472465992]
    }
},
"rhythm": {
    "beats_loudness": {
        "mean": 0.0303047802299,
        "var": 0.000290916883387
    },
    "bpm": 156.605102539,
    "confidence": 0,
    "first_peak_bpm": {
        "mean": 157,
        "var": 0
    },
    "first_peak_spread": {
        "mean": 0,
        "var": 0
    },
    "first_peak_weight": {
        "mean": 1,
        "var": 0
    },
    "onset_rate": 0.851976335049,
    "second_peak_bpm": {
        "mean": 0,
        "var": 0
    },
    "second_peak_spread": {
        "mean": 0,
        "var": 0
    },
    "second_peak_weight": {
        "mean": 0,
        "var": 0
    },
    "beats_loudness_band_ratio": {
        "mean": [0.00687235128134, 0.643665313721, 0.727337360382, 0.00722157210112, 0.000952121044975, 1.68719125213e-05],
        "var": [3.79260563932e-05, 0.00409141555429, 0.00132756505627, 1.63243839779e-05, 2.3994584808e-07, 2.97652708037e-10]
    },
    "beats_position": [0.371519267559, 0.754648506641, 1.13777780533, 1.52090704441, 1.90403628349],
    "bpm_estimates": [156.605117798, 156.60508728, 156.605117798, 156.605117798],
    "bpm_intervals": [0.383129239082, 0.383129298687, 0.383129239082, 0.383129239082],
    "onset_times": [0.139319732785, 2.13623571396],
    "histogram": [[0, 0, 0, 0, 0, 0, 0, 0, 0, 0, 0, 0, 0, 0, 0, 0, 0, 0, 0, 0, 0, 0, 0, 0, 0, 0, 0, 0, 0, 0, 0, 0, 0, 0, 0, 0, 0, 0, 0, 0, 0, 0, 0, 0, 0, 0, 0, 0, 0, 0, 0, 0, 0, 0, 0, 0, 0, 0, 0, 0, 0, 0, 0, 0, 0, 0, 0, 0, 0, 0, 0, 0, 0, 0, 0, 0, 0, 0, 0, 0, 0, 0, 0, 0, 0, 0, 0, 0, 0, 0, 0, 0, 0, 0, 0, 0, 0, 0, 0, 0, 0, 0, 0, 0, 0, 0, 0, 0, 0, 0, 0, 0, 0, 0, 0, 0, 0, 0, 0, 0, 0, 0, 0, 0, 0, 0, 0, 0, 0, 0, 0, 0, 0, 0, 0, 0, 0, 0, 0, 0, 0, 0, 0, 0, 0, 0, 0, 0, 0, 0, 0, 0, 0, 0, 0, 0, 0, 1, 0, 0, 0, 0, 0, 0, 0, 0, 0, 0, 0, 0, 0, 0, 0, 0, 0, 0, 0, 0, 0, 0, 0, 0, 0, 0, 0, 0, 0, 0, 0, 0, 0, 0, 0, 0, 0, 0, 0, 0, 0, 0, 0, 0, 0, 0, 0, 0, 0, 0, 0, 0, 0, 0, 0, 0, 0, 0, 0, 0, 0, 0, 0, 0, 0, 0, 0, 0, 0, 0, 0, 0, 0, 0, 0, 0, 0, 0, 0, 0, 0, 0, 0, 0, 0, 0, 0, 0, 0, 0, 0, 0]]
},
"sfx": {
    "inharmonicity": {
        "mean": 0.0296763796359,
        "var": 0.00277837133035
    },
    "oddtoevenharmonicenergyratio": {
        "mean": 0.742404222488,
        "var": 2.42111873627
    },
    "pitch_after_max_to_before_max_energy_ratio": 1.03300333023,
    "pitch_centroid": 62.1168174744,
    "pitch_max_to_total": 0.893203854561,
    "pitch_min_to_total": 0.980582535267,
    "tristimulus": {
        "mean": [0.0815485268831, 0.720203340054, 0.198248147964],
        "var": [0.016222409904, 0.0376124531031, 0.0170428864658]
    }
},
"tonal": {
    "chords_changes_rate": 0,
    "chords_number_rate": 0.0192307699472,
    "chords_strength": {
        "mean": 0.56711858511,
        "var": 0.000713927380275
    },
    "key_strength": 0.762840867043,
    "tuning_diatonic_strength": 0.627006113529,
    "tuning_equal_tempered_deviation": 0.0719855651259,
    "tuning_frequency": 444.341888428,
    "tuning_nontempered_energy_ratio": 0.600524306297,