{
"metadata": {
    "version": {
        "essentia": "2.1-dev"
    }
},
"lowLevel": {
    "barkbands_kurtosis": {
        "mean": 11.7462940216,
        "var": 10.7253484726
    },
    "dissonance": {
        "mean": 0.174437999725,
        "var": 0.00229369685985
    },
    "hfc": {
        "mean": 20.09623909,
        "var": 31.6016807556
    },
    "spectral_centroid": {
        "mean": 536.42010498,
        "var": 39.6574211121
    },
    "spectral_complexity": {
        "mean": 7.5,
        "var": 0.75
    },
    "spectral_crest": {
        "mean": 22.7322120667,
        "var": 1.48531639576
    },
    "spectral_energyband_high": {
        "mean": 7.59523913985e-07,
        "var": 8.31872209463e-14
    },
    "spectral_energyband_low": {
        "mean": 0.00011416921916,
        "var": 4.05115940794e-10
    },
    "spectral_kurtosis": {
        "mean": 98.8245010376,
        "var": 236.795471191
    },
    "spectral_rolloff": {
        "mean": 538.329772949,
        "var": 9.31322574615e-08
    },
    "spectral_strongpeak": {
        "mean": 3.66072893143,
        "var": 0.400549501181
    },
    "mfcc": {
        "mean": [-820.000976562, 236.885437012, -21.7754306793, -55.031452179, -39.8661727905, -23.6517238617, -31.0256004333, -40.6586112976, -15.7157249451, -11.6299800873, -6.70247411728, -3.06758975983, -10.6717939377],
        "var": [288.927124023, 18.2861671448, 127.340209961, 22.3975105286, 27.011516571, 30.7828407288, 23.8347167969, 12.6642494202, 22.7760391235, 19.4490127563, 8.41473007202, 18.5808677673, 22.0521240234]
    },
    "sccoeffs": {
        "mean": [-0.436216980219, -0.226928412914, -0.481206417084, -0.533159911633, -0.752166032791, -0.847212195396],
        "var": [0.000740214367397, 0.000973364221863, 0.00184744119179, 0.001472036005, 0.000727203499991, 0.000217239197809]
    }
},
"sfx": {
    "inharmonicity": {
        "mean": 0.0178829859942,
        "var": 2.2915439331e-05
    }
}
}