{
"metadata": {
    "version": {
        "essentia": "2.1-dev"
    }
},
"lowLevel": {
    "average_loudness": 0.964814722538,
    "barkbands_kurtosis": {
        "mean": 8.45674705505,
        "var": 273.70425415
    },
    "barkbands_skewness": {
        "mean": 0.569996416569,
        "var": 4.20284748077
    },
    "barkbands_spread": {
        "mean": 3.06214880943,
        "var": 23.2383899689
    },
    "dissonance": {
        "mean": 0.213565737009,
        "var": 0.0189351718873
    },
    "hfc": {
        "mean": 26.902141571,
        "var": 488.468902588
    },
    "pitch": {
        "mean": 194.859436035,
        "var": 3992.52441406
    },
    "pitch_instantaneous_confidence": {
        "mean": 0.766216993332,
        "var": 0.0748185068369
    },
    "pitch_salience": {
        "mean": 0.579666376114,
        "var": 0.00983746908605
    },
    "silence_rate_20dB": {
        "mean": 1,
        "var": 0
    },
    "silence_rate_30dB": {
        "mean": 0.894230782986,
        "var": 0.0945822894573
    },
    "silence_rate_60dB": {
        "mean": 0.288461536169,
        "var": 0.2052513659
    },
    "spectral_centroid": {
        "mean": 459.191253662,
        "var": 18498.8222656
    },
    "spectral_complexity": {
        "mean": 4.18269252777,
        "var": 8.20701313019
    },
    "spectral_crest": {
        "mean": 14.9147634506,
        "var": 12.4690027237
    },
    "spectral_decrease": {
        "mean": -1.27308270592e-08,
        "var": 1.05032866318e-16
    },
    "spectral_energy": {
        "mean": 0.0504890866578,
        "var": 0.00165510666557
    },
    "spectral_energyband_high": {
        "mean": 2.59758166976e-07,
        "var": 9.43424957839e-14
    },
    "spectral_energyband_low": {
        "mean": 1.98036013899e-06,
        "var": 2.29100093931e-12
    },
    "spectral_energyband_middle_high": {
        "mean": 0.000657602562569,
        "var": 6.05507125329e-07
    },
    "spectral_energyband_middle_low": {
        "mean": 0.0501612238586,
        "var": 0.00162933382671
    },
    "spectral_flatness_db": {
        "mean": 0.422785282135,
        "var": 0.0142033584416
    },
    "spectral_flux": {
        "mean": 0.0193180274218,
        "var": 0.000372635025997
    },
    "spectral_kurtosis": {
        "mean": 128.131210327,
        "var": 7125.54492188
    },
    "spectral_rms": {
        "mean": 0.00575784314424,
        "var": 1.61048974405e-05
    },
    "spectral_rolloff": {
        "mean": 547.233154297,
        "var": 34585.1953125
    },
    "spectral_skewness": {
        "mean": 8.99123382568,
        "var": 18.1396255493
    },
    "spectral_spread": {
        "mean": 2490367.25,
        "var": 7.36565972173e+12
    },
    "spectral_strongpeak": {
        "mean": 3.49814844131,
        "var": 6.71561002731
    },
    "zerocrossingrate": {
        "mean": 0.0254798308015,
        "var": 4.56194429717e-05
    },
    "barkbands": {
        "mean": [4.59668484609e-07, 4.65282596451e-07, 1.06682243484e-07, 0.00018356271903, 0.00149829499424, 0.00784846022725, 0.00570901995525, 0.0322695896029, 0.00219622184522, 0.000551538076252, 0.000138325034641, 3.25633664033e-05, 3.53014693246e-05, 1.34556330522e-05, 6.95573362464e-06, 4.23775236413e-06, 1.44942404745e-07, 1.05488439317e-07, 1.25462506162e-07, 7.63212710808e-08, 1.14831898657e-07, 2.85104313491e-08, 1.59374327069e-08, 2.13161754914e-08, 1.78002110829e-08, 2.50030951499e-09, 2.66603783494e-09],
        "var": [3.8788229898e-13, 2.32328723317e-13, 8.52187566255e-15, 1.79164221237e-08, 1.27507291836e-06, 3.54883813998e-05, 1.9925621018e-05, 0.000744426681194, 6.35605829302e-06, 4.65870442667e-07, 2.35953230288e-08, 1.54318580137e-09, 1.61155966349e-09, 2.21044932358e-10, 9.5936522615e-11, 4.83672511764e-11, 3.06640970211e-14, 1.94055536207e-14, 4.04460604006e-14, 1.42282781829e-14, 2.77330530096e-14, 1.52077777658e-15, 2.69178547368e-16, 3.39556900299e-16, 2.64712301456e-16, 1.64497785367e-17, 1.87139191114e-17]
    },
    "mfcc": {
        "mean": [-923.101501465, 192.541885376, 21.8232898712, -41.906539917, -39.5409393311, -28.1743679047, -31.9438266754, -27.9762649536, -4.585085392, 4.13284444809, 2.84519672394, -0.994872808456, -6.80607175827],
        "var": [13162.5605469, 8483.25390625, 461.039550781, 1288.77404785, 862.287536621, 465.990997314, 540.151611328, 455.378417969, 77.8616867065, 33.6746063232, 55.678894043, 67.1061859131, 100.150390625]
    },
    "sccoeffs": {
        "mean": [-0.513411402702, -0.378893107176, -0.614010870457, -0.714479863644, -0.850220322609, -0.877847313881],
        "var": [0.0363179519773, 0.0817202180624, 0.0311474129558, 0.0138875599951, 0.00201145955361, 0.000537555257324]
    },
    "scvalleys": {
        "mean": [-9.1635017395, -8.63347530365, -9.7930316925, -10.39382267, -11.7701559067, -12.4364051819],
        "var": [0.405235439539, 2.24752020836, 1.56231117249, 1.20541763306, 0.763040661812, 0.900657594204]
    }
},
"rhythm": {
    "beats_loudness": {
        "mean": 0.0752316787839,
        "var": 0.00118004763499
    },
    "bpm": 124.547439575,
    "confidence": 0,
    "first_peak_bpm": {
        "mean": 123,
        "var": 0
    },
    "first_peak_spread": {
        "mean": 0.5,
        "var": 0
    },
    "first_peak_weight": {
        "mean": 0.333333343267,
        "var": 0
    },
    "onset_rate": 2.09278488159,
    "second_peak_bpm": {
        "mean": 136,
        "var": 0
    },
    "second_peak_spread": {
        "mean": 0,
        "var": 0
    },
    "second_peak_weight": {
        "mean": 0.333333343267,
        "var": 0
    },
    "beats_loudness_band_ratio": {
        "mean": [0.0312233045697, 0.301701813936, 0.870235860348, 0.0132726244628, 0.000307100330247, 5.21859510627e-06],
        "var": [5.97937869316e-05, 0.00976500473917, 0.00151759630535, 4.09586500609e-05, 2.84738828071e-08, 7.3019290267e-12]
    },
    "beats_position": [0.452789098024, 0.9287981987, 1.369977355, 1.8575963974],
    "bpm_estimates": [126.04801178, 123.046875],
    "bpm_intervals": [0.476009100676, 0.441179156303, 0.487619042397],
    "onset_times": [0.174149662256, 0.592108845711, 0.766258478165, 1.17260766029, 1.39319729805],
    "histogram": [[0, 0, 0, 0, 0, 0, 0, 0, 0, 0, 0, 0, 0, 0, 0, 0, 0, 0, 0, 0, 0, 0, 0, 0, 0, 0, 0, 0, 0, 0, 0, 0, 0, 0, 0, 0, 0, 0, 0, 0, 0, 0, 0, 0, 0, 0, 0, 0, 0, 0, 0, 0, 0, 0, 0, 0, 0, 0, 0, 0, 0, 0, 0, 0, 0, 0, 0, 0, 0, 0, 0, 0, 0, 0, 0, 0, 0, 0, 0, 0, 0, 0, 0, 0, 0, 0, 0, 0, 0, 0, 0, 0, 0, 0, 0, 0, 0, 0, 0, 0, 0, 0, 0, 0, 0, 0, 0, 0, 0, 0, 0, 0, 0, 0, 0, 0, 0, 0, 0, 0, 0, 0, 0, 0.333333343267, 0, 0, 0.333333343267, 0, 0, 0, 0, 0, 0, 0, 0, 0, 0.333333343267, 0, 0, 0, 0, 0, 0, 0, 0, 0, 0, 0, 0, 0, 0, 0, 0, 0, 0, 0, 0, 0, 0, 0, 0, 0, 0, 0, 0, 0, 0, 0, 0, 0, 0, 0, 0, 0, 0, 0, 0, 0, 0, 0, 0, 0, 0, 0, 0, 0, 0, 0, 0, 0, 0, 0, 0, 0, 0, 0, 0, 0, 0, 0, 0, 0, 0, 0, 0, 0, 0, 0, 0, 0, 0, 0, 0, 0, 0, 0, 0, 0, 0, 0, 0, 0, 0, 0, 0, 0, 0, 0, 0, 0, 0, 0, 0, 0, 0, 0, 0, 0, 0, 0, 0, 0, 0, 0, 0, 0, 0, 0, 0, 0]]
},
"sfx": {
    "inharmonicity": {
        "mean": 0.033289488405,
        "var": 0.00311940023676
    },
    "oddtoevenharmonicenergyratio": {
        "mean": 0.754456460476,
        "var": 1.41944205761
    },
    "pitch_after_max_to_before_max_energy_ratio": 0.127478048205,
    "pitch_centroid": 52.4525794983,
    "pitch_max_to_total": 0.942307710648,
    "pitch_min_to_total": 0.0576923079789,
    "tristimulus": {
        "mean": [0.151964887977, 0.702823758125, 0.145211279392],
        "var": [0.0153324492276, 0.0551929287612, 0.0275763403624]
    }
},
"tonal": {
    "chords_changes_rate": 0.0377358496189,
    "chords_number_rate": 0.0377358496189,
    "chords_strength": {
        "mean": 0.593218624592,
        "var": 0.00048606027849
    },
    "key_strength": 0.73269200325,
    "tuning_diatonic_strength": 0.620898067951,
    "tuning_equal_tempered_deviation": 0.134237065911,
    "tuning_frequency": 444.085327148,
    "tuning_nontempered_energy_ratio": 0.686717927456,