{
"metadata": {
    "version": {
        "essentia": "2.1-dev"
    }
},
"lowLevel": {
    "barkbands_kurtosis": {
        "mean": 2.64645266533,
        "var": 2.46239948273
    },
    "dissonance": {
        "mean": 0.135770559311,
        "var": 0.00179506232962
    },
    "hfc": {
        "mean": 39.2697181702,
        "var": 233.032150269
    },
    "spectral_centroid": {
        "mean": 525.822814941,
        "var": 530.081726074
    },
    "spectral_complexity": {
        "mean": 5.88732385635,
        "var": 2.18448734283
    },
    "spectral_crest": {
        "mean": 16.6754493713,
        "var": 4.05537176132
    },
    "spectral_energyband_high": {
        "mean": 3.73440741441e-07,
        "var": 9.71279195852e-14
    },
    "spectral_energyband_low": {
        "mean": 2.59789908341e-06,
        "var": 2.03378611695e-12
    },
    "spectral_kurtosis": {
        "mean": 177.665725708,
        "var": 1856.81713867
    },
    "spectral_rolloff": {
        "mean": 602.323120117,
        "var": 12.693447113
    },
    "spectral_strongpeak": {
        "mean": 5.06799221039,
        "var": 2.02949571609
    },
    "mfcc": {
        "mean": [-850.393615723, 250.579696655, 15.9628391266, -64.8738632202, -56.3622169495, -39.2863349915, -45.4736557007, -40.9862213135, -8.69786262512, 2.8035466671, 0.819795846939, -4.37687301636, -12.069688797],
        "var": [1046.09997559, 106.926345825, 426.729522705, 80.3652877808, 53.736240387, 29.7637500763, 34.2257347107, 47.4256591797, 40.8967208862, 26.7811546326, 40.8229064941, 36.7347106934, 46.638961792]
    },
    "sccoeffs": {
        "mean": [-0.391217768192, -0.196456745267, -0.50642311573, -0.641334176064, -0.830386042595, -0.870596110821],
        "var": [0.000926016073208, 0.00142275600228, 0.00456402311102, 0.00302575016394, 0.00148106098641, 0.000483649870148]
    }
},
"sfx": {
    "inharmonicity": {
        "mean": 0.0113532263786,
        "var": 2.48882861342e-05
    }
}
}