{
"metadata": {
    "version": {
        "essentia": "2.1-dev"
    }
},
"lowLevel": {
    "barkbands_kurtosis": {
        "mean": 0.551117062569,
        "var": 0.0363118872046
    },
    "dissonance": {
        "mean": 0.442809045315,
        "var": 0.00127626850735
    },
    "hfc": {
        "mean": 60.6000366211,
        "var": 315.19934082
    },
    "spectral_centroid": {
        "mean": 1608.68432617,
        "var": 14658.5527344
    },
    "spectral_complexity": {
        "mean": 8.90384578705,
        "var": 1.52921700478
    },
    "spectral_crest": {
        "mean": 7.32160425186,
        "var": 0.868079125881
    },
    "spectral_energyband_high": {
        "mean": 0.000176697198185,
        "var": 1.17358318619e-08
    },
    "spectral_energyband_low": {
        "mean": 1.66165214921e-08,
        "var": 1.7169823709e-16
    },
    "spectral_kurtosis": {
        "mean": 17.5984077454,
        "var": 90.2056350708
    },
    "spectral_rolloff": {
        "mean": 2298.04614258,
        "var": 87639.296875
    },
    "spectral_strongpeak": {
        "mean": 7.3374838829,
        "var": 0.872255384922
    },
    "mfcc": {
        "mean": [-754.844665527, 15.2472686768, -183.943878174, -16.1639728546, -49.0588912964, -21.1294345856, -36.3023109436, -13.4806041718, -16.4856796265, 4.38058567047, 19.6069869995, 26.5230331421, 41.5138320923],
        "var": [979.173217773, 504.967315674, 57.8435516357, 135.344940186, 41.2944068909, 18.9958343506, 21.108127594, 27.9598560333, 35.7109642029, 15.998210907, 16.3832130432, 12.0711927414, 12.3351097107]
    },
    "sccoeffs": {
        "mean": [-0.890960812569, -0.406548917294, -0.407528460026, -0.419844180346, -0.530957877636, -0.653918623924],
        "var": [0.00126454001293, 0.000876638223417, 0.000580162450206, 0.000871285737958, 0.00163175677881, 0.00259760185145]
    }
},
"sfx": {
    "inharmonicity": {
        "mean": 0.00542155839503,
        "var": 5.68467112316e-06
    }
}
}