{
"metadata": {
    "version": {
        "essentia": "2.1-dev"
    }
},
"lowLevel": {
    "barkbands_kurtosis": {
        "mean": 46.2985649109,
        "var": 2939.72729492
    },
    "dissonance": {
        "mean": 0.43356782198,
        "var": 0.00888686068356
    },
    "hfc": {
        "mean": 98.200088501,
        "var": 349.513061523
    },
    "spectral_centroid": {
        "mean": 1528.68652344,
        "var": 8522.58886719
    },
    "spectral_complexity": {
        "mean": 2.9081633091,
        "var": 0.0834029316902
    },
    "spectral_crest": {
        "mean": 25.3831481934,
        "var": 2.82154226303
    },
    "spectral_energyband_high": {
        "mean": 0.000180089860805,
        "var": 9.91522330906e-09
    },
    "spectral_energyband_low": {
        "mean": 2.19218335928e-07,
        "var": 5.34833475793e-14
    },
    "spectral_kurtosis": {
        "mean": 18.9011688232,
        "var": 40.3505859375
    },
    "spectral_rolloff": {
        "mean": 1571.58972168,
        "var": 140899.015625
    },
    "spectral_strongpeak": {
        "mean": 12.880364418,
        "var": 10.7126464844
    },
    "mfcc": {
        "mean": [-920.03326416, -29.1808681488, -99.7411727905, -18.5849723816, 13.3200111389, 44.6528358459, 21.2373390198, -14.1578531265, -40.9354858398, -4.41256570816, 63.7568740845, 43.4804420471, -49.863822937],
        "var": [326.029083252, 256.49130249, 112.830215454, 63.9912567139, 44.2276916504, 71.0196990967, 51.6420516968, 86.3428344727, 52.3973503113, 44.5361709595, 48.1385765076, 43.7775535583, 29.5926971436]
    },
    "sccoeffs": {
        "mean": [-0.779975473881, -0.88444596529, -0.882901787758, -0.31487506628, -0.519417643547, -0.78361582756],
        "var": [0.00265802629292, 0.000592659693211, 0.000484594173031, 0.000458119640825, 0.00191024690866, 0.000585390953347]
    }
},
"sfx": {
    "inharmonicity": {
        "mean": 4.44661854999e-05,
        "var": 3.49356499285e-09
    }
}
}