{"lowlevel.dissonance.mean": [0.28508245944976807], "sfx.inharmonicity.mean": [0.3198924958705902], "lowlevel.spectral_contrast.mean": [[0.28437137603759766, 1.087608814239502, 1.006218433380127, 0.9959151744842529, 0.6531682014465332, 0.40084242820739746]], "lowlevel.spectral_centroid.mean": [0.36061471700668335], "lowlevel.mfcc.mean": [[0.3712252378463745, 0.30301523208618164, 0.0009086430072784424, 0.19904252886772156, 0.3108532130718231, 0.15390637516975403, 0.11346575617790222, 0.22480717301368713, 0.49731090664863586, 0.66777503490448, 0.8820704221725464, 0.9391796588897705, 1.3379298448562622]], "sfx.logattacktime.mean": [0.4457579255104065], "lowlevel.hfc.mean": [0.47065454721450806]}