{
"metadata": {
    "version": {
        "essentia": "2.1-dev"
    }
},
"lowLevel": {
    "barkbands_kurtosis": {
        "mean": 1.56406092644,
        "var": 0.561601102352
    },
    "dissonance": {
        "mean": 0.311506122351,
        "var": 0.0015765390126
    },
    "hfc": {
        "mean": 18.6692771912,
        "var": 12.9472312927
    },
    "spectral_centroid": {
        "mean": 701.966552734,
        "var": 935.483459473
    },
    "spectral_complexity": {
        "mean": 5.66176462173,
        "var": 0.625792682171
    },
    "spectral_crest": {
        "mean": 19.4823207855,
        "var": 1.31913101673
    },
    "spectral_energyband_high": {
        "mean": 8.98713824427e-06,
        "var": 6.50723442144e-12
    },
    "spectral_energyband_low": {
        "mean": 9.53367731427e-08,
        "var": 1.21683169251e-14
    },
    "spectral_kurtosis": {
        "mean": 17.5758152008,
        "var": 7.88975811005
    },
    "spectral_rolloff": {
        "mean": 977.967651367,
        "var": 13200.2646484
    },
    "spectral_strongpeak": {
        "mean": 2.15288257599,
        "var": 0.197792947292
    },
    "mfcc": {
        "mean": [-824.833129883, 75.4400863647, -124.6144104, -33.9165534973, -29.8102779388, -42.8353004456, -46.5220069885, -28.8789234161, -9.64522457123, 4.04017114639, 13.9625701904, 18.0805339813, 42.3474235535],
        "var": [125.993003845, 73.1302642822, 58.8783569336, 55.2373199463, 30.9891929626, 41.7815093994, 36.8247413635, 28.3267555237, 46.0983886719, 29.5613384247, 103.273895264, 43.8380050659, 50.3910179138]
    },
    "sccoeffs": {
        "mean": [-0.837970435619, -0.296174526215, -0.410054445267, -0.493916094303, -0.664487957954, -0.791273057461],
        "var": [0.00167304556817, 0.000776010099798, 0.00110657676123, 0.000606589135714, 0.00162339454982, 0.000496452616062]
    }
},
"sfx": {
    "inharmonicity": {
        "mean": 0.000328363938024,
        "var": 4.98119625547e-08
    }
}
}