{
"metadata": {
    "version": {
        "essentia": "2.1-dev"
    }
},
"lowLevel": {
    "average_loudness": 0.914136886597,
    "barkbands_kurtosis": {
        "mean": 23.3089752197,
        "var": 3823.22290039
    },
    "barkbands_skewness": {
        "mean": 3.09798836708,
        "var": 12.2967653275
    },
    "barkbands_spread": {
        "mean": 10.6930351257,
        "var": 109.679946899
    },
    "dissonance": {
        "mean": 0.366779029369,
        "var": 0.00788237247616
    },
    "hfc": {
        "mean": 11.6343364716,
        "var": 89.5349349976
    },
    "pitch": {
        "mean": 561.385559082,
        "var": 691186.6875
    },
    "pitch_instantaneous_confidence": {
        "mean": 0.739762663841,
        "var": 0.124905891716
    },
    "pitch_salience": {
        "mean": 0.408711224794,
        "var": 0.0211048927158
    },
    "silence_rate_20dB": {
        "mean": 1,
        "var": 0
    },
    "silence_rate_30dB": {
        "mean": 1,
        "var": 0
    },
    "silence_rate_60dB": {
        "mean": 0.37195122242,
        "var": 0.233603805304
    },
    "spectral_centroid": {
        "mean": 599.169250488,
        "var": 136041.75
    },
    "spectral_complexity": {
        "mean": 3.55487799644,
        "var": 7.76529598236
    },
    "spectral_crest": {
        "mean": 18.6654911041,
        "var": 13.5173921585
    },
    "spectral_decrease": {
        "mean": -4.09335054741e-09,
        "var": 1.07379566135e-17
    },
    "spectral_energy": {
        "mean": 0.0165045056492,
        "var": 0.000174875734956
    },
    "spectral_energyband_high": {
        "mean": 5.61305751035e-06,
        "var": 2.28577625577e-11
    },
    "spectral_energyband_low": {
        "mean": 8.889149683e-08,
        "var": 1.02634321533e-14
    },
    "spectral_energyband_middle_high": {
        "mean": 0.0046431007795,
        "var": 1.59623905347e-05
    },
    "spectral_energyband_middle_low": {
        "mean": 0.0118556749076,
        "var": 8.74744509929e-05
    },
    "spectral_flatness_db": {
        "mean": 0.365700095892,
        "var": 0.0164011418819
    },
    "spectral_flux": {
        "mean": 0.00787138752639,
        "var": 7.97791581135e-05
    },
    "spectral_kurtosis": {
        "mean": 12.1791534424,
        "var": 107.451782227
    },
    "spectral_rms": {
        "mean": 0.00317673105747,
        "var": 6.01033480052e-06
    },
    "spectral_rolloff": {
        "mean": 827.323547363,
        "var": 412591.46875
    },
    "spectral_skewness": {
        "mean": 2.87410879135,
        "var": 1.6689324379
    },
    "spectral_spread": {
        "mean": 13076882,
        "var": 2.0018731837e+14
    },
    "spectral_strongpeak": {
        "mean": 1.35099446774,
        "var": 1.19229328632
    },
    "zerocrossingrate": {
        "mean": 0.0349761210382,
        "var": 0.000654315284919
    },
    "barkbands": {
        "mean": [1.34814882813e-07, 2.66350106415e-08, 4.37439862111e-09, 3.61535001936e-09, 2.65406381317e-08, 2.1073985863e-06, 0.0118290483952, 2.42373153014e-05, 2.17461334273e-07, 1.59009705385e-05, 0.00276593212038, 1.28240642994e-07, 0.000595230900217, 1.13733017315e-06, 0.00110722100362, 1.09310099106e-06, 9.07018256839e-05, 1.62546184583e-05, 4.72543288197e-05, 3.91181083614e-06, 1.94154836208e-06, 9.86522763924e-07, 3.04981654153e-07, 2.56781163444e-07, 4.23691204787e-07, 4.35036433544e-08, 2.18189910584e-10],
        "var": [4.98533302856e-14, 1.15879083503e-15, 8.24334250978e-17, 6.14958559026e-17, 3.04087729152e-15, 1.34590602552e-11, 8.70966541697e-05, 4.90446516732e-10, 6.69343459781e-14, 3.35217548164e-10, 6.84327460476e-06, 2.14388036946e-14, 3.80728266691e-07, 1.70452996336e-12, 1.00203249076e-06, 1.1218402509e-12, 1.72129759335e-08, 2.86326129473e-10, 2.1684483098e-09, 2.37399180175e-11, 3.75192368493e-12, 8.15863218998e-13, 6.89151223609e-14, 5.08372132639e-14, 1.71536707907e-13, 1.67224007892e-15, 1.30831822916e-19]
    },
    "mfcc": {
        "mean": [-938.151611328, 51.0731887817, -76.5647659302, -20.1656703949, -16.9114952087, -24.7994232178, -27.5568847656, -16.7691516876, -4.57727193832, 4.47745800018, 10.9501333237, 13.4681549072, 28.5022010803],
        "var": [21767.4667969, 1159.62805176, 3894.79760742, 392.077545166, 309.617462158, 571.839477539, 633.02746582, 272.747314453, 77.4942855835, 21.9377365112, 87.3290100098, 74.7279129028, 364.97442627]
    },
    "sccoeffs": {
        "mean": [-0.801480829716, -0.510782957077, -0.59106606245, -0.638278007507, -0.755448102951, -0.836811900139],
        "var": [0.00468856887892, 0.0816185250878, 0.0570677481592, 0.036391120404, 0.0149343376979, 0.00386317470111]
    },
    "scvalleys": {
        "mean": [-11.1175661087, -10.0349617004, -10.7545166016, -10.681060791, -11.314409256, -12.2522277832],
        "var": [0.972297132015, 5.09364700317, 4.16944503784, 4.94511318207, 4.35581874847, 3.00836920738]
    }
},
"rhythm": {
    "beats_loudness": {
        "mean": 0.018980178982,
        "var": 0.000159854258527
    },
    "bpm": 118.151901245,
    "confidence": 2.99010109901,
    "first_peak_bpm": {
        "mean": 117,
        "var": 0
    },
    "first_peak_spread": {
        "mean": 0.5,
        "var": 0
    },
    "first_peak_weight": {
        "mean": 0.307692319155,
        "var": 0
    },
    "onset_rate": 0.264085292816,
    "second_peak_bpm": {
        "mean": 123,
        "var": 0
    },
    "second_peak_spread": {
        "mean": 0.199999988079,
        "var": 0
    },
    "second_peak_weight": {
        "mean": 0.307692319155,
        "var": 0
    },
    "beats_loudness_band_ratio": {
        "mean": [0.248026281595, 0.00335528003052, 0.522102534771, 0.154552564025, 0.0622908100486, 0.0109049901366],
        "var": [0.159173876047, 3.39608777722e-05, 0.105498865247, 0.00688683334738, 0.00143656891305, 0.000188259145943]
    },
    "beats_position": [0.522448956966, 1.02167797089, 1.53251695633, 2.02013611794, 2.49614500999, 2.9837641716, 3.48299312592, 3.97061228752, 4.48145103455, 4.99229001999, 5.50312900543, 6.025578022, 6.52480697632, 7.01242637634],
    "bpm_estimates": [120.185325623, 117.453842163, 120.185333252, 117.453895569, 117.453842163, 117.453842163, 114.843742371, 120.185333252],
    "bpm_intervals": [0.49922901392, 0.510838985443, 0.487619161606, 0.476008892059, 0.487619161606, 0.499228954315, 0.487619161606, 0.510838747025, 0.510838985443, 0.510838985443, 0.522449016571, 0.499228954315, 0.487619400024],
    "onset_times": [2.24072551727, 2.4497051239],
    "histogram": [[0, 0, 0, 0, 0, 0, 0, 0, 0, 0, 0, 0, 0, 0, 0, 0, 0, 0, 0, 0, 0, 0, 0, 0, 0, 0, 0, 0, 0, 0, 0, 0, 0, 0, 0, 0, 0, 0, 0, 0, 0, 0, 0, 0, 0, 0, 0, 0, 0, 0, 0, 0, 0, 0, 0, 0, 0, 0, 0, 0, 0, 0, 0, 0, 0, 0, 0, 0, 0, 0, 0, 0, 0, 0, 0, 0, 0, 0, 0, 0, 0, 0, 0, 0, 0, 0, 0, 0, 0, 0, 0, 0, 0, 0, 0, 0, 0, 0, 0, 0, 0, 0, 0, 0, 0, 0, 0, 0, 0, 0, 0, 0, 0, 0, 0, 0.0769230797887, 0, 0.307692319155, 0, 0, 0.230769231915, 0, 0, 0.307692319155, 0, 0, 0.0769230797887, 0, 0, 0, 0, 0, 0, 0, 0, 0, 0, 0, 0, 0, 0, 0, 0, 0, 0, 0, 0, 0, 0, 0, 0, 0, 0, 0, 0, 0, 0, 0, 0, 0, 0, 0, 0, 0, 0, 0, 0, 0, 0, 0, 0, 0, 0, 0, 0, 0, 0, 0, 0, 0, 0, 0, 0, 0, 0, 0, 0, 0, 0, 0, 0, 0, 0, 0, 0, 0, 0, 0, 0, 0, 0, 0, 0, 0, 0, 0, 0, 0, 0, 0, 0, 0, 0, 0, 0, 0, 0, 0, 0, 0, 0, 0, 0, 0, 0, 0, 0, 0, 0, 0, 0, 0, 0, 0, 0, 0, 0, 0, 0, 0, 0, 0, 0, 0, 0, 0, 0, 0, 0, 0]]
},
"sfx": {
    "inharmonicity": {
        "mean": 0.0232828650624,
        "var": 0.00526420492679
    },
    "oddtoevenharmonicenergyratio": {
        "mean": inf,
        "var": inf
    },
    "pitch_after_max_to_before_max_energy_ratio": 1.26985228062,
    "pitch_centroid": 145.142913818,
    "pitch_max_to_total": 0.152439028025,
    "pitch_min_to_total": 0.265243887901,
    "tristimulus": {
        "mean": [0.437864780426, 0.388442665339, 0.170643612742],
        "var": [0.0487948469818, 0.0286492612213, 0.0476883389056]
    }
},
"tonal": {
    "chords_changes_rate": 0.218181818724,
    "chords_number_rate": 0.0484848469496,