{"lowlevel.dissonance.mean": [0.6313269138336182], "sfx.inharmonicity.mean": [1.005750298500061], "lowlevel.spectral_contrast.mean": [[0.28927361965179443, 0.2372211217880249, 0.25679874420166016, 0.25263214111328125, 0.31461215019226074, 0.4290335178375244]], "lowlevel.spectral_centroid.mean": [1.2546690702438354], "lowlevel.mfcc.mean": [[0.5209444761276245, 0.10364582389593124, 0.5577111840248108, 0.44280534982681274, 0.5404055118560791, 0.5120627284049988, 0.5529919862747192, 0.41543617844581604, 0.4544101059436798, 0.39261049032211304, 0.4317528009414673, 0.41633695363998413, 0.4078696668148041]], "sfx.logattacktime.mean": [0.21096235513687134], "lowlevel.hfc.mean": [0.5661447644233704]}