{
"metadata": {
    "version": {
        "essentia": "2.1-dev"
    }
},
"lowLevel": {
    "average_loudness": 0.99068403244,
    "barkbands_kurtosis": {
        "mean": 9.05641651154,
        "var": 169.696365356
    },
    "barkbands_skewness": {
        "mean": -0.987208604813,
        "var": 6.19759702682
    },
    "barkbands_spread": {
        "mean": 27.7254562378,
        "var": 494.498352051
    },
    "dissonance": {
        "mean": 0.477317631245,
        "var": 0.00160689011682
    },
    "hfc": {
        "mean": 194.944625854,
        "var": 65523.7226562
    },
    "pitch": {
        "mean": 2030.35461426,
        "var": 4739261
    },
    "pitch_instantaneous_confidence": {
        "mean": 0.276236563921,
        "var": 0.0318307131529
    },
    "pitch_salience": {
        "mean": 0.682715654373,
        "var": 0.0303154904395
    },
    "silence_rate_20dB": {
        "mean": 0.909090936184,
        "var": 0.0826445966959
    },
    "silence_rate_30dB": {
        "mean": 0.818181812763,
        "var": 0.148760393262
    },
    "silence_rate_60dB": {
        "mean": 0.5,
        "var": 0.25
    },
    "spectral_centroid": {
        "mean": 7371.06298828,
        "var": 15048032
    },
    "spectral_complexity": {
        "mean": 13,
        "var": 305
    },
    "spectral_crest": {
        "mean": 8.89991855621,
        "var": 23.5118579865
    },
    "spectral_decrease": {
        "mean": -1.76874532798e-08,
        "var": 2.0916887827e-15
    },
    "spectral_energy": {
        "mean": 0.0844386294484,
        "var": 0.0314349867404
    },
    "spectral_energyband_high": {
        "mean": 0.0221770592034,
        "var": 0.000989646767266
    },
    "spectral_energyband_low": {
        "mean": 0.00185388966929,
        "var": 1.95408338186e-05
    },
    "spectral_energyband_middle_high": {
        "mean": 0.00464041903615,
        "var": 9.35138596105e-05
    },
    "spectral_energyband_middle_low": {
        "mean": 0.0559672564268,
        "var": 0.029794562608
    },
    "spectral_flatness_db": {
        "mean": 0.16607940197,
        "var": 0.010026386939
    },
    "spectral_flux": {
        "mean": 0.163670554757,
        "var": 0.041800878942
    },
    "spectral_kurtosis": {
        "mean": -0.828137636185,
        "var": 0.277658492327
    },
    "spectral_rms": {
        "mean": 0.00545770535246,
        "var": 5.25926006958e-05
    },
    "spectral_rolloff": {
        "mean": 11852.0712891,
        "var": 42229152
    },
    "spectral_skewness": {
        "mean": -0.0660695210099,
        "var": 0.219951882958
    },
    "spectral_spread": {
        "mean": 22666866,
        "var": 2.42483652985e+14
    },
    "spectral_strongpeak": {
        "mean": 3.83390021324,
        "var": 41.6440048218
    },
    "zerocrossingrate": {
        "mean": 0.36328125,
        "var": 0.0214524269104
    },
    "barkbands": {
        "mean": [0.000627517467365, 0.000642248662189, 0.000443118886324, 0.00576055934653, 0.0479407422245, 0.000607572263107, 0.000250470766332, 0.000905947352294, 0.000475208071293, 9.28037334234e-05, 0.000495158426929, 0.00026379324845, 0.000292744371109, 0.000422229990363, 0.000278707564576, 0.000415030051954, 0.000404282647651, 0.000330148701323, 0.000977154937573, 0.00142205657903, 0.00248217163607, 0.0027617875021, 0.00413843523711, 0.00749496323988, 0.00451376754791, 2.91506463412e-09, 2.75864531218e-09],
        "var": [6.26766950518e-06, 4.2512856453e-06, 1.59135879585e-06, 0.000406626437325, 0.0231314375997, 3.37397136718e-06, 4.87457612053e-07, 8.08209097158e-06, 2.80638778349e-06, 5.22123073665e-08, 1.92294010048e-06, 3.96102507239e-07, 4.49950221082e-07, 1.86274019143e-06, 5.24153449533e-07, 1.27244913983e-06, 6.78334345139e-07, 4.56031358453e-07, 2.86644785774e-06, 8.75012210599e-06, 1.41926366268e-05, 2.45938954322e-05, 4.63020514871e-05, 0.000157770438818, 5.61480046599e-05, 4.86956826009e-17, 4.79885424389e-17]
    },
    "mfcc": {
        "mean": [-855.007080078, -15.0184230804, 15.0082035065, 5.25398731232, 5.21803426743, 3.92801189423, 3.14945983887, -2.83635139465, -2.85231876373, -3.66250991821, -3.24585652351, -2.88685798645, -3.81781363487],
        "var": [80676.8671875, 3055.52563477, 525.475952148, 121.054374695, 111.459846497, 36.3434829712, 65.3620223999, 34.5734519958, 53.2142562866, 44.9498138428, 56.7099876404, 49.2273216248, 45.1188011169]
    },
    "sccoeffs": {
        "mean": [-0.783648431301, -0.874867498875, -0.890417516232, -0.881668269634, -0.868425190449, -0.836988866329],
        "var": [0.052358198911, 0.0118652880192, 0.00711175752804, 0.00587710179389, 0.00827426742762, 0.0140323648229]
    },
    "scvalleys": {
        "mean": [-15.3470087051, -15.6046972275, -15.5214700699, -15.5651130676, -15.4604959488, -15.294760704],
        "var": [103.85761261, 99.4161071777, 96.8356170654, 98.7869338989, 100.984771729, 104.619285583]
    }
},
"rhythm": {
    "bpm": 0,
    "confidence": 0,
    "first_peak_bpm": {
        "mean": 0,
        "var": 0
    },
    "first_peak_spread": {
        "mean": 0,
        "var": 0
    },
    "first_peak_weight": {
        "mean": 0,
        "var": 0
    },
    "onset_rate": 4.11073827744,
    "second_peak_bpm": {
        "mean": 0,
        "var": 0
    },
    "second_peak_spread": {
        "mean": 0,
        "var": 0
    },
    "second_peak_weight": {
        "mean": 0,
        "var": 0
    },
    "beats_position": [],
    "bpm_estimates": [],
    "bpm_intervals": [],
    "onset_times": [0.0116099771112, 0.104489795864],
    "histogram": [[0, 0, 0, 0, 0, 0, 0, 0, 0, 0, 0, 0, 0, 0, 0, 0, 0, 0, 0, 0, 0, 0, 0, 0, 0, 0, 0, 0, 0, 0, 0, 0, 0, 0, 0, 0, 0, 0, 0, 0, 0, 0, 0, 0, 0, 0, 0, 0, 0, 0, 0, 0, 0, 0, 0, 0, 0, 0, 0, 0, 0, 0, 0, 0, 0, 0, 0, 0, 0, 0, 0, 0, 0, 0, 0, 0, 0, 0, 0, 0, 0, 0, 0, 0, 0, 0, 0, 0, 0, 0, 0, 0, 0, 0, 0, 0, 0, 0, 0, 0, 0, 0, 0, 0, 0, 0, 0, 0, 0, 0, 0, 0, 0, 0, 0, 0, 0, 0, 0, 0, 0, 0, 0, 0, 0, 0, 0, 0, 0, 0, 0, 0, 0, 0, 0, 0, 0, 0, 0, 0, 0, 0, 0, 0, 0, 0, 0, 0, 0, 0, 0, 0, 0, 0, 0, 0, 0, 0, 0, 0, 0, 0, 0, 0, 0, 0, 0, 0, 0, 0, 0, 0, 0, 0, 0, 0, 0, 0, 0, 0, 0, 0, 0, 0, 0, 0, 0, 0, 0, 0, 0, 0, 0, 0, 0, 0, 0, 0, 0, 0, 0, 0, 0, 0, 0, 0, 0, 0, 0, 0, 0, 0, 0, 0, 0, 0, 0, 0, 0, 0, 0, 0, 0, 0, 0, 0, 0, 0, 0, 0, 0, 0, 0, 0, 0, 0, 0, 0, 0, 0, 0, 0, 0, 0, 0, 0, 0, 0, 0, 0]]
},
"sfx": {
    "inharmonicity": {
        "mean": 0.0669519603252,
        "var": 0.00731584848836
    },
    "oddtoevenharmonicenergyratio": {
        "mean": 0.582658350468,
        "var": 0.519197046757
    },
    "pitch_after_max_to_before_max_energy_ratio": 3.34091067314,
    "pitch_centroid": 8.29489612579,
    "pitch_max_to_total": 0.227272734046,
    "pitch_min_to_total": 0.727272748947,
    "tristimulus": {
        "mean": [0.499791830778, 0.145972937346, 0.354235291481],
        "var": [0.175391376019, 0.0363834574819, 0.124434739351]
    }
},
"tonal": {
    "chords_changes_rate": 0,
    "chords_number_rate": 0.0833333358169,
    "chords_strength": {
        "mean": 0.413059681654,
        "var": 8.881784197e-16
    },
    "key_strength": 0.588057041168,
    "tuning_diatonic_strength": 0.583290636539,
    "tuning_equal_tempered_deviation": 0.260142147541,
    "tuning_frequency": 448.726654053,
    "tuning_nontempered_energy_ratio": 0.921095728874,
    "hpcp": {
        "mean": [0.072911195457, 0.0910975337029, 0.0693510398269, 0.0537375211716, 0.0663334354758, 0.0633808746934, 0.0464901328087, 0.047434207052, 0.0426862388849, 0.0329565405846, 0.0335892923176, 0.0441325455904, 0.0569174177945, 0.0655758455396, 0.0661271363497, 0.140674978495, 0.239466235042, 0.149073407054, 0.0327803380787, 0.0242550373077, 0.0207254420966, 0.069135658443, 0.181346133351, 0.136198833585, 0.0218373537064, 0.0199090074748, 0.0218541678041, 0.0179923307151, 0.0191904287785, 0.100002974272, 0.178744375706, 0.0987279340625, 0.0232741683722, 0.0888558626175, 0.110387057066, 0.0608705095947],