{
"metadata": {
    "version": {
        "essentia": "2.1-dev"
    }
},
"lowLevel": {
    "barkbands_kurtosis": {
        "mean": 15.5023984909,
        "var": 254.562408447
    },
    "dissonance": {
        "mean": 0.466700941324,
        "var": 0.00280291680247
    },
    "hfc": {
        "mean": 389.888458252,
        "var": 55041.2890625
    },
    "spectral_centroid": {
        "mean": 5205.57226562,
        "var": 9462921
    },
    "spectral_complexity": {
        "mean": 26,
        "var": 272
    },
    "spectral_crest": {
        "mean": 11.0787191391,
        "var": 33.5824928284
    },
    "spectral_energyband_high": {
        "mean": 0.0443540364504,
        "var": 0.000995656941086
    },
    "spectral_energyband_low": {
        "mean": 0.00370731553994,
        "var": 3.22112973663e-05
    },
    "spectral_kurtosis": {
        "mean": -0.545772969723,
        "var": 0.292954146862
    },
    "spectral_rolloff": {
        "mean": 7524.875,
        "var": 12691258
    },
    "spectral_strongpeak": {
        "mean": 7.66780042648,
        "var": 53.8904304504
    },
    "mfcc": {
        "mean": [-575.708374023, -33.4148445129, 25.0392398834, 8.34493350983, 7.20138263702, 6.89913988113, 4.40495586395, -6.27496194839, -6.98836183548, -8.11272907257, -7.38384723663, -6.6828417778, -8.05922603607],
        "var": [5168.92431641, 5320.08447266, 601.98046875, 176.216690063, 110.416496277, 45.8759727478, 91.6993331909, 41.8710365295, 55.7341346741, 44.0855064392, 71.2144546509, 61.3700218201, 52.4637451172]
    },
    "sccoeffs": {
        "mean": [-0.633128523827, -0.792466402054, -0.818495392799, -0.809421896935, -0.783828735352, -0.730014383793],
        "var": [0.0543171204627, 0.00996175967157, 0.00384812336415, 0.00107721716631, 0.00191461062059, 0.00332768051885]
    }
},
"sfx": {
    "inharmonicity": {
        "mean": 0.0168194938451,
        "var": 0.00146576133557
    }
}
}