{"lowlevel.dissonance.mean": [0.46154940128326416], "sfx.inharmonicity.mean": [0.5134164094924927], "lowlevel.spectral_contrast.mean": [[0.285061240196228, 0.34181058406829834, 0.9986170530319214, 0.6929336786270142, 0.7273375988006592, 0.43727755546569824]], "lowlevel.spectral_centroid.mean": [0.43938466906547546], "lowlevel.mfcc.mean": [[0.361841082572937, 0.14103786647319794, 0.07055681943893433, 0.22540582716464996, 0.2712874412536621, 0.452210396528244, 0.7074903249740601, 0.7678842544555664, 0.4600045680999756, 0.25309106707572937, 0.5417997241020203, 0.46300315856933594, 0.8675009608268738]], "sfx.logattacktime.mean": [0.679667055606842], "lowlevel.hfc.mean": [0.4697948396205902]}