{
"metadata": {
    "version": {
        "essentia": "2.1-dev"
    }
},
"lowLevel": {
    "barkbands_kurtosis": {
        "mean": 16.7947769165,
        "var": 262.902008057
    },
    "dissonance": {
        "mean": 0.366976827383,
        "var": 0.010521219112
    },
    "hfc": {
        "mean": 24.2959442139,
        "var": 81.0257263184
    },
    "spectral_centroid": {
        "mean": 1196.65429688,
        "var": 16328.9990234
    },
    "spectral_complexity": {
        "mean": 3.03921580315,
        "var": 0.390618979931
    },
    "spectral_crest": {
        "mean": 24.4245872498,
        "var": 3.50737214088
    },
    "spectral_energyband_high": {
        "mean": 8.18226399133e-05,
        "var": 3.24693116838e-09
    },
    "spectral_energyband_low": {
        "mean": 8.75978329873e-08,
        "var": 5.85301968838e-15
    },
    "spectral_kurtosis": {
        "mean": 6.74789381027,
        "var": 11.5321426392
    },
    "spectral_rolloff": {
        "mean": 1351.94750977,
        "var": 479522.96875
    },
    "spectral_strongpeak": {
        "mean": 5.42871046066,
        "var": 1.84564638138
    },
    "mfcc": {
        "mean": [-850.819030762, 1.40496218204, -112.272651672, -43.1402168274, -42.1799430847, 2.32117557526, 29.3436069489, 28.1029510498, -7.43498420715, -27.1771507263, -7.03706884384, 0.621520340443, 21.0594387054],
        "var": [168.766891479, 147.692092896, 69.2051925659, 49.1176452637, 72.7401351929, 40.3834953308, 81.8658828735, 76.0204467773, 44.0792350769, 54.6064300537, 58.8034286499, 41.6251144409, 56.5555381775]
    },
    "sccoeffs": {
        "mean": [-0.826489984989, -0.803002536297, -0.34504571557, -0.689325511456, -0.647502601147, -0.767845153809],
        "var": [0.00228462228552, 0.00267927767709, 0.0013442679774, 0.00299318903126, 0.000973970163614, 0.000576856837142]
    }
},
"sfx": {
    "inharmonicity": {
        "mean": 0.0144672393799,
        "var": 0.00197933684103
    }
}
}