{
"metadata": {
    "version": {
        "essentia": "2.1-dev"
    }
},
"lowLevel": {
    "average_loudness": 0.752731263638,
    "barkbands_kurtosis": {
        "mean": 11.1441545486,
        "var": 4574.39599609
    },
    "barkbands_skewness": {
        "mean": -0.294264107943,
        "var": 10.2952661514
    },
    "barkbands_spread": {
        "mean": 39.9462356567,
        "var": 677.144897461
    },
    "dissonance": {
        "mean": 0.495438843966,
        "var": 2.98339728033e-05
    },
    "hfc": {
        "mean": 39.9405937195,
        "var": 8824.99804688
    },
    "pitch": {
        "mean": 1326.63256836,
        "var": 1292881.375
    },
    "pitch_instantaneous_confidence": {
        "mean": 0.371002614498,
        "var": 0.00816704239696
    },
    "pitch_salience": {
        "mean": 0.533760130405,
        "var": 0.0354232080281
    },
    "silence_rate_20dB": {
        "mean": 1,
        "var": 0
    },
    "silence_rate_30dB": {
        "mean": 1,
        "var": 0
    },
    "silence_rate_60dB": {
        "mean": 0.739495813847,
        "var": 0.19264113903
    },
    "spectral_centroid": {
        "mean": 2907.19165039,
        "var": 2424225
    },
    "spectral_complexity": {
        "mean": 8.69747924805,
        "var": 209.925506592
    },
    "spectral_crest": {
        "mean": 10.023730278,
        "var": 34.3401451111
    },
    "spectral_decrease": {
        "mean": -1.12162790167e-09,
        "var": 5.88106349012e-18
    },
    "spectral_energy": {
        "mean": 0.00785601511598,
        "var": 0.000311261712341
    },
    "spectral_energyband_high": {
        "mean": 0.00483318557963,
        "var": 0.000136135189678
    },
    "spectral_energyband_low": {
        "mean": 3.10254436044e-05,
        "var": 6.57944976279e-10
    },
    "spectral_energyband_middle_high": {
        "mean": 0.00278976000845,
        "var": 3.32607924065e-05
    },
    "spectral_energyband_middle_low": {
        "mean": 0.000147974060383,
        "var": 2.50536459134e-07
    },
    "spectral_flatness_db": {
        "mean": 0.166948452592,
        "var": 0.00200027856044
    },
    "spectral_flux": {
        "mean": 0.0341870076954,
        "var": 0.00218073558062
    },
    "spectral_kurtosis": {
        "mean": 1.35843372345,
        "var": 5.81279659271
    },
    "spectral_rms": {
        "mean": 0.00167874211911,
        "var": 4.84623114971e-06
    },
    "spectral_rolloff": {
        "mean": 4865.41748047,
        "var": 3757090.25
    },
    "spectral_skewness": {
        "mean": 0.992199599743,
        "var": 0.226927399635
    },
    "spectral_spread": {
        "mean": 9016463,
        "var": 2.41149254042e+12
    },
    "spectral_strongpeak": {
        "mean": 1.10208439827,
        "var": 5.28234243393
    },
    "zerocrossingrate": {
        "mean": 0.159405365586,
        "var": 0.00413057487458
    },
    "barkbands": {
        "mean": [8.76437698025e-05, 2.95020390695e-06, 6.9569900063e-08, 1.98900451664e-07, 9.14221891435e-06, 2.37476888287e-05, 2.41589168581e-05, 6.22575171292e-05, 2.34111612372e-05, 8.13919177745e-06, 8.22347192297e-06, 2.79150735878e-05, 8.71167867444e-05, 0.000200449125259, 0.000148479884956, 0.000436338188592, 0.000256539497059, 0.000679801392835, 0.00076577370055, 0.000403830519645, 0.00091866083676, 0.000948041735683, 0.00162821391132, 0.000799628847744, 0.000241908361204, 6.2126397097e-05, 1.24794303247e-06],
        "var": [7.07904046493e-09, 6.61650335215e-12, 7.39792545257e-14, 1.36186342151e-12, 2.28284235959e-09, 8.68698712964e-09, 6.57665122361e-09, 6.06777135204e-08, 4.8598529645e-09, 1.0059312272e-09, 1.85100601513e-10, 5.66836488858e-09, 5.05291914976e-08, 7.49935736621e-07, 9.43075022519e-08, 9.58813075158e-07, 3.78671245471e-07, 1.70661360244e-06, 3.21856919072e-06, 7.44099963867e-07, 5.60002081329e-06, 4.72545070807e-06, 1.58370676218e-05, 4.59503098682e-06, 4.42093750053e-07, 4.93330603035e-08, 4.59622687132e-11]
    },
    "mfcc": {
        "mean": [-811.282897949, -24.6537437439, -51.4639892578, 20.5024909973, -2.01510262489, 2.06736040115, -8.26466369629, 15.9332742691, 3.84381937981, 15.2290143967, 15.5416555405, 15.3494606018, 11.8832712173],
        "var": [18254.9609375, 1033.66455078, 351.941040039, 106.625083923, 145.371017456, 102.835906982, 235.581451416, 151.443740845, 107.147567749, 56.0428924561, 43.8568611145, 38.0229949951, 46.2667045593]
    },
    "sccoeffs": {
        "mean": [-0.593815863132, -0.833876788616, -0.837797641754, -0.78075492382, -0.792772114277, -0.76880979538],
        "var": [0.00540995085612, 0.00308819976635, 0.000808024487924, 0.00295600434765, 0.00102877011523, 0.00178873701952]
    },
    "scvalleys": {
        "mean": [-9.59093666077, -8.65483760834, -8.6446762085, -8.1385679245, -7.82963705063, -9.06532478333],
        "var": [0.517880916595, 1.71095621586, 1.03131830692, 1.58715355396, 2.05204892159, 3.10042071342]
    }
},
"rhythm": {
    "beats_loudness": {
        "mean": 0.00667215511203,
        "var": 0.000174305328983
    },
    "bpm": 156.605102539,
    "confidence": 0,
    "first_peak_bpm": {
        "mean": 157,
        "var": 0
    },
    "first_peak_spread": {
        "mean": 0,
        "var": 0
    },
    "first_peak_weight": {
        "mean": 1,
        "var": 0
    },
    "onset_rate": 0.364969551563,
    "second_peak_bpm": {
        "mean": 0,
        "var": 0
    },
    "second_peak_spread": {
        "mean": 0,
        "var": 0
    },
    "second_peak_weight": {
        "mean": 0,
        "var": 0
    },
    "beats_loudness_band_ratio": {
        "mean": [0.155649468303, 0.00177496625111, 0.00926339719445, 0.0306263063103, 0.321162521839, 0.487774401903],
        "var": [0.0349560715258, 1.55471479957e-06, 2.14745596168e-05, 0.000122519806609, 0.00683207949623, 0.0373386330903]
    },
    "beats_position": [0.359909296036, 0.743038535118, 1.1261677742, 1.50929701328, 1.89242625237, 2.27555561066],
    "bpm_estimates": [156.605117798, 156.605117798, 156.605117798, 156.605117798, 156.605072021],
    "bpm_intervals": [0.383129239082, 0.383129239082, 0.383129239082, 0.383129239082, 0.383129358292],
    "onset_times": [0.0696598663926],
    "histogram": [[0, 0, 0, 0, 0, 0, 0, 0, 0, 0, 0, 0, 0, 0, 0, 0, 0, 0, 0, 0, 0, 0, 0, 0, 0, 0, 0, 0, 0, 0, 0, 0, 0, 0, 0, 0, 0, 0, 0, 0, 0, 0, 0, 0, 0, 0, 0, 0, 0, 0, 0, 0, 0, 0, 0, 0, 0, 0, 0, 0, 0, 0, 0, 0, 0, 0, 0, 0, 0, 0, 0, 0, 0, 0, 0, 0, 0, 0, 0, 0, 0, 0, 0, 0, 0, 0, 0, 0, 0, 0, 0, 0, 0, 0, 0, 0, 0, 0, 0, 0, 0, 0, 0, 0, 0, 0, 0, 0, 0, 0, 0, 0, 0, 0, 0, 0, 0, 0, 0, 0, 0, 0, 0, 0, 0, 0, 0, 0, 0, 0, 0, 0, 0, 0, 0, 0, 0, 0, 0, 0, 0, 0, 0, 0, 0, 0, 0, 0, 0, 0, 0, 0, 0, 0, 0, 0, 0, 1, 0, 0, 0, 0, 0, 0, 0, 0, 0, 0, 0, 0, 0, 0, 0, 0, 0, 0, 0, 0, 0, 0, 0, 0, 0, 0, 0, 0, 0, 0, 0, 0, 0, 0, 0, 0, 0, 0, 0, 0, 0, 0, 0, 0, 0, 0, 0, 0, 0, 0, 0, 0, 0, 0, 0, 0, 0, 0, 0, 0, 0, 0, 0, 0, 0, 0, 0, 0, 0, 0, 0, 0, 0, 0, 0, 0, 0, 0, 0, 0, 0, 0, 0, 0, 0, 0, 0, 0, 0, 0, 0, 0]]
},
"sfx": {
    "inharmonicity": {
        "mean": 0.0926022082567,
        "var": 0.0108406031504
    },
    "oddtoevenharmonicenergyratio": {
        "mean": 0.983780801296,
        "var": 1.23315238953
    },
    "pitch_after_max_to_before_max_energy_ratio": 0.701590895653,
    "pitch_centroid": 52.3813285828,
    "pitch_max_to_total": 0.45378151536,
    "pitch_min_to_total": 0,
    "tristimulus": {
        "mean": [0.325067788363, 0.331089526415, 0.343842566013],
        "var": [0.180000260472, 0.0739272162318, 0.0848242789507]
    }
},
"tonal": {
    "chords_changes_rate": 0.0166666675359,
    "chords_number_rate": 0.0333333350718,
    "chords_strength": {
        "mean": 0.511854469776,
        "var": 0.00230696075596
    },
    "key_strength": 0.70666205883,
    "tuning_diatonic_strength": 0.486342608929,
    "tuning_equal_tempered_deviation": 0.237497866154,
    "tuning_frequency": 455.516601562,
    "tuning_nontempered_energy_ratio": 0.90526086092,