{
"metadata": {
    "version": {
        "essentia": "2.1-dev"
    }
},
"lowLevel": {
    "barkbands_kurtosis": {
        "mean": 3.51138496399,
        "var": 1.90534687042
    },
    "dissonance": {
        "mean": 0.495858371258,
        "var": 1.86121578736e-05
    },
    "hfc": {
        "mean": 217.442718506,
        "var": 14306.8798828
    },
    "spectral_centroid": {
        "mean": 5114.00439453,
        "var": 139980.734375
    },
    "spectral_complexity": {
        "mean": 38,
        "var": 56
    },
    "spectral_crest": {
        "mean": 5.79612159729,
        "var": 1.28584349155
    },
    "spectral_energyband_high": {
        "mean": 0.0265973322093,
        "var": 0.000236289197346
    },
    "spectral_energyband_low": {
        "mean": 3.62067075912e-05,
        "var": 9.57185219974e-10
    },
    "spectral_kurtosis": {
        "mean": -0.196392118931,
        "var": 0.0311737600714
    },
    "spectral_rolloff": {
        "mean": 7552.77099609,
        "var": 230396.203125
    },
    "spectral_strongpeak": {
        "mean": 4.92066717148,
        "var": 11.9982738495
    },
    "mfcc": {
        "mean": [-587.778991699, -65.0785827637, -41.3319015503, 4.81041240692, -10.9743232727, -11.7773303986, -33.0483703613, -4.93563842773, -11.6413879395, 6.25717115402, 12.1303157806, 15.600069046, 8.96525859833],
        "var": [1432.90869141, 276.786621094, 196.910614014, 78.8827285767, 40.4128112793, 45.3815994263, 18.929857254, 27.4324245453, 37.7527503967, 47.7631950378, 44.3580360413, 28.2390136719, 90.497756958]
    },
    "sccoeffs": {
        "mean": [-0.640517413616, -0.777125358582, -0.83910548687, -0.689667224884, -0.740684270859, -0.719678282738],
        "var": [0.00188709702343, 0.00232918048277, 0.000597506645136, 0.00239111739211, 0.000309433497023, 0.000693283218425]
    }
},
"sfx": {
    "inharmonicity": {
        "mean": 0.128316134214,
        "var": 0.0157883949578
    }
}
}