{
"metadata": {
    "version": {
        "essentia": "2.1-dev"
    }
},
"lowLevel": {
    "average_loudness": 0.986452460289,
    "barkbands_kurtosis": {
        "mean": 68.4322128296,
        "var": 35872.7773438
    },
    "barkbands_skewness": {
        "mean": 4.04271507263,
        "var": 24.1469478607
    },
    "barkbands_spread": {
        "mean": 8.09090232849,
        "var": 21.2853851318
    },
    "dissonance": {
        "mean": 0.36731415987,
        "var": 0.00364415417425
    },
    "hfc": {
        "mean": 76.294342041,
        "var": 5365.6796875
    },
    "pitch": {
        "mean": 470.688537598,
        "var": 22907.4335938
    },
    "pitch_instantaneous_confidence": {
        "mean": 0.872341096401,
        "var": 0.0715953111649
    },
    "pitch_salience": {
        "mean": 0.341437697411,
        "var": 0.0153782246634
    },
    "silence_rate_20dB": {
        "mean": 1,
        "var": 0
    },
    "silence_rate_30dB": {
        "mean": 0.576271176338,
        "var": 0.244182795286
    },
    "silence_rate_60dB": {
        "mean": 0.279661029577,
        "var": 0.201450675726
    },
    "spectral_centroid": {
        "mean": 645.85534668,
        "var": 103622.445312
    },
    "spectral_complexity": {
        "mean": 5.64406776428,
        "var": 12.1275482178
    },
    "spectral_crest": {
        "mean": 20.041387558,
        "var": 6.22383260727
    },
    "spectral_decrease": {
        "mean": -2.25203375948e-08,
        "var": 4.78321887595e-16
    },
    "spectral_energy": {
        "mean": 0.091917000711,
        "var": 0.00795315206051
    },
    "spectral_energyband_high": {
        "mean": 0.000184633012395,
        "var": 4.0660061984e-08
    },
    "spectral_energyband_low": {
        "mean": 1.71782430698e-05,
        "var": 2.30794813816e-10
    },
    "spectral_energyband_middle_high": {
        "mean": 0.0180834773928,
        "var": 0.000272463163128
    },
    "spectral_energyband_middle_low": {
        "mean": 0.0736222490668,
        "var": 0.00528720440343
    },
    "spectral_flatness_db": {
        "mean": 0.391668915749,
        "var": 0.0019469440449
    },
    "spectral_flux": {
        "mean": 0.0148335825652,
        "var": 0.000125448219478
    },
    "spectral_kurtosis": {
        "mean": 16.3483982086,
        "var": 105.679901123
    },
    "spectral_rms": {
        "mean": 0.00756522780284,
        "var": 3.24424800056e-05
    },
    "spectral_rolloff": {
        "mean": 879.940368652,
        "var": 213055.640625
    },
    "spectral_skewness": {
        "mean": 3.23648571968,
        "var": 0.716170549393
    },
    "spectral_spread": {
        "mean": 5428978,
        "var": 1.75025789338e+13
    },
    "spectral_strongpeak": {
        "mean": 4.27206373215,
        "var": 10.6429958344
    },
    "zerocrossingrate": {
        "mean": 0.0378666259348,
        "var": 0.000278006598819
    },
    "barkbands": {
        "mean": [2.22349281103e-05, 4.56865609522e-06, 1.04500202269e-07, 4.34098623714e-08, 8.31952490898e-07, 1.75873765329e-06, 0.00266194157302, 0.0709524527192, 5.13309851158e-06, 5.26975100001e-07, 0.00596698699519, 0.00141766958404, 3.88939184859e-07, 0.00147242448293, 2.82381222405e-07, 0.00123868905939, 0.00444328831509, 1.24479865917e-05, 0.0026405940298, 0.00102894764859, 1.79826620297e-05, 1.30457874548e-05, 6.70090457788e-06, 5.02419788972e-06, 2.08306187233e-06, 1.00159627436e-06, 6.20020257358e-09],
        "var": [6.46347309008e-10, 1.49201449806e-11, 4.95502415683e-15, 1.74929498377e-15, 9.2593239933e-13, 4.54243804029e-12, 6.10426832282e-06, 0.00493567436934, 6.73543304464e-11, 3.49018475796e-13, 2.59981752606e-05, 1.80700305918e-06, 1.39432329615e-13, 1.73005855686e-06, 9.13523949412e-14, 1.54954295795e-06, 1.90920654859e-05, 1.16076537271e-10, 6.67856102154e-06, 1.15999910122e-06, 3.56792539957e-10, 1.44476972053e-10, 1.1358409352e-10, 4.117273536e-11, 6.45447627637e-12, 1.94983525853e-12, 8.07598137255e-17]
    },
    "mfcc": {
        "mean": [-821.067321777, 52.8939437866, -70.2228546143, 19.7665805817, -16.6498088837, -41.5635604858, -10.5788316727, 6.15497350693, -3.45990872383, 12.9511566162, 30.4341278076, 45.1325950623, 47.0807228088],
        "var": [29798.0546875, 344.200439453, 3261.52270508, 108.675697327, 400.321594238, 1383.28112793, 388.20211792, 132.728149414, 146.203323364, 38.5643348694, 127.354927063, 256.766021729, 263.249786377]
    },
    "sccoeffs": {
        "mean": [-0.670443058014, -0.381063997746, -0.507190942764, -0.582075297832, -0.622473955154, -0.748470306396],
        "var": [0.00656286953017, 0.0668131038547, 0.0311779994518, 0.0340178571641, 0.0310165658593, 0.00913532171398]
    },
    "scvalleys": {
        "mean": [-9.39891529083, -8.76720142365, -9.51595783234, -10.1587238312, -10.0420198441, -11.83963871],
        "var": [0.586400330067, 2.9288790226, 2.73556160927, 2.44768810272, 3.65248465538, 1.63489329815]
    }
},
"rhythm": {
    "beats_loudness": {
        "mean": 0.10811598599,
        "var": 0.00662243645638
    },
    "bpm": 93.4037704468,
    "confidence": 0,
    "first_peak_bpm": {
        "mean": 94,
        "var": 0
    },
    "first_peak_spread": {
        "mean": 0.333333313465,
        "var": 0
    },
    "first_peak_weight": {
        "mean": 0.666666686535,
        "var": 0
    },
    "onset_rate": 1.84484875202,
    "second_peak_bpm": {
        "mean": 0,
        "var": 0
    },
    "second_peak_spread": {
        "mean": 0,
        "var": 0
    },
    "second_peak_weight": {
        "mean": 0,
        "var": 0
    },
    "beats_loudness_band_ratio": {
        "mean": [0.24973629415, 0.000148147533764, 0.585420668125, 0.0739190131426, 0.0749995484948, 0.0188531652093],
        "var": [0.186785548925, 5.04879338337e-08, 0.115432754159, 0.00209903973155, 0.002098798519, 0.000169585837284]
    },
    "beats_position": [0.638548731804, 1.27709746361, 1.92725622654, 2.56580495834],
    "bpm_estimates": [93.9630737305, 92.2851486206, 93.9630737305],
    "bpm_intervals": [0.638548731804, 0.650158762932, 0.638548731804],
    "onset_times": [0.150929704309, 0.580498874187, 2.46131515503, 2.67029476166, 2.70512461662],
    "histogram": [[0, 0, 0, 0, 0, 0, 0, 0, 0, 0, 0, 0, 0, 0, 0, 0, 0, 0, 0, 0, 0, 0, 0, 0, 0, 0, 0, 0, 0, 0, 0, 0, 0, 0, 0, 0, 0, 0, 0, 0, 0, 0, 0, 0, 0, 0, 0, 0, 0, 0, 0, 0, 0, 0, 0, 0, 0, 0, 0, 0, 0, 0, 0, 0, 0, 0, 0, 0, 0, 0, 0, 0, 0, 0, 0, 0, 0, 0, 0, 0, 0, 0, 0, 0, 0, 0, 0, 0, 0, 0, 0, 0, 0.333333343267, 0, 0.666666686535, 0, 0, 0, 0, 0, 0, 0, 0, 0, 0, 0, 0, 0, 0, 0, 0, 0, 0, 0, 0, 0, 0, 0, 0, 0, 0, 0, 0, 0, 0, 0, 0, 0, 0, 0, 0, 0, 0, 0, 0, 0, 0, 0, 0, 0, 0, 0, 0, 0, 0, 0, 0, 0, 0, 0, 0, 0, 0, 0, 0, 0, 0, 0, 0, 0, 0, 0, 0, 0, 0, 0, 0, 0, 0, 0, 0, 0, 0, 0, 0, 0, 0, 0, 0, 0, 0, 0, 0, 0, 0, 0, 0, 0, 0, 0, 0, 0, 0, 0, 0, 0, 0, 0, 0, 0, 0, 0, 0, 0, 0, 0, 0, 0, 0, 0, 0, 0, 0, 0, 0, 0, 0, 0, 0, 0, 0, 0, 0, 0, 0, 0, 0, 0, 0, 0, 0, 0, 0, 0, 0, 0, 0, 0, 0, 0, 0, 0, 0, 0, 0, 0, 0, 0, 0, 0]]
},
"sfx": {
    "inharmonicity": {
        "mean": 0.0129501773044,
        "var": 0.000994289061055
    },
    "oddtoevenharmonicenergyratio": {
        "mean": 7.38800144196,
        "var": 2699.98242188
    },
    "pitch_after_max_to_before_max_energy_ratio": 0.209463626146,
    "pitch_centroid": 57.7194366455,
    "pitch_max_to_total": 0.779660999775,
    "pitch_min_to_total": 0.940677940845,
    "tristimulus": {
        "mean": [0.378604918718, 0.35300552845, 0.26838991046],
        "var": [0.0247722826898, 0.028414895758, 0.0317818522453]
    }
},
"tonal": {
    "chords_changes_rate": 0.0166666675359,
    "chords_number_rate": 0.0333333350718,
    "chords_strength": {
        "mean": 0.462940752506,
        "var": 0.000406336243032
    },
    "key_strength": 0.666646838188,
    "tuning_diatonic_strength": 0.527277946472,
    "tuning_equal_tempered_deviation": 0.188197553158,
    "tuning_frequency": 443.828887939,
    "tuning_nontempered_energy_ratio": 0.72677141428,