{
"metadata": {
    "version": {
        "essentia": "2.1-dev"
    }
},
"lowLevel": {
    "barkbands_kurtosis": {
        "mean": 3.86507368088,
        "var": 2.00100445747
    },
    "dissonance": {
        "mean": 0.359410434961,
        "var": 0.00110719609074
    },
    "hfc": {
        "mean": 109.631332397,
        "var": 4078.1105957
    },
    "spectral_centroid": {
        "mean": 825.542785645,
        "var": 3600.64794922
    },
    "spectral_complexity": {
        "mean": 7.86585378647,
        "var": 0.530785322189
    },
    "spectral_crest": {
        "mean": 20.5069599152,
        "var": 0.863851666451
    },
    "spectral_energyband_high": {
        "mean": 0.000265172333457,
        "var": 3.7240440065e-08
    },
    "spectral_energyband_low": {
        "mean": 1.75795776158e-05,
        "var": 2.05567118883e-10
    },
    "spectral_kurtosis": {
        "mean": 15.3300762177,
        "var": 11.8478546143
    },
    "spectral_rolloff": {
        "mean": 1101.08081055,
        "var": 41400.421875
    },
    "spectral_strongpeak": {
        "mean": 6.08226251602,
        "var": 4.51201629639
    },
    "mfcc": {
        "mean": [-712.931213379, 53.0839424133, -105.625205994, 22.6934547424, -28.4465694427, -63.9765014648, -22.1224441528, 1.42203760147, -9.94261837006, 13.3331794739, 35.6785812378, 53.8114776611, 55.6048088074],
        "var": [1794.42590332, 202.056381226, 92.9788970947, 34.8101882935, 27.6272125244, 151.231842041, 17.52866745, 74.4205856323, 37.1298217773, 45.8058166504, 48.1191329956, 31.4462795258, 24.0939025879]
    },
    "sccoeffs": {
        "mean": [-0.703229188919, -0.22538138926, -0.407805502415, -0.468283027411, -0.515608012676, -0.690046608448],
        "var": [0.00307166622952, 0.00242321938276, 0.00100653269328, 0.00144408072811, 0.0039967354387, 0.00114478403702]
    }
},
"sfx": {
    "inharmonicity": {
        "mean": 0.000690126384143,
        "var": 4.40726040551e-07
    }
}
}