{
"metadata": {
    "version": {
        "essentia": "2.1-dev"
    }
},
"lowLevel": {
    "barkbands_kurtosis": {
        "mean": 11.5693101883,
        "var": 2.12210202217
    },
    "dissonance": {
        "mean": 0.237025901675,
        "var": 0.000181652343599
    },
    "hfc": {
        "mean": 31.3078308105,
        "var": 111.463127136
    },
    "spectral_centroid": {
        "mean": 488.280334473,
        "var": 14.4922056198
    },
    "spectral_complexity": {
        "mean": 9.27397251129,
        "var": 1.65096664429
    },
    "spectral_crest": {
        "mean": 17.1732788086,
        "var": 0.485146105289
    },
    "spectral_energyband_high": {
        "mean": 1.27951977902e-07,
        "var": 4.91856997636e-15
    },
    "spectral_energyband_low": {
        "mean": 0.000248626252869,
        "var": 5.71858116416e-09
    },
    "spectral_kurtosis": {
        "mean": 261.032196045,
        "var": 5106.76025391
    },
    "spectral_rolloff": {
        "mean": 543.344665527,
        "var": 908.563354492
    },
    "spectral_strongpeak": {
        "mean": 3.97016215324,
        "var": 1.00630474091
    },
    "mfcc": {
        "mean": [-851.403137207, 277.693023682, 55.7845878601, -43.4782905579, -33.6003646851, -19.368265152, -25.0093269348, -26.0511360168, -14.5864505768, -1.01037359238, 7.99046850204, 15.5864505768, 21.605091095],
        "var": [453.302398682, 131.30015564, 119.013053894, 37.7816238403, 22.1521644592, 12.6757802963, 12.0693416595, 32.3376083374, 9.25223731995, 25.8219795227, 17.7445812225, 11.4147548676, 19.633102417]
    },
    "sccoeffs": {
        "mean": [-0.5673173666, -0.44648078084, -0.648920297623, -0.711908936501, -0.848272204399, -0.872316896915],
        "var": [0.000468027195893, 0.000869151146617, 0.00167358922772, 0.000734290166292, 0.000394584378228, 0.000356038188329]
    }
},
"sfx": {
    "inharmonicity": {
        "mean": 1.15479506348e-05,
        "var": 1.97144536807e-10
    }
}
}