{
"metadata": {
    "version": {
        "essentia": "2.1-dev"
    }
},
"lowLevel": {
    "average_loudness": 0.970178365707,
    "barkbands_kurtosis": {
        "mean": 15.6192445755,
        "var": 298.358062744
    },
    "barkbands_skewness": {
        "mean": 0.767236888409,
        "var": 3.83639764786
    },
    "barkbands_spread": {
        "mean": 2.57534360886,
        "var": 30.447347641
    },
    "dissonance": {
        "mean": 0.275464624166,
        "var": 0.00810696650296
    },
    "hfc": {
        "mean": 22.7000484467,
        "var": 273.91708374
    },
    "pitch": {
        "mean": 450.684020996,
        "var": 29117.7070312
    },
    "pitch_instantaneous_confidence": {
        "mean": 0.675677537918,
        "var": 0.0416576042771
    },
    "pitch_salience": {
        "mean": 0.614630460739,
        "var": 0.0112106967717
    },
    "silence_rate_20dB": {
        "mean": 1,
        "var": 0
    },
    "silence_rate_30dB": {
        "mean": 0.990099012852,
        "var": 0.00980297382921
    },
    "silence_rate_60dB": {
        "mean": 0.247524753213,
        "var": 0.186256334186
    },
    "spectral_centroid": {
        "mean": 445.559631348,
        "var": 17110.7910156
    },
    "spectral_complexity": {
        "mean": 6.90099000931,
        "var": 16.485244751
    },
    "spectral_crest": {
        "mean": 16.0816364288,
        "var": 9.21750831604
    },
    "spectral_decrease": {
        "mean": -1.17437020108e-08,
        "var": 7.26435440249e-17
    },
    "spectral_energy": {
        "mean": 0.0463823750615,
        "var": 0.00113362132106
    },
    "spectral_energyband_high": {
        "mean": 9.39758422192e-08,
        "var": 6.57615627941e-15
    },
    "spectral_energyband_low": {
        "mean": 0.000180717048352,
        "var": 1.61724020842e-08
    },
    "spectral_energyband_middle_high": {
        "mean": 0.000377904478228,
        "var": 1.24541500668e-07
    },
    "spectral_energyband_middle_low": {
        "mean": 0.0458263531327,
        "var": 0.0011036999058
    },
    "spectral_flatness_db": {
        "mean": 0.43853482604,
        "var": 0.0128603409976
    },
    "spectral_flux": {
        "mean": 0.0150738367811,
        "var": 0.000393551075831
    },
    "spectral_kurtosis": {
        "mean": 201.807510376,
        "var": 15225.7158203
    },
    "spectral_rms": {
        "mean": 0.00569648295641,
        "var": 1.28011770357e-05
    },
    "spectral_rolloff": {
        "mean": 523.192932129,
        "var": 49760.9296875
    },
    "spectral_skewness": {
        "mean": 11.1577615738,
        "var": 23.7965335846
    },
    "spectral_spread": {
        "mean": 1961689.875,
        "var": 7.87791898214e+12
    },
    "spectral_strongpeak": {
        "mean": 2.90321159363,
        "var": 3.71492886543
    },
    "zerocrossingrate": {
        "mean": 0.0223255716264,
        "var": 4.83829899167e-05
    },
    "barkbands": {
        "mean": [3.50758170953e-07, 8.10423807707e-05, 9.8856195109e-05, 7.85520896898e-05, 0.000665255705826, 0.00464919628575, 0.0296384878457, 0.0105246454477, 0.00026652411907, 5.98660590185e-05, 0.000168749247678, 0.000121409000712, 2.32027796301e-05, 2.5738693239e-06, 1.86974284588e-06, 1.61523439601e-06, 4.3664755367e-08, 5.36557180908e-08, 5.27605976686e-08, 2.2552621104e-08, 2.05835508638e-08, 1.72627441231e-08, 1.11708695627e-08, 1.84426927063e-08, 9.76379688211e-09, 9.84277992444e-10, 1.04959352321e-09],
        "var": [1.32433018545e-13, 3.28745031197e-09, 4.84316853289e-09, 2.89112911389e-09, 2.02959043349e-07, 1.04899745565e-05, 0.000478631118312, 5.77371320105e-05, 3.66888279757e-08, 4.78473172194e-09, 2.39677699909e-08, 1.39512934538e-08, 3.96536525837e-10, 7.90928520594e-12, 5.87789018847e-12, 2.28905523009e-12, 2.87656539349e-15, 2.03504768951e-15, 2.76025802895e-15, 4.37885328786e-16, 3.84608518121e-16, 2.27373448015e-16, 1.00027596431e-16, 3.50886177727e-16, 1.33803266814e-16, 2.0446297944e-18, 2.32683714283e-18]
    },
    "mfcc": {
        "mean": [-914.342651367, 220.296508789, 51.4431114197, -27.3065338135, -23.3157119751, -14.0367927551, -18.8013248444, -19.7521781921, -10.5411243439, 0.766110658646, 8.22557926178, 13.8210811615, 17.7724437714],
        "var": [11517.0664062, 9745.87890625, 327.826873779, 733.883911133, 391.123291016, 211.677139282, 224.270385742, 197.296661377, 73.8757705688, 31.258102417, 23.2289066315, 35.3801498413, 71.0435562134]
    },
    "sccoeffs": {
        "mean": [-0.630395412445, -0.545357525349, -0.711987495422, -0.756305277348, -0.862301886082, -0.878220081329],
        "var": [0.0119470143691, 0.0305320359766, 0.0123190348968, 0.00593546545133, 0.00089383602608, 0.000490991340484]
    },
    "scvalleys": {
        "mean": [-7.79375505447, -6.42781543732, -8.61799621582, -9.94113731384, -11.8417205811, -12.7336702347],
        "var": [1.53571665287, 6.32555484772, 3.23747229576, 1.89087474346, 0.840708315372, 0.874239385128]
    }
},
"rhythm": {
    "beats_loudness": {
        "mean": 0.0805761814117,
        "var": 0.000283583445707
    },
    "bpm": 105.46875,
    "confidence": 0,
    "first_peak_bpm": {
        "mean": 105,
        "var": 0
    },
    "first_peak_spread": {
        "mean": 0,
        "var": 0
    },
    "first_peak_weight": {
        "mean": 1,
        "var": 0
    },
    "onset_rate": 0.867367506027,
    "second_peak_bpm": {
        "mean": 0,
        "var": 0
    },
    "second_peak_spread": {
        "mean": 0,
        "var": 0
    },
    "second_peak_weight": {
        "mean": 0,
        "var": 0
    },
    "beats_loudness_band_ratio": {
        "mean": [0.0140963122249, 0.133491680026, 0.92543810606, 0.00767969945446, 9.50916219153e-05, 3.90252125726e-06],
        "var": [3.5710809243e-07, 3.12443553412e-05, 2.0922971089e-05, 8.58052680996e-06, 1.15160736502e-09, 2.61880659302e-13]
    },
    "beats_position": [0.545668900013, 1.11455774307, 1.68344664574],
    "bpm_estimates": [105.468757629, 105.46875],
    "bpm_intervals": [0.56888884306, 0.568888902664],
    "onset_times": [0.220589563251, 2.14784574509],
    "histogram": [[0, 0, 0, 0, 0, 0, 0, 0, 0, 0, 0, 0, 0, 0, 0, 0, 0, 0, 0, 0, 0, 0, 0, 0, 0, 0, 0, 0, 0, 0, 0, 0, 0, 0, 0, 0, 0, 0, 0, 0, 0, 0, 0, 0, 0, 0, 0, 0, 0, 0, 0, 0, 0, 0, 0, 0, 0, 0, 0, 0, 0, 0, 0, 0, 0, 0, 0, 0, 0, 0, 0, 0, 0, 0, 0, 0, 0, 0, 0, 0, 0, 0, 0, 0, 0, 0, 0, 0, 0, 0, 0, 0, 0, 0, 0, 0, 0, 0, 0, 0, 0, 0, 0, 0, 0, 1, 0, 0, 0, 0, 0, 0, 0, 0, 0, 0, 0, 0, 0, 0, 0, 0, 0, 0, 0, 0, 0, 0, 0, 0, 0, 0, 0, 0, 0, 0, 0, 0, 0, 0, 0, 0, 0, 0, 0, 0, 0, 0, 0, 0, 0, 0, 0, 0, 0, 0, 0, 0, 0, 0, 0, 0, 0, 0, 0, 0, 0, 0, 0, 0, 0, 0, 0, 0, 0, 0, 0, 0, 0, 0, 0, 0, 0, 0, 0, 0, 0, 0, 0, 0, 0, 0, 0, 0, 0, 0, 0, 0, 0, 0, 0, 0, 0, 0, 0, 0, 0, 0, 0, 0, 0, 0, 0, 0, 0, 0, 0, 0, 0, 0, 0, 0, 0, 0, 0, 0, 0, 0, 0, 0, 0, 0, 0, 0, 0, 0, 0, 0, 0, 0, 0, 0, 0, 0, 0, 0, 0, 0, 0, 0]]
},
"sfx": {
    "inharmonicity": {
        "mean": 0.016073949635,
        "var": 0.00233136187308
    },
    "oddtoevenharmonicenergyratio": {
        "mean": 1.01721155643,
        "var": 59.748588562
    },
    "pitch_after_max_to_before_max_energy_ratio": 0.103612869978,
    "pitch_centroid": 51.2291145325,
    "pitch_max_to_total": 0.930693089962,
    "pitch_min_to_total": 0.0594059415162,
    "tristimulus": {
        "mean": [0.806761085987, 0.121897444129, 0.0713415443897],
        "var": [0.0756923109293, 0.0182891972363, 0.0267008226365]
    }
},
"tonal": {
    "chords_changes_rate": 0,
    "chords_number_rate": 0.0196078438312,
    "chords_strength": {
        "mean": 0.659345269203,
        "var": 0.000208238736377
    },
    "key_strength": 0.513887286186,
    "tuning_diatonic_strength": 0.402817845345,
    "tuning_equal_tempered_deviation": 0.0846682414412,
    "tuning_frequency": 439.745910645,
    "tuning_nontempered_energy_ratio": 0.714172482491,