{"lowlevel.dissonance.mean": [0.6437332630157471], "sfx.inharmonicity.mean": [0.3374771177768707], "lowlevel.spectral_contrast.mean": [[0.6991106271743774, 0.2423173189163208, 0.24906468391418457, 0.2273235321044922, 0.2278132438659668, 0.2933166027069092]], "lowlevel.spectral_centroid.mean": [0.32026544213294983], "lowlevel.mfcc.mean": [[0.23635780811309814, 0.2937852144241333, 0.6273624897003174, 0.5690035820007324, 0.6266428828239441, 0.6784089207649231, 0.7044999599456787, 0.715482771396637, 0.7133625745773315, 0.7014657855033875, 0.6967049837112427, 0.6546503901481628, 0.6460263729095459]], "sfx.logattacktime.mean": [0.19718679785728455], "lowlevel.hfc.mean": [0.46796706318855286]}