{
"metadata": {
    "version": {
        "essentia": "2.1-dev"
    }
},
"lowLevel": {
    "average_loudness": 0.99068403244,
    "barkbands_kurtosis": {
        "mean": 7946.10546875,
        "var": 89157736
    },
    "barkbands_skewness": {
        "mean": 46.866394043,
        "var": 1823.37390137
    },
    "barkbands_spread": {
        "mean": 8.96260070801,
        "var": 406.241760254
    },
    "dissonance": {
        "mean": 0.467926353216,
        "var": 0.00606522150338
    },
    "hfc": {
        "mean": 5.3320479393,
        "var": 428.79977417
    },
    "pitch": {
        "mean": 2282.77661133,
        "var": 12823514
    },
    "pitch_instantaneous_confidence": {
        "mean": 0.134750947356,
        "var": 0.0228313002735
    },
    "pitch_salience": {
        "mean": 0.197063535452,
        "var": 0.0685343518853
    },
    "silence_rate_20dB": {
        "mean": 1,
        "var": 0
    },
    "silence_rate_30dB": {
        "mean": 0.955555558205,
        "var": 0.042469125241
    },
    "silence_rate_60dB": {
        "mean": 0.866666674614,
        "var": 0.115555666387
    },
    "spectral_centroid": {
        "mean": 262.52835083,
        "var": 362357.21875
    },
    "spectral_complexity": {
        "mean": 1.11111116409,
        "var": 9.65431594849
    },
    "spectral_crest": {
        "mean": 21.9983768463,
        "var": 51.106967926
    },
    "spectral_decrease": {
        "mean": -2.90004797954e-09,
        "var": 1.18165304837e-16
    },
    "spectral_energy": {
        "mean": 0.0114290900528,
        "var": 0.00183206156362
    },
    "spectral_energyband_high": {
        "mean": 0.000304976740154,
        "var": 9.00670897863e-07
    },
    "spectral_energyband_low": {
        "mean": 0.00279299658723,
        "var": 0.000106579456769
    },
    "spectral_energyband_middle_high": {
        "mean": 0.000222423695959,
        "var": 8.74552540608e-07
    },
    "spectral_energyband_middle_low": {
        "mean": 0.00904991105199,
        "var": 0.00138859148137
    },
    "spectral_flatness_db": {
        "mean": 0.502431869507,
        "var": 0.0577979125082
    },
    "spectral_flux": {
        "mean": 0.038454208523,
        "var": 0.0100982701406
    },
    "spectral_kurtosis": {
        "mean": 28.2801265717,
        "var": 546.489196777
    },
    "spectral_rms": {
        "mean": 0.00131041998975,
        "var": 9.43312898016e-06
    },
    "spectral_rolloff": {
        "mean": 579.482421875,
        "var": 2894462.5
    },
    "spectral_skewness": {
        "mean": 4.26422739029,
        "var": 5.9588136673
    },
    "spectral_spread": {
        "mean": 6135017,
        "var": 3.36371583549e+13
    },
    "spectral_strongpeak": {
        "mean": 0.0861031338573,
        "var": 0.0743722096086
    },
    "zerocrossingrate": {
        "mean": 0.0218641497195,
        "var": 0.00192448333837
    },
    "barkbands": {
        "mean": [0.000335880962666, 0.00110818690155, 0.000416514492827, 0.00197949446738, 0.00325682759285, 0.00237523391843, 0.000610129907727, 0.000546495313756, 0.00026266646455, 3.40069709637e-05, 3.14274948323e-05, 1.57381982717e-05, 1.36657554322e-05, 2.10226789932e-05, 1.13405731099e-05, 1.09581460492e-05, 1.21073135233e-05, 3.609601481e-05, 2.1156081857e-05, 3.84956329071e-05, 4.57908354292e-05, 7.67585952417e-05, 6.82297104504e-05, 6.3398394559e-05, 3.74645242118e-05, 1.07578737585e-10, 1.15701830061e-10],
        "var": [5.18672891303e-07, 2.84266752715e-05, 2.27736450142e-06, 4.39259274572e-05, 0.000151554137119, 0.000227508324315, 1.30222888401e-05, 1.069958671e-05, 2.81042343886e-06, 2.59640167144e-08, 3.58337821638e-08, 4.70207295322e-09, 2.6256767871e-09, 8.97859830928e-09, 2.09003991891e-09, 1.18838627827e-09, 1.47588130606e-09, 3.02513782913e-08, 3.39860650733e-09, 2.04149994687e-08, 2.42334863287e-08, 6.32449541627e-08, 3.6284554028e-08, 3.04957943342e-08, 3.23147126835e-08, 1.42316437314e-19, 1.77471135134e-19]
    },
    "mfcc": {
        "mean": [-1025.78747559, 38.8628311157, 26.2203559875, 19.3657360077, 12.3300037384, 15.0127925873, 12.1567230225, 12.8577280045, 9.78492927551, 9.62429523468, 7.80875730515, 6.56890249252, 5.31886672974],
        "var": [33414.8203125, 1530.45727539, 315.467132568, 168.288406372, 60.9539108276, 70.8822174072, 108.764389038, 77.2713165283, 95.2250442505, 55.3042602539, 69.4588088989, 74.9636230469, 92.1607818604]
    },
    "sccoeffs": {
        "mean": [-0.550866425037, -0.871295392513, -0.895351946354, -0.897761285305, -0.901051223278, -0.887330055237],
        "var": [0.0193662662059, 0.0036977136042, 0.00202682008967, 0.00110914080869, 0.00119851424824, 0.00205645547248]
    },
    "scvalleys": {
        "mean": [-10.1261405945, -11.4709129333, -11.9574174881, -12.4359998703, -12.7083806992, -13.0330495834],
        "var": [8.41228103638, 9.54241371155, 9.35297203064, 8.4619846344, 8.21509552002, 7.92722558975]
    }
},
"rhythm": {
    "bpm": 0,
    "confidence": 0,
    "first_peak_bpm": {
        "mean": 0,
        "var": 0
    },
    "first_peak_spread": {
        "mean": 0,
        "var": 0
    },
    "first_peak_weight": {
        "mean": 0,
        "var": 0
    },
    "onset_rate": 1.00002264977,
    "second_peak_bpm": {
        "mean": 0,
        "var": 0
    },
    "second_peak_spread": {
        "mean": 0,
        "var": 0
    },
    "second_peak_weight": {
        "mean": 0,
        "var": 0
    },
    "beats_position": [],
    "bpm_estimates": [],
    "bpm_intervals": [],
    "onset_times": [0.0464399084449],
    "histogram": [[0, 0, 0, 0, 0, 0, 0, 0, 0, 0, 0, 0, 0, 0, 0, 0, 0, 0, 0, 0, 0, 0, 0, 0, 0, 0, 0, 0, 0, 0, 0, 0, 0, 0, 0, 0, 0, 0, 0, 0, 0, 0, 0, 0, 0, 0, 0, 0, 0, 0, 0, 0, 0, 0, 0, 0, 0, 0, 0, 0, 0, 0, 0, 0, 0, 0, 0, 0, 0, 0, 0, 0, 0, 0, 0, 0, 0, 0, 0, 0, 0, 0, 0, 0, 0, 0, 0, 0, 0, 0, 0, 0, 0, 0, 0, 0, 0, 0, 0, 0, 0, 0, 0, 0, 0, 0, 0, 0, 0, 0, 0, 0, 0, 0, 0, 0, 0, 0, 0, 0, 0, 0, 0, 0, 0, 0, 0, 0, 0, 0, 0, 0, 0, 0, 0, 0, 0, 0, 0, 0, 0, 0, 0, 0, 0, 0, 0, 0, 0, 0, 0, 0, 0, 0, 0, 0, 0, 0, 0, 0, 0, 0, 0, 0, 0, 0, 0, 0, 0, 0, 0, 0, 0, 0, 0, 0, 0, 0, 0, 0, 0, 0, 0, 0, 0, 0, 0, 0, 0, 0, 0, 0, 0, 0, 0, 0, 0, 0, 0, 0, 0, 0, 0, 0, 0, 0, 0, 0, 0, 0, 0, 0, 0, 0, 0, 0, 0, 0, 0, 0, 0, 0, 0, 0, 0, 0, 0, 0, 0, 0, 0, 0, 0, 0, 0, 0, 0, 0, 0, 0, 0, 0, 0, 0, 0, 0, 0, 0, 0, 0]]
},
"sfx": {
    "inharmonicity": {
        "mean": 0.053677521646,
        "var": 0.0228362753987
    },
    "oddtoevenharmonicenergyratio": {
        "mean": 7.5618299253e+36,
        "var": inf
    },
    "pitch_after_max_to_before_max_energy_ratio": 1.66127228737,
    "pitch_centroid": 28.2046909332,
    "pitch_max_to_total": 0.444444447756,
    "pitch_min_to_total": 0.844444453716,
    "tristimulus": {
        "mean": [0.590515375137, 0.161306202412, 0.225956231356],
        "var": [0.136296182871, 0.0459185801446, 0.0796186700463]
    }
},
"tonal": {
    "chords_changes_rate": 0.0434782616794,
    "chords_number_rate": 0.0869565233588,
    "chords_strength": {
        "mean": 0.441228032112,
        "var": 8.94399781828e-05
    },
    "key_strength": 0.598334729671,
    "tuning_diatonic_strength": 0.453450530767,
    "tuning_equal_tempered_deviation": 0.300201952457,
    "tuning_frequency": 438.984558105,
    "tuning_nontempered_energy_ratio": 0.954717040062,
    "hpcp": {
        "mean": [0.0483174473047, 0.0581359229982, 0.0782725736499, 0.198960825801, 0.453665733337, 0.416763424873, 0.175367519259, 0.0991060957313, 0.0577940121293, 0.0337047949433, 0.0519861094654, 0.0734227821231, 0.0581970848143, 0.0443962179124, 0.0365832932293, 0.039109505713, 0.0459850244224, 0.0568281970918, 0.0919147059321, 0.215371280909, 0.261552035809, 0.108785234392, 0.0572412535548, 0.21640470624, 0.195254787803, 0.0422517620027, 0.0248762909323, 0.0245206598192, 0.0506959073246, 0.115668579936, 0.165963202715, 0.123519606888, 0.0485962219536, 0.0486356392503, 0.057530798018, 0.0442087240517],