{
"metadata": {
    "version": {
        "essentia": "2.1-dev"
    }
},
"lowLevel": {
    "barkbands_kurtosis": {
        "mean": 15.0438890457,
        "var": 184.870925903
    },
    "dissonance": {
        "mean": 0.430466741323,
        "var": 0.00831960793585
    },
    "hfc": {
        "mean": 45.6086769104,
        "var": 2019.32128906
    },
    "spectral_centroid": {
        "mean": 618.519836426,
        "var": 111132.453125
    },
    "spectral_complexity": {
        "mean": 8.80000019073,
        "var": 18.9600009918
    },
    "spectral_crest": {
        "mean": 11.8932523727,
        "var": 1.48539412022
    },
    "spectral_energyband_high": {
        "mean": 0.0024551814422,
        "var": 2.6748905384e-06
    },
    "spectral_energyband_low": {
        "mean": 0.0241666752845,
        "var": 0.000444466772024
    },
    "spectral_kurtosis": {
        "mean": -0.167231887579,
        "var": 1.38745856285
    },
    "spectral_rolloff": {
        "mean": 887.16796875,
        "var": 1361620.75
    },
    "spectral_strongpeak": {
        "mean": 0.758889317513,
        "var": 0.159003287554
    },
    "mfcc": {
        "mean": [-598.596862793, 80.7765579224, 58.0827407837, 38.9425354004, 7.45933008194, 6.939453125, -7.20521020889, -2.85195970535, -10.3122711182, -3.53542947769, -1.41766512394, -6.66480731964, -7.64659738541],
        "var": [2153.8605957, 755.874145508, 274.829467773, 286.999816895, 241.245559692, 259.484588623, 59.7686233521, 89.6282653809, 20.8356723785, 63.5249938965, 66.1718826294, 42.6338500977, 19.066204071]
    },
    "sccoeffs": {
        "mean": [-0.543310165405, -0.746284723282, -0.812935352325, -0.840211987495, -0.822991192341, -0.81440114975],
        "var": [0.00512294471264, 0.0010044692317, 0.0011396035552, 0.0009292831528, 0.00036656454904, 0.00014616214321]
    }
},
"sfx": {
    "inharmonicity": {
        "mean": 0.00706845801324,
        "var": 2.29544330068e-05
    }
}
}