{"lowlevel.dissonance.mean": [0.16908133029937744], "sfx.inharmonicity.mean": [0.30626559257507324], "lowlevel.spectral_contrast.mean": [[0.7241937518119812, 0.8502130508422852, 0.8966293334960938, 0.5971014499664307, 0.5087924003601074, 0.2653927803039551]], "lowlevel.spectral_centroid.mean": [0.34348735213279724], "lowlevel.mfcc.mean": [[0.34594154357910156, 0.7537475824356079, 0.6240124702453613, 0.12368056178092957, 0.17757263779640198, 0.2381153106689453, 0.4769865572452545, 0.6991645097732544, 0.8267199993133545, 0.678249716758728, 0.43831950426101685, 0.1886260211467743, 0.15087103843688965]], "sfx.logattacktime.mean": [0.2659622132778168], "lowlevel.hfc.mean": [0.46553292870521545]}