{
"metadata": {
    "version": {
        "essentia": "2.1-dev"
    }
},
"lowLevel": {
    "barkbands_kurtosis": {
        "mean": 1.95875585079,
        "var": 2.60099816322
    },
    "dissonance": {
        "mean": 0.285267025232,
        "var": 0.00285140913911
    },
    "hfc": {
        "mean": 8.96187591553,
        "var": 0.831734001637
    },
    "spectral_centroid": {
        "mean": 644.66973877,
        "var": 392.549346924
    },
    "spectral_complexity": {
        "mean": 6.66666650772,
        "var": 1.55555546284
    },
    "spectral_crest": {
        "mean": 14.7745637894,
        "var": 3.80093002319
    },
    "spectral_energyband_high": {
        "mean": 3.5864968595e-07,
        "var": 2.06823710854e-14
    },
    "spectral_energyband_low": {
        "mean": 4.35625806858e-05,
        "var": 2.38860237145e-10
    },
    "spectral_kurtosis": {
        "mean": 109.222984314,
        "var": 234.121520996
    },
    "spectral_rolloff": {
        "mean": 775.1953125,
        "var": 0
    },
    "spectral_strongpeak": {
        "mean": 2.37975287437,
        "var": 0.169507443905
    },
    "mfcc": {
        "mean": [-833.777893066, 225.18989563, -21.5598964691, -30.440694809, -25.2631225586, -42.5199699402, -15.0597333908, 3.82557749748, 10.5808677673, 5.7033290863, -18.0482196808, -33.7249031067, -29.8215999603],
        "var": [72.3881530762, 26.461057663, 7.7151427269, 35.0528526306, 24.0884304047, 1.72164189816, 0.554143249989, 8.26273441315, 35.8386116028, 4.40010404587, 11.376666069, 17.0697250366, 8.20914649963]
    },
    "sccoeffs": {
        "mean": [-0.389761686325, -0.751739919186, -0.476149320602, -0.779935657978, -0.769978702068, -0.817152678967],
        "var": [0.000631165399682, 0.0010555870831, 0.000284276582533, 0.000310781790176, 0.000138399293064, 6.57807395328e-05]
    }
},
"sfx": {
    "inharmonicity": {
        "mean": 0.3356962502,
        "var": 0.000221296329983
    }
}
}