{
"metadata": {
    "version": {
        "essentia": "2.1-dev"
    }
},
"lowLevel": {
    "barkbands_kurtosis": {
        "mean": 5.1395368576,
        "var": 55.5440826416
    },
    "dissonance": {
        "mean": 0.366807162762,
        "var": 0.00871648453176
    },
    "hfc": {
        "mean": 20.438325882,
        "var": 48.6311073303
    },
    "spectral_centroid": {
        "mean": 1239.48754883,
        "var": 9506.44140625
    },
    "spectral_complexity": {
        "mean": 2.59440565109,
        "var": 0.255073159933
    },
    "spectral_crest": {
        "mean": 15.4831085205,
        "var": 1.79683423042
    },
    "spectral_energyband_high": {
        "mean": 8.21565845399e-06,
        "var": 5.65115940154e-11
    },
    "spectral_energyband_low": {
        "mean": 2.1519410609e-07,
        "var": 9.10871177746e-14
    },
    "spectral_kurtosis": {
        "mean": 26.4942893982,
        "var": 47.833656311
    },
    "spectral_rolloff": {
        "mean": 1604.29638672,
        "var": 265755.40625
    },
    "spectral_strongpeak": {
        "mean": 5.02014160156,
        "var": 0.582392990589
    },
    "mfcc": {
        "mean": [-957.682006836, 20.9643688202, -121.250465393, -28.7268218994, -0.0318514406681, 7.00744485855, 39.8351173401, 43.8823242188, 20.635925293, -41.3805618286, -53.566493988, 11.7454061508, 57.0118713379],
        "var": [106.268989563, 79.1991043091, 93.8697967529, 73.9037322998, 48.4438247681, 80.2572937012, 99.7369003296, 39.9465675354, 92.7608413696, 26.1088294983, 62.7498970032, 29.9574337006, 30.8951187134]
    },
    "sccoeffs": {
        "mean": [-0.76691365242, -0.877784848213, -0.330841392279, -0.501688659191, -0.701632857323, -0.852488100529],
        "var": [0.00353685743175, 0.000893477059435, 0.000631266448181, 0.00266546523198, 0.00243738922291, 0.000289912364678]
    }
},
"sfx": {
    "inharmonicity": {
        "mean": 0.00019179242372,
        "var": 2.37857307184e-08
    }
}
}