{
"metadata": {
    "version": {
        "essentia": "2.1-dev"
    }
},
"lowLevel": {
    "average_loudness": 0.99068403244,
    "barkbands_kurtosis": {
        "mean": 6.81563138962,
        "var": 80.0386962891
    },
    "barkbands_skewness": {
        "mean": 1.21738779545,
        "var": 3.82196116447
    },
    "barkbands_spread": {
        "mean": 26.2058296204,
        "var": 406.368133545
    },
    "dissonance": {
        "mean": 0.46332770586,
        "var": 0.000885679735802
    },
    "hfc": {
        "mean": 14.5282526016,
        "var": 2806.63793945
    },
    "pitch": {
        "mean": 698.34979248,
        "var": 1262097.125
    },
    "pitch_instantaneous_confidence": {
        "mean": 0.351143538952,
        "var": 0.0250632949173
    },
    "pitch_salience": {
        "mean": 0.620068609715,
        "var": 0.0228668190539
    },
    "silence_rate_20dB": {
        "mean": 1,
        "var": 0
    },
    "silence_rate_30dB": {
        "mean": 1,
        "var": 0
    },
    "silence_rate_60dB": {
        "mean": 0.891891896725,
        "var": 0.0964206680655
    },
    "spectral_centroid": {
        "mean": 2751.13305664,
        "var": 8810271
    },
    "spectral_complexity": {
        "mean": 5.2702703476,
        "var": 227.494506836
    },
    "spectral_crest": {
        "mean": 9.11387062073,
        "var": 18.9921417236
    },
    "spectral_decrease": {
        "mean": -9.7919794495e-10,
        "var": 1.44397246851e-17
    },
    "spectral_energy": {
        "mean": 0.00501347333193,
        "var": 0.000365925778169
    },
    "spectral_energyband_high": {
        "mean": 0.00154562387615,
        "var": 3.26461267832e-05
    },
    "spectral_energyband_low": {
        "mean": 6.06379908277e-05,
        "var": 7.59698153274e-08
    },
    "spectral_energyband_middle_high": {
        "mean": 0.00245480006561,
        "var": 9.02551910258e-05
    },
    "spectral_energyband_middle_low": {
        "mean": 0.00103196292184,
        "var": 1.59717328643e-05
    },
    "spectral_flatness_db": {
        "mean": 0.188913449645,
        "var": 0.00548362126574
    },
    "spectral_flux": {
        "mean": 0.0239352211356,
        "var": 0.00436889659613
    },
    "spectral_kurtosis": {
        "mean": 1.55215728283,
        "var": 26.607088089
    },
    "spectral_rms": {
        "mean": 0.000742023985367,
        "var": 4.34059393228e-06
    },
    "spectral_rolloff": {
        "mean": 4887.45507812,
        "var": 28052882
    },
    "spectral_skewness": {
        "mean": 0.968314945698,
        "var": 1.27802884579
    },
    "spectral_spread": {
        "mean": 11506806,
        "var": 8.3289910018e+13
    },
    "spectral_strongpeak": {
        "mean": 0.0682719424367,
        "var": 0.0319292731583
    },
    "zerocrossingrate": {
        "mean": 0.181627422571,
        "var": 0.0275204703212
    },
    "barkbands": {
        "mean": [3.69894550545e-08, 2.96857092508e-06, 3.28903734044e-05, 4.69549486297e-05, 9.97909955913e-05, 8.80097795743e-05, 0.000144189165439, 0.000181073468411, 0.000380949582905, 0.000493291532621, 0.000288546172669, 0.000149659448653, 0.000101176017779, 8.58527782839e-05, 8.0915633589e-05, 0.000110020242573, 0.000209619538509, 0.000596551806666, 0.000267578434432, 0.000516505970154, 0.000533782702405, 0.000131121196318, 0.000157988572028, 0.000216655287659, 9.73426940618e-05, 5.74977265799e-09, 9.04498032028e-10],
        "var": [3.86208941347e-14, 1.39235872831e-10, 2.22851941345e-08, 3.95737274062e-08, 1.57675458468e-07, 1.06620674956e-07, 2.76643135066e-07, 7.26857649624e-07, 2.53535836237e-06, 3.43978990713e-06, 1.72147861122e-06, 3.94608179022e-07, 1.53244812395e-07, 9.11834590056e-08, 7.12934351554e-08, 1.65502981986e-07, 5.05948605678e-07, 8.05710169516e-06, 9.50718117565e-07, 4.29807005276e-06, 4.89420563099e-06, 1.75129372337e-07, 2.28746941389e-07, 4.49584860007e-07, 1.13237746291e-07, 1.17326969859e-15, 2.75781817702e-17]
    },
    "mfcc": {
        "mean": [-1024.28430176, 17.490901947, -0.0958854034543, -3.1886613369, -13.1929702759, -13.678188324, -8.01638031006, -4.0202703476, -2.57008862495, -1.75733554363, -3.25521016121, -0.87701177597, -2.21614575386],
        "var": [39661.171875, 629.231445312, 159.16468811, 41.1383094788, 268.48348999, 259.443786621, 108.496429443, 33.0792312622, 16.9192905426, 10.9317598343, 42.0701522827, 18.091091156, 38.3905639648]
    },
    "sccoeffs": {
        "mean": [-0.749046385288, -0.835406661034, -0.860048532486, -0.881230533123, -0.890243649483, -0.890167057514],
        "var": [0.0108022289351, 0.00435187760741, 0.00437631178647, 0.00240599550307, 0.00261045549996, 0.00348118157126]
    },
    "scvalleys": {
        "mean": [-14.0099420547, -12.6337442398, -13.2419242859, -13.8025751114, -13.8124313354, -14.2375717163],
        "var": [21.9832458496, 32.0590171814, 30.8126449585, 26.8159599304, 27.9150390625, 24.5203208923]
    }
},
"rhythm": {
    "bpm": 0,
    "confidence": 0,
    "first_peak_bpm": {
        "mean": 0,
        "var": 0
    },
    "first_peak_spread": {
        "mean": 0,
        "var": 0
    },
    "first_peak_weight": {
        "mean": 0,
        "var": 0
    },
    "onset_rate": 1.20003271103,
    "second_peak_bpm": {
        "mean": 0,
        "var": 0
    },
    "second_peak_spread": {
        "mean": 0,
        "var": 0
    },
    "second_peak_weight": {
        "mean": 0,
        "var": 0
    },
    "beats_position": [],
    "bpm_estimates": [],
    "bpm_intervals": [],
    "onset_times": [0.0116099771112],
    "histogram": [[0, 0, 0, 0, 0, 0, 0, 0, 0, 0, 0, 0, 0, 0, 0, 0, 0, 0, 0, 0, 0, 0, 0, 0, 0, 0, 0, 0, 0, 0, 0, 0, 0, 0, 0, 0, 0, 0, 0, 0, 0, 0, 0, 0, 0, 0, 0, 0, 0, 0, 0, 0, 0, 0, 0, 0, 0, 0, 0, 0, 0, 0, 0, 0, 0, 0, 0, 0, 0, 0, 0, 0, 0, 0, 0, 0, 0, 0, 0, 0, 0, 0, 0, 0, 0, 0, 0, 0, 0, 0, 0, 0, 0, 0, 0, 0, 0, 0, 0, 0, 0, 0, 0, 0, 0, 0, 0, 0, 0, 0, 0, 0, 0, 0, 0, 0, 0, 0, 0, 0, 0, 0, 0, 0, 0, 0, 0, 0, 0, 0, 0, 0, 0, 0, 0, 0, 0, 0, 0, 0, 0, 0, 0, 0, 0, 0, 0, 0, 0, 0, 0, 0, 0, 0, 0, 0, 0, 0, 0, 0, 0, 0, 0, 0, 0, 0, 0, 0, 0, 0, 0, 0, 0, 0, 0, 0, 0, 0, 0, 0, 0, 0, 0, 0, 0, 0, 0, 0, 0, 0, 0, 0, 0, 0, 0, 0, 0, 0, 0, 0, 0, 0, 0, 0, 0, 0, 0, 0, 0, 0, 0, 0, 0, 0, 0, 0, 0, 0, 0, 0, 0, 0, 0, 0, 0, 0, 0, 0, 0, 0, 0, 0, 0, 0, 0, 0, 0, 0, 0, 0, 0, 0, 0, 0, 0, 0, 0, 0, 0, 0]]
},
"sfx": {
    "inharmonicity": {
        "mean": 0.077384956181,
        "var": 0.0105424486101
    },
    "oddtoevenharmonicenergyratio": {
        "mean": 0.838409364223,
        "var": 4.99535894394
    },
    "pitch_after_max_to_before_max_energy_ratio": 0.378221958876,
    "pitch_centroid": 14.1308660507,
    "pitch_max_to_total": 0.783783793449,
    "pitch_min_to_total": 0.540540516376,
    "tristimulus": {
        "mean": [0.44212192297, 0.232978180051, 0.324899882078],
        "var": [0.0952872037888, 0.028566448018, 0.0722921192646]
    }
},
"tonal": {
    "chords_changes_rate": 0,
    "chords_number_rate": 0.0526315793395,
    "chords_strength": {
        "mean": 0.523088037968,
        "var": 3.5527136788e-15
    },
    "key_strength": 0.730380833149,
    "tuning_diatonic_strength": 0.647144079208,
    "tuning_equal_tempered_deviation": 0.155912086368,
    "tuning_frequency": 439.745910645,
    "tuning_nontempered_energy_ratio": 0.83122074604,
    "hpcp": {
        "mean": [0.0926225781441, 0.0861716344953, 0.148451671004, 0.187969312072, 0.119766764343, 0.106989003718, 0.11692713201, 0.121373832226, 0.256761908531, 0.272288769484, 0.127897784114, 0.0833256244659, 0.101719595492, 0.18034298718, 0.226446777582, 0.180354371667, 0.128391295671, 0.0982705578208, 0.0918147712946, 0.0729889795184, 0.0487566553056, 0.0599350184202, 0.0818175151944, 0.100979335606, 0.108598321676, 0.0849162861705, 0.0655876174569, 0.0837966799736, 0.12147692591, 0.343660891056, 0.587339162827, 0.452836424112, 0.214285880327, 0.174197435379, 0.186210751534, 0.134475901723],