{
"metadata": {
    "version": {
        "essentia": "2.1-dev"
    }
},
"lowLevel": {
    "barkbands_kurtosis": {
        "mean": -1.05143582821,
        "var": 0.0641779899597
    },
    "dissonance": {
        "mean": 0.483710199594,
        "var": 0.000434423127444
    },
    "hfc": {
        "mean": 162.175125122,
        "var": 10362.9208984
    },
    "spectral_centroid": {
        "mean": 3010.48706055,
        "var": 261528.375
    },
    "spectral_complexity": {
        "mean": 51.3333320618,
        "var": 96.2222290039
    },
    "spectral_crest": {
        "mean": 3.64839863777,
        "var": 0.743860185146
    },
    "spectral_energyband_high": {
        "mean": 0.017125107348,
        "var": 0.0001315020927
    },
    "spectral_energyband_low": {
        "mean": 0.00074175093323,
        "var": 4.32076831203e-07
    },
    "spectral_kurtosis": {
        "mean": -0.482335239649,
        "var": 0.148991748691
    },
    "spectral_rolloff": {
        "mean": 5548.38867188,
        "var": 1484184.375
    },
    "spectral_strongpeak": {
        "mean": 0.528596699238,
        "var": 0.0891329869628
    },
    "mfcc": {
        "mean": [-515.995178223, 32.2244186401, -21.711725235, -0.116409301758, -23.8489685059, -20.7123699188, -1.64557266235, 0.556232154369, -3.41120648384, -7.69466638565, -16.5798892975, -3.4879925251, -14.3215970993],
        "var": [1164.57910156, 129.291976929, 13.4873857498, 1.42520523071, 31.3705444336, 44.98229599, 65.6361083984, 13.229847908, 26.1329174042, 20.9599094391, 28.633108139, 68.8806533813, 1.31493210793]
    },
    "sccoeffs": {
        "mean": [-0.580149590969, -0.794732749462, -0.780219554901, -0.79104501009, -0.772022902966, -0.778997600079],
        "var": [0.000285556947347, 0.00277410796843, 0.00396849634126, 8.85356494109e-05, 0.000947164138779, 2.70264808933e-05]
    }
},
"sfx": {
    "inharmonicity": {
        "mean": 0.119286097586,
        "var": 0.00956466887146
    }
}
}