{
"metadata": {
    "version": {
        "essentia": "2.1-dev"
    }
},
"lowLevel": {
    "average_loudness": 0.99068403244,
    "barkbands_kurtosis": {
        "mean": 6.75965929031,
        "var": 80.5030136108
    },
    "barkbands_skewness": {
        "mean": 1.2282834053,
        "var": 3.75832748413
    },
    "barkbands_spread": {
        "mean": 26.5017662048,
        "var": 406.424316406
    },
    "dissonance": {
        "mean": 0.463533878326,
        "var": 0.000896690180525
    },
    "hfc": {
        "mean": 14.5282526016,
        "var": 2806.63793945
    },
    "pitch": {
        "mean": 690.100280762,
        "var": 1270543.5
    },
    "pitch_instantaneous_confidence": {
        "mean": 0.352459996939,
        "var": 0.0244747623801
    },
    "pitch_salience": {
        "mean": 0.620007634163,
        "var": 0.0228469315916
    },
    "silence_rate_20dB": {
        "mean": 1,
        "var": 0
    },
    "silence_rate_30dB": {
        "mean": 1,
        "var": 0
    },
    "silence_rate_60dB": {
        "mean": 0.891891896725,
        "var": 0.0964206680655
    },
    "spectral_centroid": {
        "mean": 2720.84448242,
        "var": 8311628
    },
    "spectral_complexity": {
        "mean": 5.2702703476,
        "var": 227.494506836
    },
    "spectral_crest": {
        "mean": 9.11903476715,
        "var": 18.9663715363
    },
    "spectral_decrease": {
        "mean": -9.7919794495e-10,
        "var": 1.44397246851e-17
    },
    "spectral_energy": {
        "mean": 0.00501347333193,
        "var": 0.000365925778169
    },
    "spectral_energyband_high": {
        "mean": 0.00154562387615,
        "var": 3.26461267832e-05
    },
    "spectral_energyband_low": {
        "mean": 6.06379908277e-05,
        "var": 7.59698153274e-08
    },
    "spectral_energyband_middle_high": {
        "mean": 0.00245480006561,
        "var": 9.02551910258e-05
    },
    "spectral_energyband_middle_low": {
        "mean": 0.00103196292184,
        "var": 1.59717328643e-05
    },
    "spectral_flatness_db": {
        "mean": 0.188053458929,
        "var": 0.00567597849295
    },
    "spectral_flux": {
        "mean": 0.0239352211356,
        "var": 0.00436889659613
    },
    "spectral_kurtosis": {
        "mean": 1.55281662941,
        "var": 26.6033935547
    },
    "spectral_rms": {
        "mean": 0.000742023985367,
        "var": 4.34059393228e-06
    },
    "spectral_rolloff": {
        "mean": 4891.52929688,
        "var": 28166074
    },
    "spectral_skewness": {
        "mean": 0.97203117609,
        "var": 1.2708902359
    },
    "spectral_spread": {
        "mean": 11449856,
        "var": 7.99364549181e+13
    },
    "spectral_strongpeak": {
        "mean": 0.0682719424367,
        "var": 0.0319292731583
    },
    "zerocrossingrate": {
        "mean": 0.179753482342,
        "var": 0.026354148984
    },
    "barkbands": {
        "mean": [3.69894550545e-08, 2.96857092508e-06, 3.28903734044e-05, 4.69549486297e-05, 9.97909955913e-05, 8.80097795743e-05, 0.000144189165439, 0.000181073468411, 0.000380949582905, 0.000493291532621, 0.000288546172669, 0.000149659448653, 0.000101176017779, 8.58527782839e-05, 8.0915633589e-05, 0.000110020242573, 0.000209619538509, 0.000596551806666, 0.000267578434432, 0.000516505970154, 0.000533782702405, 0.000131121196318, 0.000157988572028, 0.000216655287659, 9.73426940618e-05, 5.74977265799e-09, 9.04498032028e-10],
        "var": [3.86208941347e-14, 1.39235872831e-10, 2.22851941345e-08, 3.95737274062e-08, 1.57675458468e-07, 1.06620674956e-07, 2.76643135066e-07, 7.26857649624e-07, 2.53535836237e-06, 3.43978990713e-06, 1.72147861122e-06, 3.94608179022e-07, 1.53244812395e-07, 9.11834590056e-08, 7.12934351554e-08, 1.65502981986e-07, 5.05948605678e-07, 8.05710169516e-06, 9.50718117565e-07, 4.29807005276e-06, 4.89420563099e-06, 1.75129372337e-07, 2.28746941389e-07, 4.49584860007e-07, 1.13237746291e-07, 1.17326969859e-15, 2.75781817702e-17]
    },
    "mfcc": {
        "mean": [-1024.28430176, 17.490901947, -0.0958854034543, -3.1886613369, -13.1929702759, -13.678188324, -8.01638031006, -4.0202703476, -2.57008862495, -1.75733554363, -3.25521016121, -0.87701177597, -2.21614575386],
        "var": [39661.171875, 629.231445312, 159.16468811, 41.1383094788, 268.48348999, 259.443786621, 108.496429443, 33.0792312622, 16.9192905426, 10.9317598343, 42.0701522827, 18.091091156, 38.3905639648]
    },
    "sccoeffs": {
        "mean": [-0.749221920967, -0.834612071514, -0.860090851784, -0.881518721581, -0.89031124115, -0.890038669109],
        "var": [0.0108783692122, 0.00416923454031, 0.00438043614849, 0.00245252018794, 0.00261956104077, 0.00346301333047]
    },
    "scvalleys": {
        "mean": [-14.0200777054, -12.6370258331, -13.2396364212, -13.8037080765, -13.8083267212, -14.2384052277],
        "var": [22.2445774078, 32.1537666321, 30.7473945618, 26.8469524384, 27.8045921326, 24.5420341492]
    }
},
"rhythm": {
    "bpm": 0,
    "confidence": 0,
    "first_peak_bpm": {
        "mean": 0,
        "var": 0
    },
    "first_peak_spread": {
        "mean": 0,
        "var": 0
    },
    "first_peak_weight": {
        "mean": 0,
        "var": 0
    },
    "onset_rate": 1.20003271103,
    "second_peak_bpm": {
        "mean": 0,
        "var": 0
    },
    "second_peak_spread": {
        "mean": 0,
        "var": 0
    },
    "second_peak_weight": {
        "mean": 0,
        "var": 0
    },
    "beats_position": [],
    "bpm_estimates": [],
    "bpm_intervals": [],
    "onset_times": [0.0116099771112],
    "histogram": [[0, 0, 0, 0, 0, 0, 0, 0, 0, 0, 0, 0, 0, 0, 0, 0, 0, 0, 0, 0, 0, 0, 0, 0, 0, 0, 0, 0, 0, 0, 0, 0, 0, 0, 0, 0, 0, 0, 0, 0, 0, 0, 0, 0, 0, 0, 0, 0, 0, 0, 0, 0, 0, 0, 0, 0, 0, 0, 0, 0, 0, 0, 0, 0, 0, 0, 0, 0, 0, 0, 0, 0, 0, 0, 0, 0, 0, 0, 0, 0, 0, 0, 0, 0, 0, 0, 0, 0, 0, 0, 0, 0, 0, 0, 0, 0, 0, 0, 0, 0, 0, 0, 0, 0, 0, 0, 0, 0, 0, 0, 0, 0, 0, 0, 0, 0, 0, 0, 0, 0, 0, 0, 0, 0, 0, 0, 0, 0, 0, 0, 0, 0, 0, 0, 0, 0, 0, 0, 0, 0, 0, 0, 0, 0, 0, 0, 0, 0, 0, 0, 0, 0, 0, 0, 0, 0, 0, 0, 0, 0, 0, 0, 0, 0, 0, 0, 0, 0, 0, 0, 0, 0, 0, 0, 0, 0, 0, 0, 0, 0, 0, 0, 0, 0, 0, 0, 0, 0, 0, 0, 0, 0, 0, 0, 0, 0, 0, 0, 0, 0, 0, 0, 0, 0, 0, 0, 0, 0, 0, 0, 0, 0, 0, 0, 0, 0, 0, 0, 0, 0, 0, 0, 0, 0, 0, 0, 0, 0, 0, 0, 0, 0, 0, 0, 0, 0, 0, 0, 0, 0, 0, 0, 0, 0, 0, 0, 0, 0, 0, 0]]
},
"sfx": {
    "inharmonicity": {
        "mean": 0.0718807950616,
        "var": 0.00913461204618
    },
    "oddtoevenharmonicenergyratio": {
        "mean": 0.83047157526,
        "var": 4.99102115631
    },
    "pitch_after_max_to_before_max_energy_ratio": 0.376477956772,
    "pitch_centroid": 13.8791284561,
    "pitch_max_to_total": 0.783783793449,
    "pitch_min_to_total": 0.972972989082,
    "tristimulus": {
        "mean": [0.440925806761, 0.224088340998, 0.334985822439],
        "var": [0.0962937027216, 0.0304485373199, 0.0827531591058]
    }
},
"tonal": {
    "chords_changes_rate": 0,
    "chords_number_rate": 0.0526315793395,
    "chords_strength": {
        "mean": 0.523088037968,
        "var": 3.5527136788e-15
    },
    "key_strength": 0.730380833149,
    "tuning_diatonic_strength": 0.647144079208,
    "tuning_equal_tempered_deviation": 0.155912086368,
    "tuning_frequency": 439.745910645,
    "tuning_nontempered_energy_ratio": 0.83122074604,
    "hpcp": {
        "mean": [0.0926225781441, 0.0861716344953, 0.148451671004, 0.187969312072, 0.119766764343, 0.106989003718, 0.11692713201, 0.121373832226, 0.256761908531, 0.272288769484, 0.127897784114, 0.0833256244659, 0.101719595492, 0.18034298718, 0.226446777582, 0.180354371667, 0.128391295671, 0.0982705578208, 0.0918147712946, 0.0729889795184, 0.0487566553056, 0.0599350184202, 0.0818175151944, 0.100979335606, 0.108598321676, 0.0849162861705, 0.0655876174569, 0.0837966799736, 0.12147692591, 0.343660891056, 0.587339162827, 0.452836424112, 0.214285880327, 0.174197435379, 0.186210751534, 0.134475901723],