{
"metadata": {
    "version": {
        "essentia": "2.1-dev"
    }
},
"lowLevel": {
    "barkbands_kurtosis": {
        "mean": 35.2891616821,
        "var": 362.002166748
    },
    "dissonance": {
        "mean": 0.277269512415,
        "var": 0.0126239117235
    },
    "hfc": {
        "mean": 28.4939651489,
        "var": 80.6379241943
    },
    "spectral_centroid": {
        "mean": 971.710449219,
        "var": 112.672348022
    },
    "spectral_complexity": {
        "mean": 2.08374381065,
        "var": 0.0767309591174
    },
    "spectral_crest": {
        "mean": 25.9091625214,
        "var": 0.07757987082
    },
    "spectral_energyband_high": {
        "mean": 4.55721931303e-07,
        "var": 1.47423949947e-14
    },
    "spectral_energyband_low": {
        "mean": 1.05566400066e-07,
        "var": 7.26132461858e-15
    },
    "spectral_kurtosis": {
        "mean": 62.0690841675,
        "var": 294.382171631
    },
    "spectral_rolloff": {
        "mean": 952.024353027,
        "var": 77.4131240845
    },
    "spectral_strongpeak": {
        "mean": 6.37638616562,
        "var": 1.01837670803
    },
    "mfcc": {
        "mean": [-975.67779541, 61.5379638672, -111.15145874, -60.4886741638, -3.98377084732, 2.40018248558, 18.2617263794, 36.8209114075, 35.6820335388, -1.29121589661, -41.6736106873, -40.0850791931, 10.1326313019],
        "var": [115.510803223, 43.1221847534, 109.282791138, 35.5581207275, 29.6285533905, 35.7754669189, 19.3628787994, 39.6818504333, 37.9920463562, 24.1022415161, 14.1803894043, 18.531496048, 25.9477596283]
    },
    "sccoeffs": {
        "mean": [-0.812552452087, -0.852481842041, -0.275575429201, -0.573045611382, -0.780188500881, -0.863769829273],
        "var": [0.00235650525428, 0.00075499486411, 0.000622359570116, 0.00119543506298, 0.0015633868752, 0.000159892209922]
    }
},
"sfx": {
    "inharmonicity": {
        "mean": 5.12604528922e-05,
        "var": 3.20651705188e-09
    }
}
}