{
"metadata": {
    "version": {
        "essentia": "2.1-dev"
    }
},
"lowLevel": {
    "average_loudness": 0.955872416496,
    "barkbands_kurtosis": {
        "mean": 138.284118652,
        "var": 86771.8125
    },
    "barkbands_skewness": {
        "mean": 6.10960769653,
        "var": 46.2662162781
    },
    "barkbands_spread": {
        "mean": 6.71021652222,
        "var": 21.3518028259
    },
    "dissonance": {
        "mean": 0.397159963846,
        "var": 0.00335290352814
    },
    "hfc": {
        "mean": 48.5501098633,
        "var": 2832.27856445
    },
    "pitch": {
        "mean": 430.389404297,
        "var": 129842.515625
    },
    "pitch_instantaneous_confidence": {
        "mean": 0.742504656315,
        "var": 0.115026950836
    },
    "pitch_salience": {
        "mean": 0.320164293051,
        "var": 0.021752577275
    },
    "silence_rate_20dB": {
        "mean": 1,
        "var": 0
    },
    "silence_rate_30dB": {
        "mean": 0.723684191704,
        "var": 0.199965700507
    },
    "silence_rate_60dB": {
        "mean": 0.42763158679,
        "var": 0.244763016701
    },
    "spectral_centroid": {
        "mean": 524.404968262,
        "var": 146772.15625
    },
    "spectral_complexity": {
        "mean": 4.53289461136,
        "var": 14.7357711792
    },
    "spectral_crest": {
        "mean": 19.6064243317,
        "var": 8.63097381592
    },
    "spectral_decrease": {
        "mean": -1.43542919773e-08,
        "var": 2.54202766633e-16
    },
    "spectral_energy": {
        "mean": 0.0585800111294,
        "var": 0.00422432878986
    },
    "spectral_energyband_high": {
        "mean": 0.000150455496623,
        "var": 3.36295045145e-08
    },
    "spectral_energyband_low": {
        "mean": 1.39678377309e-05,
        "var": 1.96267516128e-10
    },
    "spectral_energyband_middle_high": {
        "mean": 0.012591986917,
        "var": 0.000183733485756
    },
    "spectral_energyband_middle_low": {
        "mean": 0.0458143018186,
        "var": 0.00263720029034
    },
    "spectral_flatness_db": {
        "mean": 0.377739191055,
        "var": 0.00260942359455
    },
    "spectral_flux": {
        "mean": 0.0119135109708,
        "var": 0.000132393935928
    },
    "spectral_kurtosis": {
        "mean": 13.2978868484,
        "var": 66.025718689
    },
    "spectral_rms": {
        "mean": 0.00552962068468,
        "var": 2.65745111392e-05
    },
    "spectral_rolloff": {
        "mean": 718.669494629,
        "var": 285948.6875
    },
    "spectral_skewness": {
        "mean": 2.98457956314,
        "var": 0.49516621232
    },
    "spectral_spread": {
        "mean": 7561724.5,
        "var": 3.68093587046e+13
    },
    "spectral_strongpeak": {
        "mean": 3.17498826981,
        "var": 9.21842670441
    },
    "zerocrossingrate": {
        "mean": 0.031513415277,
        "var": 0.000379455654183
    },
    "barkbands": {
        "mean": [1.959878864e-05, 3.66827430298e-06, 1.22569716154e-07, 2.47227269767e-08, 7.63128980452e-07, 1.45064655044e-06, 0.0024024900049, 0.0434056445956, 3.87443833461e-06, 3.2551156437e-07, 0.00445767352358, 0.000609557901043, 3.87114084788e-07, 0.00201535900123, 4.67368323598e-07, 0.000972718175035, 0.00296665541828, 3.61505517503e-05, 0.00138525653165, 0.000253617065027, 1.86948982446e-05, 1.65452293004e-05, 4.73263935419e-06, 3.07453524329e-06, 6.67719916692e-07, 5.60729517929e-07, 4.0808063595e-09],
        "var": [5.65809621378e-10, 1.05878248877e-11, 4.03510571853e-15, 8.81765850894e-16, 1.19193262031e-12, 3.59863419445e-12, 7.75170155976e-06, 0.00236106640659, 8.91705806416e-11, 1.47192709952e-13, 2.22366197704e-05, 4.10770013559e-07, 2.32671439624e-13, 7.10910671842e-06, 3.36981500646e-13, 1.29202385324e-06, 1.09227676148e-05, 2.80564838029e-09, 2.08768096854e-06, 8.60455600105e-08, 4.03518329861e-10, 4.59577126355e-10, 4.49784237633e-11, 1.98467301621e-11, 6.72662067106e-13, 5.91116619628e-13, 8.19438532892e-17]
    },
    "mfcc": {
        "mean": [-878.611022949, 48.2453804016, -52.0600471497, 22.2214164734, -10.1172809601, -25.259103775, -9.9494600296, 5.91705131531, -0.4939917624, 12.9237318039, 26.8499259949, 38.826385498, 38.9396057129],
        "var": [37346.5507812, 337.310882568, 4383.30371094, 83.4082260132, 650.950012207, 1317.98718262, 534.061035156, 123.552062988, 185.918334961, 24.6024951935, 122.501220703, 359.957855225, 397.367736816]
    },
    "sccoeffs": {
        "mean": [-0.656168162823, -0.488903850317, -0.600710511208, -0.647093951702, -0.680810391903, -0.774234294891],
        "var": [0.00638239970431, 0.0870417952538, 0.0532776042819, 0.042129740119, 0.0347775891423, 0.011417184025]
    },
    "scvalleys": {
        "mean": [-9.70441055298, -9.26612758636, -10.0665864944, -10.5113792419, -10.6656503677, -12.1854047775],
        "var": [0.697077870369, 3.74022722244, 3.27627921104, 3.44802331924, 4.24817228317, 1.81329464912]
    }
},
"rhythm": {
    "beats_loudness": {
        "mean": 0.0719114392996,
        "var": 0.0038151727058
    },
    "bpm": 88.6339492798,
    "confidence": 0,
    "first_peak_bpm": {
        "mean": 86,
        "var": 0
    },
    "first_peak_spread": {
        "mean": 0.5,
        "var": 0
    },
    "first_peak_weight": {
        "mean": 0.333333343267,
        "var": 0
    },
    "onset_rate": 2.28572916985,
    "second_peak_bpm": {
        "mean": 91,
        "var": 0
    },
    "second_peak_spread": {
        "mean": 0,
        "var": 0
    },
    "second_peak_weight": {
        "mean": 0.333333343267,
        "var": 0
    },
    "beats_loudness_band_ratio": {
        "mean": [0.000725129037164, 0.000128249710542, 0.776995301247, 0.130028650165, 0.0796004682779, 0.016158612445],
        "var": [1.62513998703e-07, 1.47369174641e-08, 0.000478982343338, 0.00120124663226, 0.0007307814667, 1.98868110601e-05]
    },
    "beats_position": [0.708208620548, 1.369977355, 2.04335594177, 2.73995471001],
    "bpm_estimates": [90.6661148071, 89.1029205322, 86.1327972412],
    "bpm_intervals": [0.661768734455, 0.673378586769, 0.696598768234],
    "onset_times": [0.441179126501, 0.53405892849, 0.661768734455, 0.731428563595, 1.01006805897, 3.01859402657, 3.19274377823, 3.22757363319],
    "histogram": [[0, 0, 0, 0, 0, 0, 0, 0, 0, 0, 0, 0, 0, 0, 0, 0, 0, 0, 0, 0, 0, 0, 0, 0, 0, 0, 0, 0, 0, 0, 0, 0, 0, 0, 0, 0, 0, 0, 0, 0, 0, 0, 0, 0, 0, 0, 0, 0, 0, 0, 0, 0, 0, 0, 0, 0, 0, 0, 0, 0, 0, 0, 0, 0, 0, 0, 0, 0, 0, 0, 0, 0, 0, 0, 0, 0, 0, 0, 0, 0, 0, 0, 0, 0, 0, 0, 0.333333343267, 0, 0, 0.333333343267, 0, 0.333333343267, 0, 0, 0, 0, 0, 0, 0, 0, 0, 0, 0, 0, 0, 0, 0, 0, 0, 0, 0, 0, 0, 0, 0, 0, 0, 0, 0, 0, 0, 0, 0, 0, 0, 0, 0, 0, 0, 0, 0, 0, 0, 0, 0, 0, 0, 0, 0, 0, 0, 0, 0, 0, 0, 0, 0, 0, 0, 0, 0, 0, 0, 0, 0, 0, 0, 0, 0, 0, 0, 0, 0, 0, 0, 0, 0, 0, 0, 0, 0, 0, 0, 0, 0, 0, 0, 0, 0, 0, 0, 0, 0, 0, 0, 0, 0, 0, 0, 0, 0, 0, 0, 0, 0, 0, 0, 0, 0, 0, 0, 0, 0, 0, 0, 0, 0, 0, 0, 0, 0, 0, 0, 0, 0, 0, 0, 0, 0, 0, 0, 0, 0, 0, 0, 0, 0, 0, 0, 0, 0, 0, 0, 0, 0, 0, 0, 0, 0, 0, 0, 0, 0, 0, 0, 0, 0, 0, 0, 0]]
},
"sfx": {
    "inharmonicity": {
        "mean": 0.0233726929873,
        "var": 0.0021416915115
    },
    "oddtoevenharmonicenergyratio": {
        "mean": 2.2386996406e+36,
        "var": inf
    },
    "pitch_after_max_to_before_max_energy_ratio": 2.68871426582,
    "pitch_centroid": 80.0127105713,
    "pitch_max_to_total": 0.177631571889,
    "pitch_min_to_total": 0.131578952074,
    "tristimulus": {
        "mean": [0.365503966808, 0.370511263609, 0.26398473978],
        "var": [0.0456896573305, 0.048199634999, 0.0329820513725]
    }
},
"tonal": {
    "chords_changes_rate": 0.11688311398,
    "chords_number_rate": 0.0389610379934,
    "chords_strength": {
        "mean": 0.43242624402,
        "var": 0.000177192821866
    },
    "key_strength": 0.761864244938,
    "tuning_diatonic_strength": 0.545467317104,
    "tuning_equal_tempered_deviation": 0.176615938544,
    "tuning_frequency": 442.548919678,