{
"metadata": {
    "version": {
        "essentia": "2.1-dev"
    }
},
"lowLevel": {
    "barkbands_kurtosis": {
        "mean": 3.12071657181,
        "var": 0.812531411648
    },
    "dissonance": {
        "mean": 0.370248556137,
        "var": 0.00123554083984
    },
    "hfc": {
        "mean": 87.6502227783,
        "var": 1706.78930664
    },
    "spectral_centroid": {
        "mean": 834.495056152,
        "var": 1799.07006836
    },
    "spectral_complexity": {
        "mean": 7.88095235825,
        "var": 0.22392308712
    },
    "spectral_crest": {
        "mean": 19.9110145569,
        "var": 0.196964293718
    },
    "spectral_energyband_high": {
        "mean": 0.00027145477361,
        "var": 2.81073031516e-08
    },
    "spectral_energyband_low": {
        "mean": 1.36453600135e-05,
        "var": 1.2955043982e-10
    },
    "spectral_kurtosis": {
        "mean": 14.9033002853,
        "var": 10.8290901184
    },
    "spectral_rolloff": {
        "mean": 1119.98181152,
        "var": 27693.703125
    },
    "spectral_strongpeak": {
        "mean": 5.66584682465,
        "var": 2.7271296978
    },
    "mfcc": {
        "mean": [-711.577331543, 51.8199806213, -108.600379944, 23.7419662476, -31.4683609009, -55.8520317078, -29.098903656, -0.805932879448, -10.8440227509, 12.2414875031, 34.9116744995, 53.5010986328, 53.5851402283],
        "var": [1217.03564453, 93.5519485474, 69.6534347534, 56.5902099609, 28.1328029633, 59.5219192505, 30.8656234741, 85.498260498, 49.3763771057, 25.6468658447, 37.652885437, 24.4713516235, 35.1491508484]
    },
    "sccoeffs": {
        "mean": [-0.700380921364, -0.239653334022, -0.410921424627, -0.47380271554, -0.521085083485, -0.682216823101],
        "var": [0.0032649920322, 0.00123833678663, 0.000573645927943, 0.00138101633638, 0.0013274877565, 0.000542074150871]
    }
},
"sfx": {
    "inharmonicity": {
        "mean": 0.00121074076742,
        "var": 2.1205137557e-07
    }
}
}