{"lowlevel.dissonance.mean": [0.28327059745788574], "sfx.inharmonicity.mean": [0.2964728772640228], "lowlevel.spectral_contrast.mean": [[0.5484685897827148, 0.47073638439178467, 0.3767814636230469, 0.27194857597351074, 0.29917097091674805, 0.2855660915374756]], "lowlevel.spectral_centroid.mean": [0.37020203471183777], "lowlevel.mfcc.mean": [[0.2530158758163452, 0.298483669757843, 0.5493966937065125, 0.44869473576545715, 0.4034847915172577, 0.3585625886917114, 0.4264899790287018, 0.3756178021430969, 0.3503762483596802, 0.28631579875946045, 0.2851303219795227, 0.35389211773872375, 0.3619864881038666]], "sfx.logattacktime.mean": [0.20231670141220093], "lowlevel.hfc.mean": [0.47245898842811584]}