{
"metadata": {
    "version": {
        "essentia": "2.1-dev"
    }
},
"lowLevel": {
    "average_loudness": 0.99068403244,
    "barkbands_kurtosis": {
        "mean": 70.3924865723,
        "var": 14635.4726562
    },
    "barkbands_skewness": {
        "mean": 4.26138353348,
        "var": 30.6230888367
    },
    "barkbands_spread": {
        "mean": 12.809586525,
        "var": 203.776489258
    },
    "dissonance": {
        "mean": 0.383562743664,
        "var": 0.0129639711231
    },
    "hfc": {
        "mean": 12.8587474823,
        "var": 1936.20861816
    },
    "pitch": {
        "mean": 334.487030029,
        "var": 467440.09375
    },
    "pitch_instantaneous_confidence": {
        "mean": 0.592838585377,
        "var": 0.0728584975004
    },
    "pitch_salience": {
        "mean": 0.419069051743,
        "var": 0.0631796866655
    },
    "silence_rate_20dB": {
        "mean": 1,
        "var": 0
    },
    "silence_rate_30dB": {
        "mean": 1,
        "var": 0
    },
    "silence_rate_60dB": {
        "mean": 0.891891896725,
        "var": 0.0964206680655
    },
    "spectral_centroid": {
        "mean": 1513.17773438,
        "var": 6688766
    },
    "spectral_complexity": {
        "mean": 5.08108091354,
        "var": 214.831268311
    },
    "spectral_crest": {
        "mean": 15.1107339859,
        "var": 64.6226577759
    },
    "spectral_decrease": {
        "mean": -9.20084286538e-10,
        "var": 9.95442466754e-18
    },
    "spectral_energy": {
        "mean": 0.00463892845437,
        "var": 0.000251727644354
    },
    "spectral_energyband_high": {
        "mean": 0.0015334590571,
        "var": 3.14060380333e-05
    },
    "spectral_energyband_low": {
        "mean": 9.88080282696e-05,
        "var": 1.34750905545e-07
    },
    "spectral_energyband_middle_high": {
        "mean": 0.00214678398333,
        "var": 5.11695507157e-05
    },
    "spectral_energyband_middle_low": {
        "mean": 0.000928767200094,
        "var": 1.07270398075e-05
    },
    "spectral_flatness_db": {
        "mean": 0.288272112608,
        "var": 0.0183125399053
    },
    "spectral_flux": {
        "mean": 0.0228466223925,
        "var": 0.00361677678302
    },
    "spectral_kurtosis": {
        "mean": 10.7341508865,
        "var": 390.083862305
    },
    "spectral_rms": {
        "mean": 0.000761102768593,
        "var": 3.94650624003e-06
    },
    "spectral_rolloff": {
        "mean": 2590.38598633,
        "var": 20621548
    },
    "spectral_skewness": {
        "mean": 2.19690012932,
        "var": 4.32897377014
    },
    "spectral_spread": {
        "mean": 9127092,
        "var": 6.68774726369e+13
    },
    "spectral_strongpeak": {
        "mean": 0.238989397883,
        "var": 0.393882095814
    },
    "zerocrossingrate": {
        "mean": 0.0975374802947,
        "var": 0.0211548712105
    },
    "barkbands": {
        "mean": [3.02989320744e-07, 7.62402441978e-06, 5.55917322345e-05, 6.43807288725e-05, 0.000112876623461, 5.25167779415e-05, 0.000409804779338, 0.00013321544975, 0.000109366672405, 0.000188376492588, 0.000120213495393, 0.000828390475363, 0.000133609224577, 6.9535090006e-05, 9.15207128855e-05, 0.000110322042019, 8.12636135379e-05, 0.00014094634389, 0.000205753123737, 0.000468071491923, 0.000762419193052, 0.00011262998305, 0.000146692109411, 0.000182866497198, 5.0637358072e-05, 6.54514398235e-09, 3.09449421643e-09],
        "var": [2.48768193545e-12, 1.10921738461e-09, 3.91091568019e-08, 6.89673740339e-08, 1.73930857272e-07, 3.6205577203e-08, 3.23671224578e-06, 1.40556906558e-07, 2.22134744376e-07, 3.85696353078e-07, 1.11394726332e-07, 7.9514211393e-06, 2.29633258186e-07, 6.36419130728e-08, 1.29344556399e-07, 2.54240660524e-07, 7.56755724751e-08, 3.16077915841e-07, 4.68453492886e-07, 3.57231101589e-06, 1.05060516944e-05, 1.26923524135e-07, 2.11703280684e-07, 3.6342197518e-07, 2.61052850448e-08, 1.5288188721e-15, 3.40418994551e-16]
    },
    "mfcc": {
        "mean": [-1015.25823975, 40.1205940247, 13.3139438629, 6.79227352142, -6.46157979965, -6.82764005661, -4.38806009293, -5.1627368927, -7.85841655731, -8.5125579834, -9.05095767975, -4.61795377731, -4.99704217911],
        "var": [37703.7539062, 1789.58154297, 402.527404785, 65.4663391113, 187.971496582, 131.992523193, 91.1495361328, 48.2387542725, 39.1734580994, 45.6968803406, 46.531539917, 36.5670013428, 18.0383529663]
    },
    "sccoeffs": {
        "mean": [-0.64771181345, -0.776382625103, -0.84953635931, -0.886886417866, -0.888208866119, -0.897587776184],
        "var": [0.0158144179732, 0.00994086079299, 0.00698949536309, 0.00299799861386, 0.00310458173044, 0.0029321925249]
    },
    "scvalleys": {
        "mean": [-12.832988739, -12.4223213196, -12.9174880981, -13.5514183044, -13.5795497894, -14.0829238892],
        "var": [19.3941459656, 24.7874622345, 24.6205615997, 21.5428123474, 21.4406280518, 19.0210762024]
    }
},
"rhythm": {
    "bpm": 0,
    "confidence": 0,
    "first_peak_bpm": {
        "mean": 0,
        "var": 0
    },
    "first_peak_spread": {
        "mean": 0,
        "var": 0
    },
    "first_peak_weight": {
        "mean": 0,
        "var": 0
    },
    "onset_rate": 1.20003271103,
    "second_peak_bpm": {
        "mean": 0,
        "var": 0
    },
    "second_peak_spread": {
        "mean": 0,
        "var": 0
    },
    "second_peak_weight": {
        "mean": 0,
        "var": 0
    },
    "beats_position": [],
    "bpm_estimates": [],
    "bpm_intervals": [],
    "onset_times": [0.0116099771112],
    "histogram": [[0, 0, 0, 0, 0, 0, 0, 0, 0, 0, 0, 0, 0, 0, 0, 0, 0, 0, 0, 0, 0, 0, 0, 0, 0, 0, 0, 0, 0, 0, 0, 0, 0, 0, 0, 0, 0, 0, 0, 0, 0, 0, 0, 0, 0, 0, 0, 0, 0, 0, 0, 0, 0, 0, 0, 0, 0, 0, 0, 0, 0, 0, 0, 0, 0, 0, 0, 0, 0, 0, 0, 0, 0, 0, 0, 0, 0, 0, 0, 0, 0, 0, 0, 0, 0, 0, 0, 0, 0, 0, 0, 0, 0, 0, 0, 0, 0, 0, 0, 0, 0, 0, 0, 0, 0, 0, 0, 0, 0, 0, 0, 0, 0, 0, 0, 0, 0, 0, 0, 0, 0, 0, 0, 0, 0, 0, 0, 0, 0, 0, 0, 0, 0, 0, 0, 0, 0, 0, 0, 0, 0, 0, 0, 0, 0, 0, 0, 0, 0, 0, 0, 0, 0, 0, 0, 0, 0, 0, 0, 0, 0, 0, 0, 0, 0, 0, 0, 0, 0, 0, 0, 0, 0, 0, 0, 0, 0, 0, 0, 0, 0, 0, 0, 0, 0, 0, 0, 0, 0, 0, 0, 0, 0, 0, 0, 0, 0, 0, 0, 0, 0, 0, 0, 0, 0, 0, 0, 0, 0, 0, 0, 0, 0, 0, 0, 0, 0, 0, 0, 0, 0, 0, 0, 0, 0, 0, 0, 0, 0, 0, 0, 0, 0, 0, 0, 0, 0, 0, 0, 0, 0, 0, 0, 0, 0, 0, 0, 0, 0, 0]]
},
"sfx": {
    "inharmonicity": {
        "mean": 0.067278444767,
        "var": 0.00902708433568
    },
    "oddtoevenharmonicenergyratio": {
        "mean": 0.504147708416,
        "var": 0.996929168701
    },
    "pitch_after_max_to_before_max_energy_ratio": 1.09938883781,
    "pitch_centroid": 11.5236225128,
    "pitch_max_to_total": 0,
    "pitch_min_to_total": 0.135135129094,
    "tristimulus": {
        "mean": [0.498267650604, 0.254491090775, 0.247241169214],
        "var": [0.0905738919973, 0.0291238706559, 0.065340295434]
    }
},
"tonal": {
    "chords_changes_rate": 0,
    "chords_number_rate": 0.0526315793395,
    "chords_strength": {
        "mean": 0.457007318735,
        "var": 7.9936057773e-15
    },
    "key_strength": 0.589880824089,
    "tuning_diatonic_strength": 0.521197259426,
    "tuning_equal_tempered_deviation": 0.245827898383,
    "tuning_frequency": 432.191345215,
    "tuning_nontempered_energy_ratio": 0.966750264168,
    "hpcp": {
        "mean": [0.0388992801309, 0.0512464083731, 0.0725412294269, 0.0475425422192, 0.028397783637, 0.0533468835056, 0.0796918198466, 0.0654624477029, 0.0595750510693, 0.0604530647397, 0.107137024403, 0.130545541644, 0.0609543770552, 0.048862952739, 0.135874554515, 0.273145347834, 0.253083467484, 0.112309105694, 0.0536051429808, 0.0479393713176, 0.0358281955123, 0.0147101487964, 0.00992490537465, 0.0129899056628, 0.0150483520702, 0.0143459076062, 0.0112944841385, 0.0108701083809, 0.0114982491359, 0.00972428452224, 0.0468865931034, 0.272659301758, 0.687068521976, 0.519157886505, 0.0716573148966, 0.0336552038789],