{
"metadata": {
    "version": {
        "essentia": "2.1-dev"
    }
},
"lowLevel": {
    "barkbands_kurtosis": {
        "mean": -1.09370076656,
        "var": 0.0036195453722
    },
    "dissonance": {
        "mean": 0.477074176073,
        "var": 0.000142171600601
    },
    "hfc": {
        "mean": 151.514297485,
        "var": 2861.02929688
    },
    "spectral_centroid": {
        "mean": 2879.04174805,
        "var": 192274.453125
    },
    "spectral_complexity": {
        "mean": 51.3333320618,
        "var": 153.555557251
    },
    "spectral_crest": {
        "mean": 6.34572029114,
        "var": 0.183421492577
    },
    "spectral_energyband_high": {
        "mean": 0.0182671081275,
        "var": 8.17239342723e-05
    },
    "spectral_energyband_low": {
        "mean": 0.00103104591835,
        "var": 6.88808995619e-07
    },
    "spectral_kurtosis": {
        "mean": -0.207592412829,
        "var": 0.967714488506
    },
    "spectral_rolloff": {
        "mean": 5426.3671875,
        "var": 937558.5625
    },
    "spectral_strongpeak": {
        "mean": 2.17204332352,
        "var": 0.334201663733
    },
    "mfcc": {
        "mean": [-517.317871094, 36.1348419189, -15.9833602905, 0.0225804653019, -26.9925079346, -4.03643608093, 8.46378231049, -7.21562433243, -9.21771144867, -5.67674446106, -14.2157373428, 9.44279003143, 0.873223602772],
        "var": [455.292724609, 249.930587769, 13.817024231, 132.848449707, 0.94305729866, 3.13282561302, 16.0822677612, 18.403968811, 18.3787403107, 7.16078567505, 24.797700882, 25.8184909821, 10.4881029129]
    },
    "sccoeffs": {
        "mean": [-0.638006150723, -0.699395895004, -0.720962762833, -0.774558722973, -0.755108833313, -0.774827003479],
        "var": [0.00271998043172, 0.00149092322681, 0.00271856784821, 0.00136285088956, 0.00130482960958, 0.000246405834332]
    }
},
"sfx": {
    "inharmonicity": {
        "mean": 0.101923398674,
        "var": 0.00937699805945
    }
}
}