{"lowlevel.dissonance.mean": [0.2750430107116699], "sfx.inharmonicity.mean": [0.49413564801216125], "lowlevel.spectral_contrast.mean": [[0.6841158866882324, 0.5116564035415649, 0.37615323066711426, 0.29508233070373535, 0.29912686347961426, 0.3027024269104004]], "lowlevel.spectral_centroid.mean": [0.4249778985977173], "lowlevel.mfcc.mean": [[0.2437732219696045, 0.23163847625255585, 0.5229700207710266, 0.47527235746383667, 0.4470321536064148, 0.3386339545249939, 0.3500959873199463, 0.2742384076118469, 0.3182235360145569, 0.3150665760040283, 0.2775259017944336, 0.27046456933021545, 0.20755627751350403]], "sfx.logattacktime.mean": [0.2641177475452423], "lowlevel.hfc.mean": [0.47365981340408325]}