{
"metadata": {
    "version": {
        "essentia": "2.1-dev"
    }
},
"lowLevel": {
    "barkbands_kurtosis": {
        "mean": -1.38204169273,
        "var": 0.318512916565
    },
    "dissonance": {
        "mean": 0.484838098288,
        "var": 3.93459195038e-05
    },
    "hfc": {
        "mean": 160.789367676,
        "var": 5697.51953125
    },
    "spectral_centroid": {
        "mean": 2459.65332031,
        "var": 354966.4375
    },
    "spectral_complexity": {
        "mean": 50.5,
        "var": 60.5
    },
    "spectral_crest": {
        "mean": 7.17992925644,
        "var": 1.7758128643
    },
    "spectral_energyband_high": {
        "mean": 0.0153882410377,
        "var": 7.31739928597e-05
    },
    "spectral_energyband_low": {
        "mean": 5.73523211642e-05,
        "var": 2.60280885733e-09
    },
    "spectral_kurtosis": {
        "mean": -0.152438282967,
        "var": 2.06261754036
    },
    "spectral_rolloff": {
        "mean": 5240.64306641,
        "var": 1843811.875
    },
    "spectral_strongpeak": {
        "mean": 0.94776058197,
        "var": 0.0770633667707
    },
    "mfcc": {
        "mean": [-519.886352539, 29.4585399628, -17.3536319733, 4.6651802063, -25.8658008575, -24.4620704651, -18.7437953949, -22.926492691, -23.655632019, -17.0988445282, -20.4433841705, -11.8382825851, -21.779083252],
        "var": [1942.4831543, 674.823547363, 214.958206177, 76.4984893799, 100.605995178, 17.9569454193, 103.876579285, 74.184928894, 38.0751495361, 13.9642772675, 19.2496109009, 42.5785293579, 41.8899230957]
    },
    "sccoeffs": {
        "mean": [-0.353736817837, -0.770210683346, -0.777524352074, -0.779509484768, -0.78591811657, -0.782215297222],
        "var": [0.00553296692669, 0.00336117879488, 0.00127831858117, 0.00143981690053, 0.000422081677243, 0.000160022696946]
    }
},
"sfx": {
    "inharmonicity": {
        "mean": 0.0522514432669,
        "var": 0.00132537167519
    }
}
}