{
"metadata": {
    "version": {
        "essentia": "2.1-dev"
    }
},
"lowLevel": {
    "average_loudness": 0.99068403244,
    "barkbands_kurtosis": {
        "mean": 71.6206359863,
        "var": 13099.9130859
    },
    "barkbands_skewness": {
        "mean": 4.20221805573,
        "var": 23.0217437744
    },
    "barkbands_spread": {
        "mean": 18.0755233765,
        "var": 375.554718018
    },
    "dissonance": {
        "mean": 0.387470006943,
        "var": 0.0129528930411
    },
    "hfc": {
        "mean": 16.2524299622,
        "var": 2824.13989258
    },
    "pitch": {
        "mean": 464.919403076,
        "var": 915630.125
    },
    "pitch_instantaneous_confidence": {
        "mean": 0.551990747452,
        "var": 0.0773002803326
    },
    "pitch_salience": {
        "mean": 0.373490452766,
        "var": 0.0712209865451
    },
    "silence_rate_20dB": {
        "mean": 1,
        "var": 0
    },
    "silence_rate_30dB": {
        "mean": 0.975609779358,
        "var": 0.023795330897
    },
    "silence_rate_60dB": {
        "mean": 0.890243887901,
        "var": 0.0977096557617
    },
    "spectral_centroid": {
        "mean": 2320.15673828,
        "var": 13081828
    },
    "spectral_complexity": {
        "mean": 5.41463422775,
        "var": 231.754928589
    },
    "spectral_crest": {
        "mean": 15.5077171326,
        "var": 45.5225219727
    },
    "spectral_decrease": {
        "mean": -1.60273394556e-09,
        "var": 3.36739304757e-17
    },
    "spectral_energy": {
        "mean": 0.00752322981134,
        "var": 0.000702916877344
    },
    "spectral_energyband_high": {
        "mean": 0.00156814535148,
        "var": 2.79260857496e-05
    },
    "spectral_energyband_low": {
        "mean": 5.88279226577e-06,
        "var": 5.41544253885e-10
    },
    "spectral_energyband_middle_high": {
        "mean": 0.00285684852861,
        "var": 0.000140366726555
    },
    "spectral_energyband_middle_low": {
        "mean": 0.00315269315615,
        "var": 0.000131079519633
    },
    "spectral_flatness_db": {
        "mean": 0.287215352058,
        "var": 0.0231540463865
    },
    "spectral_flux": {
        "mean": 0.0207680165768,
        "var": 0.0036021838896
    },
    "spectral_kurtosis": {
        "mean": 5.05563831329,
        "var": 134.229385376
    },
    "spectral_rms": {
        "mean": 0.0009298545192,
        "var": 6.47510887575e-06
    },
    "spectral_rolloff": {
        "mean": 4044.03955078,
        "var": 39919876
    },
    "spectral_skewness": {
        "mean": 1.49414265156,
        "var": 2.63114929199
    },
    "spectral_spread": {
        "mean": 12470685,
        "var": 1.30395106443e+14
    },
    "spectral_strongpeak": {
        "mean": 0.118886597455,
        "var": 0.0848260074854
    },
    "zerocrossingrate": {
        "mean": 0.131615608931,
        "var": 0.0272608473897
    },
    "barkbands": {
        "mean": [1.56133410201e-07, 1.11308315809e-06, 1.17974252589e-06, 6.42362210783e-05, 0.00155941105913, 0.000232116770349, 0.000628235808108, 0.000298199913232, 0.000266347778961, 0.000537536630873, 0.000267417257419, 0.000352771487087, 0.000221487091039, 0.000159574046847, 0.00011652331159, 0.000147606275277, 0.000158642447786, 0.000364141480532, 0.000366377469618, 0.000520753324963, 0.000469856458949, 0.000225368246902, 0.000212878512684, 0.000266251474386, 8.50470460136e-05, 3.2644240644e-09, 1.96106531014e-09],
        "var": [1.06331165661e-12, 3.96903170052e-11, 2.44687707596e-11, 5.17989846571e-08, 2.92429012916e-05, 7.03042019268e-07, 1.03801448859e-05, 1.73459966391e-06, 1.67134885487e-06, 1.00726429082e-05, 2.14290093936e-06, 3.6351241306e-06, 1.37347421969e-06, 4.82538951019e-07, 1.92306927715e-07, 2.83469205442e-07, 2.69339921033e-07, 1.8506024162e-06, 1.51106826252e-06, 3.67730308426e-06, 2.77023355011e-06, 6.20440232524e-07, 5.26432756942e-07, 8.12514997506e-07, 8.25367152402e-08, 7.32252200786e-16, 2.44148935535e-16]
    },
    "mfcc": {
        "mean": [-1020.44055176, 22.4151248932, 8.61477088928, 9.42120456696, -2.91296672821, -8.20404911041, -9.00786781311, -10.1152029037, -9.16282558441, -6.82772731781, -9.12181758881, -7.89512205124, -10.7291212082],
        "var": [40211.6132812, 647.542663574, 269.33694458, 89.0722503662, 109.165634155, 149.540863037, 131.825515747, 127.305595398, 80.9628219604, 41.2509002686, 65.0389633179, 55.7635574341, 82.7856369019]
    },
    "sccoeffs": {
        "mean": [-0.599549710751, -0.772038042545, -0.857811808586, -0.888682484627, -0.889893770218, -0.897038161755],
        "var": [0.0350871235132, 0.0153905488551, 0.00689523760229, 0.00305883260444, 0.00290761329234, 0.00302358996123]
    },
    "scvalleys": {
        "mean": [-14.7753219604, -14.0424308777, -14.264292717, -14.4263782501, -14.4097394943, -14.8659381866],
        "var": [30.9641647339, 38.7066802979, 36.4335517883, 35.9210968018, 36.667591095, 33.3956871033]
    }
},
"rhythm": {
    "beats_loudness": {
        "mean": 5.54960706722e-06,
        "var": 5.39250415155e-11
    },
    "bpm": 117.453834534,
    "confidence": 0,
    "first_peak_bpm": {
        "mean": 117,
        "var": 0
    },
    "first_peak_spread": {
        "mean": 0,
        "var": 0
    },
    "first_peak_weight": {
        "mean": 1,
        "var": 0
    },
    "onset_rate": 0.5333365798,
    "second_peak_bpm": {
        "mean": 0,
        "var": 0
    },
    "second_peak_spread": {
        "mean": 0,
        "var": 0
    },
    "second_peak_weight": {
        "mean": 0,
        "var": 0
    },
    "beats_loudness_band_ratio": {
        "mean": [0.714023411274, 0.5897128582, 0.0824261307716, 0.013358890079, 0.0209904294461, 0.0546390116215],
        "var": [0.0155387381092, 0.0097014317289, 0.00544282933697, 0.000191607468878, 0.000351109454641, 0.00469830585644]
    },
    "beats_position": [0.49922901392, 1.01006805897, 1.52090704441],
    "bpm_estimates": [117.453826904, 117.453842163],
    "bpm_intervals": [0.510839045048, 0.510838985443],
    "onset_times": [0.0116099771112],
    "histogram": [[0, 0, 0, 0, 0, 0, 0, 0, 0, 0, 0, 0, 0, 0, 0, 0, 0, 0, 0, 0, 0, 0, 0, 0, 0, 0, 0, 0, 0, 0, 0, 0, 0, 0, 0, 0, 0, 0, 0, 0, 0, 0, 0, 0, 0, 0, 0, 0, 0, 0, 0, 0, 0, 0, 0, 0, 0, 0, 0, 0, 0, 0, 0, 0, 0, 0, 0, 0, 0, 0, 0, 0, 0, 0, 0, 0, 0, 0, 0, 0, 0, 0, 0, 0, 0, 0, 0, 0, 0, 0, 0, 0, 0, 0, 0, 0, 0, 0, 0, 0, 0, 0, 0, 0, 0, 0, 0, 0, 0, 0, 0, 0, 0, 0, 0, 0, 0, 1, 0, 0, 0, 0, 0, 0, 0, 0, 0, 0, 0, 0, 0, 0, 0, 0, 0, 0, 0, 0, 0, 0, 0, 0, 0, 0, 0, 0, 0, 0, 0, 0, 0, 0, 0, 0, 0, 0, 0, 0, 0, 0, 0, 0, 0, 0, 0, 0, 0, 0, 0, 0, 0, 0, 0, 0, 0, 0, 0, 0, 0, 0, 0, 0, 0, 0, 0, 0, 0, 0, 0, 0, 0, 0, 0, 0, 0, 0, 0, 0, 0, 0, 0, 0, 0, 0, 0, 0, 0, 0, 0, 0, 0, 0, 0, 0, 0, 0, 0, 0, 0, 0, 0, 0, 0, 0, 0, 0, 0, 0, 0, 0, 0, 0, 0, 0, 0, 0, 0, 0, 0, 0, 0, 0, 0, 0, 0, 0, 0, 0, 0, 0]]
},
"sfx": {
    "inharmonicity": {
        "mean": 0.0557239800692,
        "var": 0.00770801026374
    },
    "oddtoevenharmonicenergyratio": {
        "mean": 0.922178685665,
        "var": 4.16730165482
    },
    "pitch_after_max_to_before_max_energy_ratio": 4.92943096161,
    "pitch_centroid": 25.874042511,
    "pitch_max_to_total": 0.0365853644907,
    "pitch_min_to_total": 0.963414609432,
    "tristimulus": {
        "mean": [0.529578566551, 0.195608630776, 0.274812877178],
        "var": [0.120755277574, 0.0360983535647, 0.0686595290899]
    }
},
"tonal": {
    "chords_changes_rate": 0.0714285746217,
    "chords_number_rate": 0.0714285746217,
    "chords_strength": {
        "mean": 0.391965001822,
        "var": 0.000818706583232
    },
    "key_strength": 0.577063560486,
    "tuning_diatonic_strength": 0.425635457039,
    "tuning_equal_tempered_deviation": 0.243473351002,
    "tuning_frequency": 440,
    "tuning_nontempered_energy_ratio": 0.786216557026,