{
"metadata": {
    "version": {
        "essentia": "2.1-dev"
    }
},
"lowLevel": {
    "barkbands_kurtosis": {
        "mean": 5.43002653122,
        "var": 0.414583742619
    },
    "dissonance": {
        "mean": 0.426402509212,
        "var": 5.15272186021e-05
    },
    "hfc": {
        "mean": 17.8781967163,
        "var": 27.9662017822
    },
    "spectral_centroid": {
        "mean": 449.725311279,
        "var": 8.37835693359
    },
    "spectral_complexity": {
        "mean": 9.33823490143,
        "var": 1.31206703186
    },
    "spectral_crest": {
        "mean": 14.4021177292,
        "var": 0.161919802427
    },
    "spectral_energyband_high": {
        "mean": 2.14831331391e-07,
        "var": 8.96747852027e-15
    },
    "spectral_energyband_low": {
        "mean": 0.000655912677757,
        "var": 2.0161788683e-08
    },
    "spectral_kurtosis": {
        "mean": 197.991973877,
        "var": 951.970092773
    },
    "spectral_rolloff": {
        "mean": 521.54675293,
        "var": 393.384918213
    },
    "spectral_strongpeak": {
        "mean": 2.28329205513,
        "var": 0.109159901738
    },
    "mfcc": {
        "mean": [-844.588928223, 279.847839355, 58.4929428101, -34.211101532, -29.4211158752, -19.3196048737, -28.9817886353, -26.1079311371, -3.20840096474, 7.26261138916, 8.59385204315, 7.32473421097, 1.01057326794],
        "var": [294.666503906, 67.0984039307, 127.550079346, 42.3644104004, 39.2576408386, 15.3716754913, 13.9593734741, 10.458524704, 38.0311546326, 16.4584121704, 56.8684501648, 22.4047679901, 19.0093612671]
    },
    "sccoeffs": {
        "mean": [-0.649484217167, -0.612246990204, -0.655367493629, -0.749935626984, -0.852277874947, -0.875168800354],
        "var": [0.000491856306326, 0.000988067011349, 0.00129880849272, 0.00233843433671, 0.000347635737853, 0.000182778661838]
    }
},
"sfx": {
    "inharmonicity": {
        "mean": 0.0254443082958,
        "var": 0.00224521150813
    }
}
}