{
"metadata": {
    "version": {
        "essentia": "2.1-dev"
    }
},
"lowLevel": {
    "average_loudness": 0.953041493893,
    "barkbands_kurtosis": {
        "mean": 11.0951747894,
        "var": 506.473449707
    },
    "barkbands_skewness": {
        "mean": 0.764917254448,
        "var": 4.56792354584
    },
    "barkbands_spread": {
        "mean": 3.50969076157,
        "var": 35.9259490967
    },
    "dissonance": {
        "mean": 0.429848343134,
        "var": 0.000473407155368
    },
    "hfc": {
        "mean": 11.9666366577,
        "var": 86.8039779663
    },
    "pitch": {
        "mean": 331.150177002,
        "var": 56885.8203125
    },
    "pitch_instantaneous_confidence": {
        "mean": 0.498831033707,
        "var": 0.0171965565532
    },
    "pitch_salience": {
        "mean": 0.701743066311,
        "var": 0.0254419725388
    },
    "silence_rate_20dB": {
        "mean": 1,
        "var": 0
    },
    "silence_rate_30dB": {
        "mean": 1,
        "var": 0
    },
    "silence_rate_60dB": {
        "mean": 0.281553387642,
        "var": 0.202281013131
    },
    "spectral_centroid": {
        "mean": 400.389251709,
        "var": 13898.59375
    },
    "spectral_complexity": {
        "mean": 6.73786401749,
        "var": 16.8147850037
    },
    "spectral_crest": {
        "mean": 13.4847650528,
        "var": 5.27928781509
    },
    "spectral_decrease": {
        "mean": -6.76693856505e-09,
        "var": 2.76186921135e-17
    },
    "spectral_energy": {
        "mean": 0.026625353843,
        "var": 0.00042765768012
    },
    "spectral_energyband_high": {
        "mean": 1.46003714008e-07,
        "var": 1.51763909599e-14
    },
    "spectral_energyband_low": {
        "mean": 0.000446926831501,
        "var": 1.00307886441e-07
    },
    "spectral_energyband_middle_high": {
        "mean": 0.000124981685076,
        "var": 1.04842188264e-08
    },
    "spectral_energyband_middle_low": {
        "mean": 0.0262644700706,
        "var": 0.000416847295128
    },
    "spectral_flatness_db": {
        "mean": 0.398158848286,
        "var": 0.00979056023061
    },
    "spectral_flux": {
        "mean": 0.0120166875422,
        "var": 0.000189629048691
    },
    "spectral_kurtosis": {
        "mean": 148.144470215,
        "var": 7625.43457031
    },
    "spectral_rms": {
        "mean": 0.0042379098013,
        "var": 8.01608257461e-06
    },
    "spectral_rolloff": {
        "mean": 505.089508057,
        "var": 46581.9648438
    },
    "spectral_skewness": {
        "mean": 9.51016712189,
        "var": 17.9024143219
    },
    "spectral_spread": {
        "mean": 2026408.875,
        "var": 6.6198789161e+12
    },
    "spectral_strongpeak": {
        "mean": 1.57223892212,
        "var": 1.10505008698
    },
    "zerocrossingrate": {
        "mean": 0.0220342837274,
        "var": 5.199691077e-05
    },
    "barkbands": {
        "mean": [5.04026047565e-07, 0.000193815591047, 4.41605807282e-05, 0.000337559700711, 0.000585603062063, 0.00722961593419, 0.0141412485391, 0.00180079322308, 0.00216462323442, 3.54954281647e-05, 3.29749527737e-05, 3.3420859836e-05, 9.86613304121e-06, 1.34132378662e-05, 1.04098478459e-06, 9.27228313685e-07, 1.02820244763e-07, 6.55371579228e-08, 3.77474549396e-08, 2.34131487531e-08, 5.85997774749e-08, 2.26292211636e-08, 1.57248152277e-08, 2.48891627308e-08, 9.67217594905e-09, 5.72392022669e-10, 6.10484163222e-10],
        "var": [4.56633645826e-13, 2.05200443304e-08, 9.91444037979e-10, 5.60425412743e-08, 1.42771369838e-07, 3.55493539246e-05, 0.000119061551231, 1.92723950931e-06, 3.00687861454e-06, 1.2725190901e-09, 9.13445985518e-10, 7.64615093463e-10, 1.43013600962e-10, 2.35751418387e-10, 1.08346448133e-12, 1.48340562924e-12, 1.25671686463e-14, 6.83861579086e-15, 1.40300377449e-15, 3.61656519289e-16, 3.90266703502e-15, 4.45482155532e-16, 1.93868331867e-16, 6.66843257808e-16, 7.03290529663e-17, 9.42703726324e-19, 1.07310771592e-18]
    },
    "mfcc": {
        "mean": [-915.732727051, 217.759536743, 56.0937461853, -16.4080905914, -17.2264347076, -12.2541399002, -20.8112411499, -19.5601520538, -2.60453414917, 6.36529874802, 7.76983594894, 6.51942205429, 1.8094176054],
        "var": [11800.5986328, 9553.6640625, 415.110626221, 717.19342041, 389.444366455, 221.500946045, 298.683258057, 182.988067627, 52.4318237305, 26.0058307648, 42.3065681458, 21.3505268097, 19.2562713623]
    },
    "sccoeffs": {
        "mean": [-0.690084159374, -0.682683050632, -0.722205758095, -0.791728436947, -0.866536259651, -0.884368002415],
        "var": [0.0052012372762, 0.0130575690418, 0.0110688097775, 0.00517908902839, 0.000727491977159, 0.000333069707267]
    },
    "scvalleys": {
        "mean": [-7.07133865356, -6.00280666351, -8.37811946869, -9.7188835144, -11.5233068466, -12.3567171097],
        "var": [2.15667581558, 7.12087440491, 3.51579833031, 1.72921931744, 0.695607721806, 0.575292050838]
    }
},
"rhythm": {
    "beats_loudness": {
        "mean": 0.0318398699164,
        "var": 0.00038720088196
    },
    "bpm": 144.580078125,
    "confidence": 0,
    "first_peak_bpm": {
        "mean": 144,
        "var": 0
    },
    "first_peak_spread": {
        "mean": 0.25,
        "var": 0
    },
    "first_peak_weight": {
        "mean": 0.75,
        "var": 0
    },
    "onset_rate": 0.844479799271,
    "second_peak_bpm": {
        "mean": 0,
        "var": 0
    },
    "second_peak_spread": {
        "mean": 0,
        "var": 0
    },
    "second_peak_weight": {
        "mean": 0,
        "var": 0
    },
    "beats_loudness_band_ratio": {
        "mean": [0.0836137160659, 0.396405696869, 0.65164232254, 0.0263965912163, 0.0040256860666, 0.00222203554586],
        "var": [0.0145194232464, 0.00250523840077, 0.066438831389, 0.00203282525763, 5.50619224668e-05, 1.96159780899e-05]
    },
    "beats_position": [0.394739210606, 0.812698423862, 1.23065757751, 1.63700675964, 2.0549659729],
    "bpm_estimates": [143.554672241, 143.554702759, 147.656265259, 143.554672241],
    "bpm_intervals": [0.417959213257, 0.417959153652, 0.406349182129, 0.417959213257],
    "onset_times": [0.104489795864, 2.03174614906],
    "histogram": [[0, 0, 0, 0, 0, 0, 0, 0, 0, 0, 0, 0, 0, 0, 0, 0, 0, 0, 0, 0, 0, 0, 0, 0, 0, 0, 0, 0, 0, 0, 0, 0, 0, 0, 0, 0, 0, 0, 0, 0, 0, 0, 0, 0, 0, 0, 0, 0, 0, 0, 0, 0, 0, 0, 0, 0, 0, 0, 0, 0, 0, 0, 0, 0, 0, 0, 0, 0, 0, 0, 0, 0, 0, 0, 0, 0, 0, 0, 0, 0, 0, 0, 0, 0, 0, 0, 0, 0, 0, 0, 0, 0, 0, 0, 0, 0, 0, 0, 0, 0, 0, 0, 0, 0, 0, 0, 0, 0, 0, 0, 0, 0, 0, 0, 0, 0, 0, 0, 0, 0, 0, 0, 0, 0, 0, 0, 0, 0, 0, 0, 0, 0, 0, 0, 0, 0, 0, 0, 0, 0, 0, 0, 0, 0, 0.75, 0, 0, 0, 0.25, 0, 0, 0, 0, 0, 0, 0, 0, 0, 0, 0, 0, 0, 0, 0, 0, 0, 0, 0, 0, 0, 0, 0, 0, 0, 0, 0, 0, 0, 0, 0, 0, 0, 0, 0, 0, 0, 0, 0, 0, 0, 0, 0, 0, 0, 0, 0, 0, 0, 0, 0, 0, 0, 0, 0, 0, 0, 0, 0, 0, 0, 0, 0, 0, 0, 0, 0, 0, 0, 0, 0, 0, 0, 0, 0, 0, 0, 0, 0, 0, 0, 0, 0, 0, 0, 0, 0, 0, 0, 0, 0, 0, 0, 0, 0, 0, 0, 0, 0, 0, 0]]
},
"sfx": {
    "inharmonicity": {
        "mean": 0.0440633781254,
        "var": 0.00403358787298
    },
    "oddtoevenharmonicenergyratio": {
        "mean": 3.45546293259,
        "var": 643.833129883
    },
    "pitch_after_max_to_before_max_energy_ratio": 0.352675080299,
    "pitch_centroid": 53.0136871338,
    "pitch_max_to_total": 0.893203854561,
    "pitch_min_to_total": 0.0291262138635,
    "tristimulus": {
        "mean": [0.573505878448, 0.168306171894, 0.258187949657],
        "var": [0.170908227563, 0.0284472573549, 0.102136418223]
    }
},
"tonal": {
    "chords_changes_rate": 0.0192307699472,
    "chords_number_rate": 0.0384615398943,
    "chords_strength": {
        "mean": 0.490186333656,
        "var": 0.000242727968725
    },
    "key_strength": 0.623777866364,
    "tuning_diatonic_strength": 0.48667255044,
    "tuning_equal_tempered_deviation": 0.211568504572,
    "tuning_frequency": 445.627075195,
    "tuning_nontempered_energy_ratio": 0.764079213142,