{
"metadata": {
    "version": {
        "essentia": "2.1-dev"
    }
},
"lowLevel": {
    "barkbands_kurtosis": {
        "mean": 3.73675727844,
        "var": 0.802799999714
    },
    "dissonance": {
        "mean": 0.457024127245,
        "var": 5.45370494365e-05
    },
    "hfc": {
        "mean": 3.72194433212,
        "var": 0.0875489786267
    },
    "spectral_centroid": {
        "mean": 344.50692749,
        "var": 228.314056396
    },
    "spectral_complexity": {
        "mean": 8.68000030518,
        "var": 0.297600030899
    },
    "spectral_crest": {
        "mean": 11.1480007172,
        "var": 0.299207180738
    },
    "spectral_energyband_high": {
        "mean": 3.52399212034e-07,
        "var": 6.52903456601e-15
    },
    "spectral_energyband_low": {
        "mean": 0.000905437918846,
        "var": 6.37862100916e-08
    },
    "spectral_kurtosis": {
        "mean": 67.6114730835,
        "var": 137.867095947
    },
    "spectral_rolloff": {
        "mean": 520.2421875,
        "var": 9335.89160156
    },
    "spectral_strongpeak": {
        "mean": 0.927843272686,
        "var": 0.00199417304248
    },
    "mfcc": {
        "mean": [-840.116943359, 258.699127197, 31.0728816986, -23.6484222412, 8.30655288696, -8.53117847443, -15.7309570312, -5.50558519363, -2.22643971443, -5.7990937233, -5.28142690659, -10.6409740448, -11.4996194839],
        "var": [40.3665542603, 6.60005474091, 54.9970054626, 15.775765419, 26.2485694885, 15.7062854767, 26.0093097687, 6.91478586197, 8.26872825623, 12.8511514664, 6.28185558319, 14.3354845047, 11.372045517]
    },
    "sccoeffs": {
        "mean": [-0.630906879902, -0.595090031624, -0.713875353336, -0.768567860126, -0.788580834866, -0.842057824135],
        "var": [0.000333583157044, 0.000498328707181, 0.000217947555939, 0.000388741726056, 0.000683722144458, 0.000398555275751]
    }
},
"sfx": {
    "inharmonicity": {
        "mean": 0.0279797539115,
        "var": 0.000203040501219
    }
}
}