{"lowlevel.dissonance.mean": [0.37537264823913574], "sfx.inharmonicity.mean": [0.27033883333206177], "lowlevel.spectral_contrast.mean": [[0.15579760074615479, 0.40810728073120117, 0.2680056095123291, 0.2761085033416748, 0.26412391662597656, 0.26102662086486816]], "lowlevel.spectral_centroid.mean": [0.5008389949798584], "lowlevel.mfcc.mean": [[0.21161878108978271, 0.45018497109413147, 0.6132336258888245, 0.43002909421920776, 0.507097065448761, 0.5193274021148682, 0.4751608967781067, 0.44293317198753357, 0.45253175497055054, 0.3834560513496399, 0.33078116178512573, 0.34491926431655884, 0.44201111793518066]], "sfx.logattacktime.mean": [0.10305064916610718], "lowlevel.hfc.mean": [0.46510764956474304]}