{
"metadata": {
    "version": {
        "essentia": "2.1-dev"
    }
},
"lowLevel": {
    "average_loudness": 0.99068403244,
    "barkbands_kurtosis": {
        "mean": 7.64881420135,
        "var": 59.0425796509
    },
    "barkbands_skewness": {
        "mean": 1.41715443134,
        "var": 2.03340244293
    },
    "barkbands_spread": {
        "mean": 14.9324893951,
        "var": 291.213348389
    },
    "dissonance": {
        "mean": 0.390793353319,
        "var": 0.00819736067206
    },
    "hfc": {
        "mean": 0.0749617889524,
        "var": 0.0289944950491
    },
    "pitch": {
        "mean": 1176.37097168,
        "var": 3793880.75
    },
    "pitch_instantaneous_confidence": {
        "mean": 0.407425999641,
        "var": 0.0184857770801
    },
    "pitch_salience": {
        "mean": 0.685389876366,
        "var": 0.0279058925807
    },
    "silence_rate_20dB": {
        "mean": 1,
        "var": 0
    },
    "silence_rate_30dB": {
        "mean": 1,
        "var": 0
    },
    "silence_rate_60dB": {
        "mean": 1,
        "var": 0
    },
    "spectral_centroid": {
        "mean": 1542.26904297,
        "var": 9354977
    },
    "spectral_complexity": {
        "mean": 0.363636374474,
        "var": 0.776859521866
    },
    "spectral_crest": {
        "mean": 9.80246829987,
        "var": 11.7752285004
    },
    "spectral_decrease": {
        "mean": -3.12496278854e-11,
        "var": 4.63498822068e-21
    },
    "spectral_energy": {
        "mean": 0.000124742640764,
        "var": 7.41807966165e-08
    },
    "spectral_energyband_high": {
        "mean": 5.39456493698e-07,
        "var": 1.65908476193e-12
    },
    "spectral_energyband_low": {
        "mean": 9.43174381973e-06,
        "var": 3.36643629639e-10
    },
    "spectral_energyband_middle_high": {
        "mean": 2.5568448109e-05,
        "var": 3.43259065616e-09
    },
    "spectral_energyband_middle_low": {
        "mean": 9.03530817595e-05,
        "var": 3.86835843358e-08
    },
    "spectral_flatness_db": {
        "mean": 0.153049364686,
        "var": 0.00194061803631
    },
    "spectral_flux": {
        "mean": 0.00676125008613,
        "var": 7.76684246375e-05
    },
    "spectral_kurtosis": {
        "mean": 6.71415996552,
        "var": 31.9887199402
    },
    "spectral_rms": {
        "mean": 0.000190222926904,
        "var": 8.5515353021e-08
    },
    "spectral_rolloff": {
        "mean": 2767.99536133,
        "var": 28629754
    },
    "spectral_skewness": {
        "mean": 2.33452749252,
        "var": 1.35638856888
    },
    "spectral_spread": {
        "mean": 18746102,
        "var": 1.17081739624e+14
    },
    "spectral_strongpeak": {
        "mean": 0.0264519229531,
        "var": 0.00287222699262
    },
    "zerocrossingrate": {
        "mean": 0.0678267031908,
        "var": 0.0173265058547
    },
    "barkbands": {
        "mean": [7.2369806503e-07, 4.67369272883e-06, 3.31892942995e-06, 2.26295787797e-06, 1.87449804798e-05, 2.82869859802e-05, 8.08562219845e-07, 1.33527146318e-05, 2.61925342784e-05, 9.81184348348e-06, 4.35285301137e-06, 3.92244828618e-06, 2.45777823693e-06, 1.53249823143e-06, 2.0775687517e-06, 1.06787604182e-06, 2.13716873532e-07, 2.43653062171e-07, 1.00232107059e-07, 1.17251950371e-07, 1.11533701386e-07, 8.0542605474e-08, 9.57688754966e-08, 7.71986634618e-08, 3.5768128015e-08, 7.35330800694e-08, 5.50249579234e-09],
        "var": [1.69554290313e-12, 1.03329053647e-10, 4.27395098479e-11, 3.08881496769e-11, 1.4545272764e-09, 3.33368110894e-09, 2.89238836874e-12, 1.51779466773e-09, 3.66126262641e-09, 6.9062394692e-10, 7.75609992898e-11, 7.50676604211e-11, 2.65696180335e-11, 1.06599642308e-11, 2.42239353576e-11, 8.62278304314e-12, 2.71219597345e-13, 4.8227708719e-13, 6.21907039755e-14, 1.04635416542e-13, 7.37652262406e-14, 3.24108483649e-14, 4.71847834784e-14, 3.6890111056e-14, 7.53053794723e-15, 3.18169461318e-14, 8.83559522569e-17]
    },
    "mfcc": {
        "mean": [-1040.47363281, 80.8098602295, 24.1117782593, 4.43035459518, 2.03236794472, 3.68185782433, -1.42129719257, -2.01225447655, -2.79931640625, -4.36929607391, -7.40235185623, -5.16604423523, -2.30481362343],
        "var": [9958.26953125, 3277.50390625, 273.923339844, 285.342102051, 72.3472061157, 40.1130409241, 27.8946113586, 15.2844018936, 34.7215919495, 37.8135108948, 47.0902671814, 30.758228302, 36.823928833]
    },
    "sccoeffs": {
        "mean": [-0.867382287979, -0.795045316219, -0.888246893883, -0.882197201252, -0.894383788109, -0.900311529636],
        "var": [0.00227147736587, 0.0107366740704, 0.00186200509779, 0.00298279547133, 0.00148134492338, 0.00114360719454]
    },
    "scvalleys": {
        "mean": [-9.63012504578, -10.6272420883, -10.8389320374, -11.7570095062, -12.9604101181, -13.4723701477],
        "var": [12.5273771286, 11.0482902527, 12.2166719437, 9.75966262817, 7.4714550972, 6.44515275955]
    }
},
"rhythm": {
    "bpm": 0,
    "confidence": 0,
    "first_peak_bpm": {
        "mean": 0,
        "var": 0
    },
    "first_peak_spread": {
        "mean": 0,
        "var": 0
    },
    "first_peak_weight": {
        "mean": 0,
        "var": 0
    },
    "onset_rate": 9.56927394867,
    "second_peak_bpm": {
        "mean": 0,
        "var": 0
    },
    "second_peak_spread": {
        "mean": 0,
        "var": 0
    },
    "second_peak_weight": {
        "mean": 0,
        "var": 0
    },
    "beats_position": [],
    "bpm_estimates": [],
    "bpm_intervals": [],
    "onset_times": [0.0116099771112, 0.208979591727],
    "histogram": [[0, 0, 0, 0, 0, 0, 0, 0, 0, 0, 0, 0, 0, 0, 0, 0, 0, 0, 0, 0, 0, 0, 0, 0, 0, 0, 0, 0, 0, 0, 0, 0, 0, 0, 0, 0, 0, 0, 0, 0, 0, 0, 0, 0, 0, 0, 0, 0, 0, 0, 0, 0, 0, 0, 0, 0, 0, 0, 0, 0, 0, 0, 0, 0, 0, 0, 0, 0, 0, 0, 0, 0, 0, 0, 0, 0, 0, 0, 0, 0, 0, 0, 0, 0, 0, 0, 0, 0, 0, 0, 0, 0, 0, 0, 0, 0, 0, 0, 0, 0, 0, 0, 0, 0, 0, 0, 0, 0, 0, 0, 0, 0, 0, 0, 0, 0, 0, 0, 0, 0, 0, 0, 0, 0, 0, 0, 0, 0, 0, 0, 0, 0, 0, 0, 0, 0, 0, 0, 0, 0, 0, 0, 0, 0, 0, 0, 0, 0, 0, 0, 0, 0, 0, 0, 0, 0, 0, 0, 0, 0, 0, 0, 0, 0, 0, 0, 0, 0, 0, 0, 0, 0, 0, 0, 0, 0, 0, 0, 0, 0, 0, 0, 0, 0, 0, 0, 0, 0, 0, 0, 0, 0, 0, 0, 0, 0, 0, 0, 0, 0, 0, 0, 0, 0, 0, 0, 0, 0, 0, 0, 0, 0, 0, 0, 0, 0, 0, 0, 0, 0, 0, 0, 0, 0, 0, 0, 0, 0, 0, 0, 0, 0, 0, 0, 0, 0, 0, 0, 0, 0, 0, 0, 0, 0, 0, 0, 0, 0, 0, 0]]
},
"sfx": {
    "inharmonicity": {
        "mean": 0.154016628861,
        "var": 0.0798127353191
    },
    "oddtoevenharmonicenergyratio": {
        "mean": 3.09347590158e+37,
        "var": inf
    },
    "pitch_after_max_to_before_max_energy_ratio": 1.41274726391,
    "pitch_centroid": 8.26696014404,
    "pitch_max_to_total": 0.818181812763,
    "pitch_min_to_total": 0.727272748947,
    "tristimulus": {
        "mean": [0.464713960886, 0.31234934926, 0.132027566433],
        "var": [0.0684382393956, 0.0340297110379, 0.00804905313998]
    }
},
"tonal": {
    "chords_changes_rate": 0,
    "chords_number_rate": 0.166666671634,
    "chords_strength": {
        "mean": 0.289330452681,
        "var": 8.881784197e-16
    },
    "key_strength": 0.339960694313,
    "tuning_diatonic_strength": 0.325766205788,
    "tuning_equal_tempered_deviation": 0.225627690554,
    "tuning_frequency": 448.208557129,
    "tuning_nontempered_energy_ratio": 0.824898898602,
    "hpcp": {
        "mean": [0.0766424536705, 0.133333936334, 0.188961014152, 0.14220841229, 0.104792244732, 0.25174164772, 0.352356553078, 0.282054573298, 0.156471863389, 0.0678997561336, 0.0917043909431, 0.129740536213, 0.130541533232, 0.31587228179, 0.473157018423, 0.408932775259, 0.260541290045, 0.309025615454, 0.299568742514, 0.123156584799, 0.0800890102983, 0.0878892168403, 0.266523808241, 0.427768915892, 0.372345775366, 0.269443184137, 0.148405268788, 0.0800428763032, 0.207408666611, 0.251163870096, 0.106885336339, 0.0263492017984, 0.133454412222, 0.295130580664, 0.206725075841, 0.0548203699291],