{
"metadata": {
    "version": {
        "essentia": "2.1-dev"
    }
},
"lowLevel": {
    "average_loudness": 0.790153861046,
    "barkbands_kurtosis": {
        "mean": 0.711989879608,
        "var": 7.94605064392
    },
    "barkbands_skewness": {
        "mean": 0.547010838985,
        "var": 1.13799977303
    },
    "barkbands_spread": {
        "mean": 32.2597503662,
        "var": 871.089355469
    },
    "dissonance": {
        "mean": 0.426359057426,
        "var": 0.00506684184074
    },
    "hfc": {
        "mean": 0.305276989937,
        "var": 0.179772511125
    },
    "pitch": {
        "mean": 320.108337402,
        "var": 104528.921875
    },
    "pitch_instantaneous_confidence": {
        "mean": 0.534988462925,
        "var": 0.118680052459
    },
    "pitch_salience": {
        "mean": 0.678922951221,
        "var": 0.053949136287
    },
    "silence_rate_20dB": {
        "mean": 1,
        "var": 0
    },
    "silence_rate_30dB": {
        "mean": 1,
        "var": 0
    },
    "silence_rate_60dB": {
        "mean": 1,
        "var": 0
    },
    "spectral_centroid": {
        "mean": 1493.56835938,
        "var": 1086227.25
    },
    "spectral_complexity": {
        "mean": 2.05019307137,
        "var": 7.12874317169
    },
    "spectral_crest": {
        "mean": 9.52941894531,
        "var": 23.7877922058
    },
    "spectral_decrease": {
        "mean": -7.53827833488e-11,
        "var": 1.03656555187e-20
    },
    "spectral_energy": {
        "mean": 0.000312201183988,
        "var": 1.78567660214e-07
    },
    "spectral_energyband_high": {
        "mean": 4.62052334171e-08,
        "var": 6.55238599381e-15
    },
    "spectral_energyband_low": {
        "mean": 3.42190031866e-09,
        "var": 2.51054808389e-17
    },
    "spectral_energyband_middle_high": {
        "mean": 0.000183353782631,
        "var": 6.8464409253e-08
    },
    "spectral_energyband_middle_low": {
        "mean": 0.000128805273562,
        "var": 2.93097492943e-08
    },
    "spectral_flatness_db": {
        "mean": 0.198096886277,
        "var": 0.0192424152046
    },
    "spectral_flux": {
        "mean": 0.00166446028743,
        "var": 5.15834744874e-06
    },
    "spectral_kurtosis": {
        "mean": 24.6726264954,
        "var": 867.572814941
    },
    "spectral_rms": {
        "mean": 0.000349117879523,
        "var": 1.82703175255e-07
    },
    "spectral_rolloff": {
        "mean": 2636.61132812,
        "var": 7193226
    },
    "spectral_skewness": {
        "mean": 3.08177423477,
        "var": 6.73856067657
    },
    "spectral_spread": {
        "mean": 18739886,
        "var": 2.7482218981e+14
    },
    "spectral_strongpeak": {
        "mean": 0.195952668786,
        "var": 0.066290050745
    },
    "zerocrossingrate": {
        "mean": 0.128410428762,
        "var": 0.0126008670777
    },
    "barkbands": {
        "mean": [3.31349903071e-09, 1.11180609164e-09, 4.1674858009e-10, 1.10111830764e-09, 1.12471379907e-05, 1.52860426539e-08, 4.27664053859e-05, 2.88119021974e-08, 7.47297090129e-05, 5.81604581384e-06, 4.20864671469e-05, 7.10068852641e-05, 3.00885094475e-05, 2.14705287362e-05, 7.64694232203e-06, 2.94752726404e-06, 1.89314437193e-06, 2.99097592915e-07, 8.63924611849e-08, 3.44325812307e-08, 2.07098178606e-08, 6.15234529988e-09, 2.84618373314e-09, 1.40633327206e-09, 8.85087947378e-10, 4.12382905601e-10, 1.11522090174e-10],
        "var": [1.45113982309e-17, 1.02970825819e-17, 1.47946836024e-18, 6.70728126444e-18, 2.09161743481e-10, 8.92949015138e-16, 3.21198290187e-09, 1.18861626271e-14, 1.07676374483e-08, 9.99845137239e-11, 3.28285731932e-09, 1.00449923934e-08, 2.32401919931e-09, 1.07475428557e-09, 1.51762297174e-10, 2.37962705096e-11, 1.19670063789e-11, 3.82499641769e-13, 3.11452354521e-14, 3.8600951591e-15, 1.42016646195e-15, 7.7636015773e-17, 1.4938127474e-17, 3.36591557892e-18, 1.17692219152e-18, 3.47540218707e-19, 2.31757307216e-21]
    },
    "mfcc": {
        "mean": [-1042.67297363, 64.1180801392, -34.677192688, -39.8694725037, -9.32458305359, -5.71712875366, -9.22644042969, -6.90249347687, -6.44423007965, -7.05103731155, -6.0809340477, -5.41194391251, -6.19677114487],
        "var": [11689.7568359, 5146.72167969, 1714.04541016, 2106.84155273, 172.459823608, 69.542137146, 130.179733276, 63.0407142639, 58.3019943237, 62.2030639648, 50.6641464233, 47.1952629089, 49.7964935303]
    },
    "sccoeffs": {
        "mean": [-0.68177074194, -0.739082276821, -0.74634796381, -0.797526836395, -0.855068743229, -0.886572957039],
        "var": [0.024585949257, 0.0299534257501, 0.0387191586196, 0.0173380896449, 0.0048822904937, 0.00110879086424]
    },
    "scvalleys": {
        "mean": [-12.3746109009, -11.7495117188, -11.5666894913, -11.6731710434, -12.568821907, -13.8452653885],
        "var": [1.95100843906, 3.33743929863, 6.13581562042, 5.89606142044, 3.6540389061, 1.51526498795]
    }
},
"rhythm": {
    "beats_loudness": {
        "mean": 0.000379057804821,
        "var": 2.14063362591e-07
    },
    "bpm": 145.312484741,
    "confidence": 2.3245112896,
    "first_peak_bpm": {
        "mean": 144,
        "var": 0
    },
    "first_peak_spread": {
        "mean": 0.428571462631,
        "var": 0
    },
    "first_peak_weight": {
        "mean": 0.307692319155,
        "var": 0
    },
    "onset_rate": 1.33903157711,
    "second_peak_bpm": {
        "mean": 136,
        "var": 0
    },
    "second_peak_spread": {
        "mean": 0.33333337307,
        "var": 0
    },
    "second_peak_weight": {
        "mean": 0.153846159577,
        "var": 0
    },
    "beats_loudness_band_ratio": {
        "mean": [0.242490798235, 0.0443894527853, 0.215828850865, 0.321698635817, 0.13406200707, 0.0517229922116],
        "var": [0.110205456614, 0.000844494148623, 0.0312371049076, 0.0494936592877, 0.0139440689236, 0.00319465203211]
    },
    "beats_position": [0.394739210606, 0.812698423862, 1.25387752056, 1.70666658878, 2.11301589012, 2.53097510338, 2.92571425438, 3.34367346764, 3.75002264977, 4.19120168686, 4.59755086899, 4.98067998886, 5.39863920212, 5.78176879883],
    "bpm_estimates": [143.554672241, 147.656219482, 143.554672241, 143.554672241, 147.656265259, 147.656265259, 143.554672241],
    "bpm_intervals": [0.417959213257, 0.441179096699, 0.452789068222, 0.406349301338, 0.417959213257, 0.394739151001, 0.417959213257, 0.406349182129, 0.441179037094, 0.406349182129, 0.383129119873, 0.417959213257, 0.38312959671],
    "onset_times": [1.78793644905, 2.0549659729, 2.13623571396, 2.54258513451, 2.85605430603, 3.3785033226, 3.95900225639, 5.42185926437],
    "histogram": [[0, 0, 0, 0, 0, 0, 0, 0, 0, 0, 0, 0, 0, 0, 0, 0, 0, 0, 0, 0, 0, 0, 0, 0, 0, 0, 0, 0, 0, 0, 0, 0, 0, 0, 0, 0, 0, 0, 0, 0, 0, 0, 0, 0, 0, 0, 0, 0, 0, 0, 0, 0, 0, 0, 0, 0, 0, 0, 0, 0, 0, 0, 0, 0, 0, 0, 0, 0, 0, 0, 0, 0, 0, 0, 0, 0, 0, 0, 0, 0, 0, 0, 0, 0, 0, 0, 0, 0, 0, 0, 0, 0, 0, 0, 0, 0, 0, 0, 0, 0, 0, 0, 0, 0, 0, 0, 0, 0, 0, 0, 0, 0, 0, 0, 0, 0, 0, 0, 0, 0, 0, 0, 0, 0, 0, 0, 0, 0, 0, 0, 0, 0, 0, 0.0769230797887, 0, 0, 0.153846159577, 0, 0, 0, 0, 0, 0, 0, 0.307692319155, 0, 0, 0, 0.230769231915, 0, 0, 0, 0.0769230797887, 0, 0, 0, 0, 0.153846159577, 0, 0, 0, 0, 0, 0, 0, 0, 0, 0, 0, 0, 0, 0, 0, 0, 0, 0, 0, 0, 0, 0, 0, 0, 0, 0, 0, 0, 0, 0, 0, 0, 0, 0, 0, 0, 0, 0, 0, 0, 0, 0, 0, 0, 0, 0, 0, 0, 0, 0, 0, 0, 0, 0, 0, 0, 0, 0, 0, 0, 0, 0, 0, 0, 0, 0, 0, 0, 0, 0, 0, 0, 0, 0, 0, 0, 0, 0, 0, 0, 0, 0, 0, 0, 0, 0, 0, 0, 0, 0, 0, 0]]
},
"sfx": {
    "inharmonicity": {
        "mean": 0.0743028894067,
        "var": 0.00721616484225
    },
    "oddtoevenharmonicenergyratio": {
        "mean": 0.723687469959,
        "var": 0.477925479412
    },
    "pitch_after_max_to_before_max_energy_ratio": 2.66759848595,
    "pitch_centroid": 127.330314636,
    "pitch_max_to_total": 0.173745170236,
    "pitch_min_to_total": 0.884169876575,
    "tristimulus": {
        "mean": [0.166820093989, 0.338024109602, 0.495155721903],
        "var": [0.0262069236487, 0.0200058855116, 0.027593491599]
    }
},