{"lowlevel.dissonance.mean": [0.5985091924667358], "sfx.inharmonicity.mean": [0.8295527696609497], "lowlevel.spectral_contrast.mean": [[0.9179757237434387, 0.761818528175354, 0.6821101903915405, 0.7432996034622192, 0.8879976272583008, 0.9498333930969238]], "lowlevel.spectral_centroid.mean": [0.4301688075065613], "lowlevel.mfcc.mean": [[0.6989380121231079, 0.602269172668457, 0.10657113790512085, 0.6818413734436035, 0.5210481882095337, 0.27107396721839905, -0.04628169536590576, 0.06379076838493347, -0.08823049068450928, 0.26974138617515564, 0.8438343405723572, 0.8386121988296509, 0.4674742519855499]], "sfx.logattacktime.mean": [0.4087657034397125], "lowlevel.hfc.mean": [0.48200172185897827]}