{
"metadata": {
    "version": {
        "essentia": "2.1-dev"
    }
},
"lowLevel": {
    "barkbands_kurtosis": {
        "mean": -0.854341626167,
        "var": 0.467244237661
    },
    "dissonance": {
        "mean": 0.479894131422,
        "var": 0.000162939031725
    },
    "hfc": {
        "mean": 111.975151062,
        "var": 8609.43457031
    },
    "spectral_centroid": {
        "mean": 2038.05090332,
        "var": 151190.859375
    },
    "spectral_complexity": {
        "mean": 35.9833335876,
        "var": 50.7163848877
    },
    "spectral_crest": {
        "mean": 5.79149580002,
        "var": 3.78001880646
    },
    "spectral_energyband_high": {
        "mean": 0.00433644745499,
        "var": 1.34858173624e-05
    },
    "spectral_energyband_low": {
        "mean": 5.12860897288e-05,
        "var": 6.67351673922e-10
    },
    "spectral_kurtosis": {
        "mean": 2.02571392059,
        "var": 1.06826639175
    },
    "spectral_rolloff": {
        "mean": 3334.05712891,
        "var": 201826.59375
    },
    "spectral_strongpeak": {
        "mean": 2.45838713646,
        "var": 14.2301301956
    },
    "mfcc": {
        "mean": [-584.021911621, 56.8796043396, -74.3165664673, 42.6157684326, -18.0303592682, -3.22847533226, -39.910358429, -13.4567203522, -36.9108390808, -10.4266471863, 5.73866462708, 10.6665697098, -4.0457110405],
        "var": [2391.2722168, 428.222686768, 116.56073761, 182.093795776, 43.3442955017, 21.9029808044, 92.1571731567, 38.8394813538, 20.8297901154, 40.7744216919, 41.8760452271, 61.4197044373, 36.8101387024]
    },
    "sccoeffs": {
        "mean": [-0.378999322653, -0.619411230087, -0.683688044548, -0.667637765408, -0.651375889778, -0.641731441021],
        "var": [0.00214829458855, 0.00298649119213, 0.0029968121089, 0.00154040229972, 0.00124269374646, 0.000838574196678]
    }
},
"sfx": {
    "inharmonicity": {
        "mean": 0.147627159953,
        "var": 0.00658815260977
    }
}
}