{
"metadata": {
    "version": {
        "essentia": "2.1-dev"
    }
},
"lowLevel": {
    "average_loudness": 0.289399534464,
    "barkbands_kurtosis": {
        "mean": 0.246716201305,
        "var": 2.21286678314
    },
    "barkbands_skewness": {
        "mean": 0.472642451525,
        "var": 0.628073811531
    },
    "barkbands_spread": {
        "mean": 20.586101532,
        "var": 70.2215499878
    },
    "dissonance": {
        "mean": 0.45391997695,
        "var": 0.000871532247402
    },
    "hfc": {
        "mean": 35.7599105835,
        "var": 5112.43652344
    },
    "pitch": {
        "mean": 306.369384766,
        "var": 256465.8125
    },
    "pitch_instantaneous_confidence": {
        "mean": 0.528405487537,
        "var": 0.0130985397846
    },
    "pitch_salience": {
        "mean": 0.52920871973,
        "var": 0.00512900296599
    },
    "silence_rate_20dB": {
        "mean": 1,
        "var": 0
    },
    "silence_rate_30dB": {
        "mean": 0.964824140072,
        "var": 0.0339385867119
    },
    "silence_rate_60dB": {
        "mean": 0.437185943127,
        "var": 0.246054679155
    },
    "spectral_centroid": {
        "mean": 1151.74731445,
        "var": 497401.15625
    },
    "spectral_complexity": {
        "mean": 15.5628137589,
        "var": 216.728363037
    },
    "spectral_crest": {
        "mean": 8.78829479218,
        "var": 14.9991903305
    },
    "spectral_decrease": {
        "mean": -3.81151332718e-09,
        "var": 4.34680037e-17
    },
    "spectral_energy": {
        "mean": 0.0176290646195,
        "var": 0.000972776499111
    },
    "spectral_energyband_high": {
        "mean": 0.00132734572981,
        "var": 7.97731354396e-06
    },
    "spectral_energyband_low": {
        "mean": 5.09624151164e-05,
        "var": 5.90477666762e-10
    },
    "spectral_energyband_middle_high": {
        "mean": 0.0110461041331,
        "var": 0.000493785482831
    },
    "spectral_energyband_middle_low": {
        "mean": 0.00520961498842,
        "var": 6.1172664573e-05
    },
    "spectral_flatness_db": {
        "mean": 0.228222712874,
        "var": 0.0025751485955
    },
    "spectral_flux": {
        "mean": 0.0490245632827,
        "var": 0.00274550495669
    },
    "spectral_kurtosis": {
        "mean": 21.3835010529,
        "var": 503.132659912
    },
    "spectral_rms": {
        "mean": 0.00303283613175,
        "var": 8.00098496256e-06
    },
    "spectral_rolloff": {
        "mean": 1959.20019531,
        "var": 1487493
    },
    "spectral_skewness": {
        "mean": 2.60026979446,
        "var": 3.00050783157
    },
    "spectral_spread": {
        "mean": 2960542.75,
        "var": 2.52416517734e+12
    },
    "spectral_strongpeak": {
        "mean": 1.08718061447,
        "var": 5.20438432693
    },
    "zerocrossingrate": {
        "mean": 0.066462688148,
        "var": 0.00135794631205
    },
    "barkbands": {
        "mean": [7.72228377173e-05, 3.02510829897e-06, 2.21441212034e-07, 0.000471162522445, 0.00231241970323, 0.000535054248758, 0.00023359961051, 0.00155571452342, 9.70456458163e-05, 3.57970275218e-05, 9.35815387493e-06, 0.00126638729125, 0.00103982561268, 0.000421181845013, 0.000527929340024, 0.00106047629379, 0.00192360405345, 0.00267445202917, 0.00163053639699, 0.000702948891558, 0.000469451711979, 0.000395901617594, 0.000154063061927, 2.79765645246e-05, 3.43546753356e-06, 2.75584881138e-07, 4.36751168564e-09],
        "var": [8.05999977871e-09, 9.09377694674e-12, 1.79165710046e-13, 1.55462913654e-07, 2.89277049887e-05, 1.12872703539e-06, 1.74851805923e-07, 3.43335500474e-06, 3.29227951568e-08, 1.29856294606e-08, 1.06277120437e-09, 1.14414933705e-05, 5.08551511302e-06, 9.35144043979e-07, 1.93623873201e-06, 3.95422512156e-06, 1.88066969713e-05, 4.98106128362e-05, 1.40633455885e-05, 2.53480584433e-06, 1.01516752693e-06, 7.9944453546e-07, 1.2632953883e-07, 4.31469437956e-09, 6.96749047346e-11, 1.76107197401e-12, 8.67760690507e-16]
    },
    "mfcc": {
        "mean": [-752.02142334, 124.49055481, -62.265827179, 31.977602005, 4.04273176193, -12.551232338, -32.8091430664, -21.7696018219, -28.8499031067, -9.25939369202, 14.3498106003, 14.1131019592, -1.14766097069],
        "var": [16807.453125, 2403.31835938, 721.10144043, 451.444519043, 572.880126953, 107.374313354, 84.4250946045, 95.1315917969, 73.5415878296, 33.72473526, 70.0528259277, 49.9724197388, 31.7185688019]
    },
    "sccoeffs": {
        "mean": [-0.442795604467, -0.627064585686, -0.717923879623, -0.712706387043, -0.696652650833, -0.681623458862],
        "var": [0.00407238304615, 0.00325620663352, 0.00270908558741, 0.00218158774078, 0.00170234893449, 0.00639031780884]
    },
    "scvalleys": {
        "mean": [-8.74376869202, -6.75376224518, -8.37744617462, -7.43666219711, -8.27540397644, -12.0595989227],
        "var": [0.502905130386, 0.600017845631, 1.33616673946, 1.24307012558, 3.25462007523, 6.10702371597]
    }
},
"rhythm": {
    "beats_loudness": {
        "mean": 0.012368186377,
        "var": 0.000367790751625
    },
    "bpm": 105.834960938,
    "confidence": 0,
    "first_peak_bpm": {
        "mean": 105,
        "var": 0
    },
    "first_peak_spread": {
        "mean": 0.166666686535,
        "var": 0
    },
    "first_peak_weight": {
        "mean": 0.833333313465,
        "var": 0
    },
    "onset_rate": 0.218057751656,
    "second_peak_bpm": {
        "mean": 0,
        "var": 0
    },
    "second_peak_spread": {
        "mean": 0,
        "var": 0
    },
    "second_peak_weight": {
        "mean": 0,
        "var": 0
    },
    "beats_loudness_band_ratio": {
        "mean": [0.242936238647, 0.127590969205, 0.287012249231, 0.111505314708, 0.231651172042, 0.0593255273998],
        "var": [0.0182491000742, 0.000874193792697, 0.0366024672985, 0.00532166380435, 0.0336489453912, 0.00473644817248]
    },
    "beats_position": [0.545668900013, 1.10294783115, 1.67183673382, 2.24072551727, 2.80961441994, 3.3785033226, 3.94739222527],
    "bpm_estimates": [107.666015625, 105.46875, 105.468772888, 105.46875, 105.46875, 105.46875],
    "bpm_intervals": [0.557278931141, 0.568888902664, 0.568888783455, 0.568888902664, 0.568888902664, 0.568888902664],
    "onset_times": [0.0116099771112],
    "histogram": [[0, 0, 0, 0, 0, 0, 0, 0, 0, 0, 0, 0, 0, 0, 0, 0, 0, 0, 0, 0, 0, 0, 0, 0, 0, 0, 0, 0, 0, 0, 0, 0, 0, 0, 0, 0, 0, 0, 0, 0, 0, 0, 0, 0, 0, 0, 0, 0, 0, 0, 0, 0, 0, 0, 0, 0, 0, 0, 0, 0, 0, 0, 0, 0, 0, 0, 0, 0, 0, 0, 0, 0, 0, 0, 0, 0, 0, 0, 0, 0, 0, 0, 0, 0, 0, 0, 0, 0, 0, 0, 0, 0, 0, 0, 0, 0, 0, 0, 0, 0, 0, 0, 0, 0, 0, 0.833333313465, 0, 0, 0.166666671634, 0, 0, 0, 0, 0, 0, 0, 0, 0, 0, 0, 0, 0, 0, 0, 0, 0, 0, 0, 0, 0, 0, 0, 0, 0, 0, 0, 0, 0, 0, 0, 0, 0, 0, 0, 0, 0, 0, 0, 0, 0, 0, 0, 0, 0, 0, 0, 0, 0, 0, 0, 0, 0, 0, 0, 0, 0, 0, 0, 0, 0, 0, 0, 0, 0, 0, 0, 0, 0, 0, 0, 0, 0, 0, 0, 0, 0, 0, 0, 0, 0, 0, 0, 0, 0, 0, 0, 0, 0, 0, 0, 0, 0, 0, 0, 0, 0, 0, 0, 0, 0, 0, 0, 0, 0, 0, 0, 0, 0, 0, 0, 0, 0, 0, 0, 0, 0, 0, 0, 0, 0, 0, 0, 0, 0, 0, 0, 0, 0, 0, 0, 0, 0, 0, 0, 0, 0, 0, 0, 0, 0]]
},
"sfx": {
    "inharmonicity": {
        "mean": 0.0896538197994,
        "var": 0.0039666229859
    },
    "oddtoevenharmonicenergyratio": {
        "mean": 0.366502702236,
        "var": 0.15999878943
    },
    "pitch_after_max_to_before_max_energy_ratio": 0.807370364666,
    "pitch_centroid": 67.2306900024,
    "pitch_max_to_total": 0.0753768831491,
    "pitch_min_to_total": 0.819095492363,
    "tristimulus": {
        "mean": [0.2379668504, 0.329666137695, 0.432367026806],
        "var": [0.027793103829, 0.0192399844527, 0.0376691371202]
    }
},
"tonal": {
    "chords_changes_rate": 0.0299999993294,
    "chords_number_rate": 0.0399999991059,
    "chords_strength": {
        "mean": 0.513024687767,
        "var": 0.00541194435209
    },
    "key_strength": 0.645381569862,
    "tuning_diatonic_strength": 0.581516802311,
    "tuning_equal_tempered_deviation": 0.22012796998,
    "tuning_frequency": 433.441375732,