{"lowlevel.dissonance.mean": [0.49808573722839355], "sfx.inharmonicity.mean": [0.31233179569244385], "lowlevel.spectral_contrast.mean": [[0.31773293018341064, 0.3945200443267822, 0.2871358394622803, 0.3070046901702881, 0.2572333812713623, 0.3049614429473877]], "lowlevel.spectral_centroid.mean": [0.4190666675567627], "lowlevel.mfcc.mean": [[0.3104304075241089, 0.5682234764099121, 0.6666091084480286, 0.504790723323822, 0.5366318225860596, 0.5754855871200562, 0.5294262170791626, 0.4324789047241211, 0.3714255690574646, 0.3059970736503601, 0.368419885635376, 0.466372013092041, 0.5188000202178955]], "sfx.logattacktime.mean": [0.1641501784324646], "lowlevel.hfc.mean": [0.46647751331329346]}