{
"metadata": {
    "version": {
        "essentia": "2.1-dev"
    }
},
"lowLevel": {
    "average_loudness": 0.99068403244,
    "barkbands_kurtosis": {
        "mean": 7.03419351578,
        "var": 24.8561000824
    },
    "barkbands_skewness": {
        "mean": 1.61950933933,
        "var": 1.16514658928
    },
    "barkbands_spread": {
        "mean": 15.6941652298,
        "var": 547.364257812
    },
    "dissonance": {
        "mean": 0.42511510849,
        "var": 0.00244749523699
    },
    "hfc": {
        "mean": 2.92465281487,
        "var": 56.1276817322
    },
    "pitch": {
        "mean": 411.092590332,
        "var": 820775.1875
    },
    "pitch_instantaneous_confidence": {
        "mean": 0.333041846752,
        "var": 0.014732577838
    },
    "pitch_salience": {
        "mean": 0.694955229759,
        "var": 0.00867708772421
    },
    "silence_rate_20dB": {
        "mean": 1,
        "var": 0
    },
    "silence_rate_30dB": {
        "mean": 1,
        "var": 0
    },
    "silence_rate_60dB": {
        "mean": 0.8125,
        "var": 0.15234375
    },
    "spectral_centroid": {
        "mean": 881.504882812,
        "var": 3399524
    },
    "spectral_complexity": {
        "mean": 2.1875,
        "var": 17.90234375
    },
    "spectral_crest": {
        "mean": 9.97875595093,
        "var": 11.8983898163
    },
    "spectral_decrease": {
        "mean": -2.64599897548e-09,
        "var": 4.06654032881e-17
    },
    "spectral_energy": {
        "mean": 0.0102518647909,
        "var": 0.00061187997926
    },
    "spectral_energyband_high": {
        "mean": 1.05258150143e-05,
        "var": 1.22222632015e-09
    },
    "spectral_energyband_low": {
        "mean": 0.00348941725679,
        "var": 7.46079240344e-05
    },
    "spectral_energyband_middle_high": {
        "mean": 0.000547187053598,
        "var": 2.57881447396e-06
    },
    "spectral_energyband_middle_low": {
        "mean": 0.00674395170063,
        "var": 0.000264010159299
    },
    "spectral_flatness_db": {
        "mean": 0.189249664545,
        "var": 0.00515218591318
    },
    "spectral_flux": {
        "mean": 0.0501543283463,
        "var": 0.00739462859929
    },
    "spectral_kurtosis": {
        "mean": 15.3836994171,
        "var": 139.860992432
    },
    "spectral_rms": {
        "mean": 0.00148578372318,
        "var": 7.7942659118e-06
    },
    "spectral_rolloff": {
        "mean": 1613.64440918,
        "var": 13275674
    },
    "spectral_skewness": {
        "mean": 3.17678189278,
        "var": 2.5325782299
    },
    "spectral_spread": {
        "mean": 14217582,
        "var": 1.9947458868e+14
    },
    "spectral_strongpeak": {
        "mean": 0.127869263291,
        "var": 0.0634248554707
    },
    "zerocrossingrate": {
        "mean": 0.0484619140625,
        "var": 0.0095407217741
    },
    "barkbands": {
        "mean": [3.38756326528e-05, 0.00165612099227, 0.00129487121012, 0.00111961981747, 0.00348860351369, 0.000649850990158, 0.000848967989441, 0.000293634308036, 0.00027373546618, 0.000133298381115, 0.000171471823705, 8.47687551868e-05, 6.12531075603e-05, 5.61246270081e-05, 4.00422359235e-05, 2.02060018637e-05, 8.55256348586e-06, 2.60968636212e-06, 2.38047891798e-06, 4.00850740334e-06, 3.91558796764e-06, 1.3198622355e-06, 1.7624853399e-06, 5.68247514821e-07, 2.33192523069e-07, 9.19193468008e-08, 3.747920585e-10],
        "var": [7.49286055424e-09, 1.9196586436e-05, 1.9148350475e-05, 1.44449095387e-05, 7.75439038989e-05, 2.68210510512e-06, 5.94857374381e-06, 6.25201607818e-07, 8.33113404042e-07, 1.43782216355e-07, 2.01095843977e-07, 7.94537342585e-08, 4.26546620247e-08, 3.67041153027e-08, 1.84888744315e-08, 4.77347494865e-09, 7.73153874256e-10, 6.06631689326e-11, 5.00817408378e-11, 1.8654630618e-10, 1.80836803865e-10, 1.64533976721e-11, 3.44803213759e-11, 2.93429299955e-12, 4.17882227302e-13, 6.57325214225e-14, 3.77902555175e-19]
    },
    "mfcc": {
        "mean": [-982.77911377, 114.172660828, 33.9182014465, 12.3952884674, 4.59476423264, 7.95007514954, 1.6888910532, -2.31489610672, -6.8236541748, -7.77336645126, -5.71225452423, -0.736699461937, 0.676993370056],
        "var": [24204.3457031, 6014.41992188, 425.818054199, 88.7848815918, 36.415512085, 43.5390853882, 25.3027496338, 27.5249423981, 45.5005187988, 68.6239547729, 24.600271225, 13.615193367, 9.25062942505]
    },
    "sccoeffs": {
        "mean": [-0.771408736706, -0.802024483681, -0.878456711769, -0.87337911129, -0.894629955292, -0.878039240837],
        "var": [0.0210976190865, 0.00577124301344, 0.00196370831691, 0.00180618965533, 0.00145045714453, 0.00209722621366]
    },
    "scvalleys": {
        "mean": [-8.2008562088, -9.10242366791, -9.63223171234, -10.6112546921, -11.625910759, -12.674451828],
        "var": [7.45040035248, 8.62505817413, 7.61034488678, 6.10648298264, 4.26856517792, 2.87152314186]
    }
},
"rhythm": {
    "bpm": 0,
    "confidence": 0,
    "first_peak_bpm": {
        "mean": 0,
        "var": 0
    },
    "first_peak_spread": {
        "mean": 0,
        "var": 0
    },
    "first_peak_weight": {
        "mean": 0,
        "var": 0
    },
    "onset_rate": 3.0002040863,
    "second_peak_bpm": {
        "mean": 0,
        "var": 0
    },
    "second_peak_spread": {
        "mean": 0,
        "var": 0
    },
    "second_peak_weight": {
        "mean": 0,
        "var": 0
    },
    "beats_position": [],
    "bpm_estimates": [],
    "bpm_intervals": [],
    "onset_times": [0.0116099771112],
    "histogram": [[0, 0, 0, 0, 0, 0, 0, 0, 0, 0, 0, 0, 0, 0, 0, 0, 0, 0, 0, 0, 0, 0, 0, 0, 0, 0, 0, 0, 0, 0, 0, 0, 0, 0, 0, 0, 0, 0, 0, 0, 0, 0, 0, 0, 0, 0, 0, 0, 0, 0, 0, 0, 0, 0, 0, 0, 0, 0, 0, 0, 0, 0, 0, 0, 0, 0, 0, 0, 0, 0, 0, 0, 0, 0, 0, 0, 0, 0, 0, 0, 0, 0, 0, 0, 0, 0, 0, 0, 0, 0, 0, 0, 0, 0, 0, 0, 0, 0, 0, 0, 0, 0, 0, 0, 0, 0, 0, 0, 0, 0, 0, 0, 0, 0, 0, 0, 0, 0, 0, 0, 0, 0, 0, 0, 0, 0, 0, 0, 0, 0, 0, 0, 0, 0, 0, 0, 0, 0, 0, 0, 0, 0, 0, 0, 0, 0, 0, 0, 0, 0, 0, 0, 0, 0, 0, 0, 0, 0, 0, 0, 0, 0, 0, 0, 0, 0, 0, 0, 0, 0, 0, 0, 0, 0, 0, 0, 0, 0, 0, 0, 0, 0, 0, 0, 0, 0, 0, 0, 0, 0, 0, 0, 0, 0, 0, 0, 0, 0, 0, 0, 0, 0, 0, 0, 0, 0, 0, 0, 0, 0, 0, 0, 0, 0, 0, 0, 0, 0, 0, 0, 0, 0, 0, 0, 0, 0, 0, 0, 0, 0, 0, 0, 0, 0, 0, 0, 0, 0, 0, 0, 0, 0, 0, 0, 0, 0, 0, 0, 0, 0]]
},
"sfx": {
    "inharmonicity": {
        "mean": 0.069622091949,
        "var": 0.00607111351565
    },
    "oddtoevenharmonicenergyratio": {
        "mean": 0.885852336884,
        "var": 1.09208250046
    },
    "pitch_after_max_to_before_max_energy_ratio": 0.966556966305,
    "pitch_centroid": 11.5408763885,
    "pitch_max_to_total": 0.9375,
    "pitch_min_to_total": 0.625,
    "tristimulus": {
        "mean": [0.408973097801, 0.381995797157, 0.209031060338],
        "var": [0.0791980177164, 0.0570316389203, 0.0110779590905]
    }
},
"tonal": {
    "chords_changes_rate": 0,
    "chords_number_rate": 0.111111111939,
    "chords_strength": {
        "mean": 0.499162942171,
        "var": 8.881784197e-16
    },
    "key_strength": 0.270476073027,
    "tuning_diatonic_strength": 0.505432903767,
    "tuning_equal_tempered_deviation": 0.253689080477,
    "tuning_frequency": 456.570251465,
    "tuning_nontempered_energy_ratio": 0.90356361866,
    "hpcp": {
        "mean": [0.0653531998396, 0.0189175084233, 0.0219846516848, 0.0548009686172, 0.0667104572058, 0.0585512109101, 0.0930484607816, 0.106125131249, 0.0491891726851, 0.0199075881392, 0.0328373126686, 0.049100600183, 0.042589109391, 0.0329691022635, 0.0696093291044, 0.0806403979659, 0.0367039516568, 0.0178479738533, 0.0276537071913, 0.0299493633211, 0.0654124617577, 0.214096769691, 0.22284565866, 0.148109763861, 0.126073345542, 0.0671601444483, 0.137412831187, 0.314439922571, 0.323344111443, 0.215123832226, 0.219038188457, 0.196221411228, 0.313024044037, 0.400254637003, 0.223975285888, 0.1125889346],