{
"metadata": {
    "version": {
        "essentia": "2.1-dev"
    }
},
"lowLevel": {
    "barkbands_kurtosis": {
        "mean": 3.76229977608,
        "var": 0.258104681969
    },
    "dissonance": {
        "mean": 0.338229507208,
        "var": 0.000361225102097
    },
    "hfc": {
        "mean": 15.3183889389,
        "var": 110.179344177
    },
    "spectral_centroid": {
        "mean": 253.190719604,
        "var": 4339.50732422
    },
    "spectral_complexity": {
        "mean": 10,
        "var": 16.6666660309
    },
    "spectral_crest": {
        "mean": 10.6267385483,
        "var": 10.5412378311
    },
    "spectral_energyband_high": {
        "mean": 5.57783969271e-05,
        "var": 3.99806987517e-09
    },
    "spectral_energyband_low": {
        "mean": 0.018396217376,
        "var": 0.000124344485812
    },
    "spectral_kurtosis": {
        "mean": 21.9135379791,
        "var": 35.0169792175
    },
    "spectral_rolloff": {
        "mean": 380.419921875,
        "var": 11231.3320312
    },
    "spectral_strongpeak": {
        "mean": 0.531966686249,
        "var": 0.120019949973
    },
    "mfcc": {
        "mean": [-707.169494629, 209.025527954, 28.2467594147, 18.6591281891, -1.31099760532, 16.9871845245, -2.61678886414, -0.0203857421875, -2.44960141182, -1.15718328953, -6.56683588028, 1.30788230896, 2.39024472237],
        "var": [8154.78662109, 114.922851562, 483.570953369, 59.4784584045, 28.5092411041, 13.4869279861, 10.7324399948, 19.339422226, 17.173828125, 75.3717727661, 11.1819829941, 5.66714143753, 11.3040742874]
    },
    "sccoeffs": {
        "mean": [-0.520448863506, -0.738127231598, -0.834570229053, -0.837156951427, -0.845328509808, -0.834469556808],
        "var": [0.0194198228419, 0.000890464929398, 0.000180421935511, 7.12927794666e-05, 9.41103571677e-05, 0.000572677410673]
    }
},
"sfx": {
    "inharmonicity": {
        "mean": 0.0308479294181,
        "var": 0.000434700166807
    }
}
}