{
"metadata": {
    "version": {
        "essentia": "2.1-dev"
    }
},
"lowLevel": {
    "barkbands_kurtosis": {
        "mean": -0.969526946545,
        "var": 0.0177495758981
    },
    "dissonance": {
        "mean": 0.485921144485,
        "var": 4.78853908135e-05
    },
    "hfc": {
        "mean": 135.879989624,
        "var": 4173.11962891
    },
    "spectral_centroid": {
        "mean": 2877.45532227,
        "var": 186640.296875
    },
    "spectral_complexity": {
        "mean": 45.3333320618,
        "var": 53.5555534363
    },
    "spectral_crest": {
        "mean": 4.52641439438,
        "var": 1.6212143898
    },
    "spectral_energyband_high": {
        "mean": 0.0121774161234,
        "var": 2.08646688407e-05
    },
    "spectral_energyband_low": {
        "mean": 0.000591576041188,
        "var": 1.3786662123e-07
    },
    "spectral_kurtosis": {
        "mean": 0.31435623765,
        "var": 2.88676714897
    },
    "spectral_rolloff": {
        "mean": 5591.45507812,
        "var": 1540135
    },
    "spectral_strongpeak": {
        "mean": 1.99618959427,
        "var": 1.1939330101
    },
    "mfcc": {
        "mean": [-522.751464844, 29.795873642, -30.539106369, -5.08976316452, -21.6833953857, -14.3103027344, 0.941704452038, -6.43673849106, -15.1507768631, -17.5268211365, -20.7366466522, -0.293210983276, -5.78474283218],
        "var": [585.147827148, 96.5845413208, 123.050964355, 11.301981926, 0.857065498829, 3.16623806953, 189.985549927, 37.274887085, 7.72665786743, 1.45965516567, 3.75357985497, 18.3694972992, 15.5720720291]
    },
    "sccoeffs": {
        "mean": [-0.524737536907, -0.793576419353, -0.763264894485, -0.777973473072, -0.779824793339, -0.789115905762],
        "var": [0.00160417798907, 9.52111076913e-05, 0.000435366324382, 0.002009752905, 3.86598512705e-05, 0.000189303638763]
    }
},
"sfx": {
    "inharmonicity": {
        "mean": 0.125523015857,
        "var": 0.00813258904964
    }
}
}