{
"metadata": {
    "version": {
        "essentia": "2.1-dev"
    }
},
"lowLevel": {
    "average_loudness": 0.99068403244,
    "barkbands_kurtosis": {
        "mean": 99.2876434326,
        "var": 24056.9277344
    },
    "barkbands_skewness": {
        "mean": 5.437895298,
        "var": 40.9429092407
    },
    "barkbands_spread": {
        "mean": 16.2462425232,
        "var": 288.636627197
    },
    "dissonance": {
        "mean": 0.421357035637,
        "var": 0.00356681691483
    },
    "hfc": {
        "mean": 12.4235830307,
        "var": 1727.0657959
    },
    "pitch": {
        "mean": 466.658996582,
        "var": 770627.0625
    },
    "pitch_instantaneous_confidence": {
        "mean": 0.573747873306,
        "var": 0.0831552669406
    },
    "pitch_salience": {
        "mean": 0.403546512127,
        "var": 0.0921561941504
    },
    "silence_rate_20dB": {
        "mean": 1,
        "var": 0
    },
    "silence_rate_30dB": {
        "mean": 1,
        "var": 0
    },
    "silence_rate_60dB": {
        "mean": 0.891891896725,
        "var": 0.0964206680655
    },
    "spectral_centroid": {
        "mean": 1802.07788086,
        "var": 7123211
    },
    "spectral_complexity": {
        "mean": 4.81081104279,
        "var": 185.504867554
    },
    "spectral_crest": {
        "mean": 15.714756012,
        "var": 78.8456726074
    },
    "spectral_decrease": {
        "mean": -8.69381289181e-10,
        "var": 1.0603342895e-17
    },
    "spectral_energy": {
        "mean": 0.00440813368186,
        "var": 0.000256948231254
    },
    "spectral_energyband_high": {
        "mean": 0.00115239608567,
        "var": 1.30389325932e-05
    },
    "spectral_energyband_low": {
        "mean": 4.94331361551e-05,
        "var": 3.71387720577e-08
    },
    "spectral_energyband_middle_high": {
        "mean": 0.00272761937231,
        "var": 0.000121281555039
    },
    "spectral_energyband_middle_low": {
        "mean": 0.000537891406566,
        "var": 3.3730548239e-06
    },
    "spectral_flatness_db": {
        "mean": 0.264503628016,
        "var": 0.0146723827347
    },
    "spectral_flux": {
        "mean": 0.0222910214216,
        "var": 0.00364470598288
    },
    "spectral_kurtosis": {
        "mean": 3.66933369637,
        "var": 71.9242095947
    },
    "spectral_rms": {
        "mean": 0.000711929285899,
        "var": 3.79377593163e-06
    },
    "spectral_rolloff": {
        "mean": 3211.93896484,
        "var": 22337550
    },
    "spectral_skewness": {
        "mean": 1.39771556854,
        "var": 1.8825725317
    },
    "spectral_spread": {
        "mean": 10776144,
        "var": 5.78126421688e+13
    },
    "spectral_strongpeak": {
        "mean": 0.20499701798,
        "var": 0.398442596197
    },
    "zerocrossingrate": {
        "mean": 0.115775443614,
        "var": 0.0211473889649
    },
    "barkbands": {
        "mean": [1.41494652439e-07, 9.30267049171e-07, 1.31493752633e-05, 7.69254984334e-05, 7.82042916398e-05, 6.1553750129e-05, 0.000117694420624, 5.70961710764e-05, 0.000122969489894, 0.000161792238941, 0.000329037662596, 0.000784641946666, 0.000114011127152, 7.75453008828e-05, 0.000112959751277, 0.00015680740762, 0.000153502507601, 0.000341665989254, 0.000366876163753, 0.000411745742895, 0.000333383213729, 0.000138100003824, 0.000113030910143, 0.000207266115467, 7.70000478951e-05, 3.81895475243e-08, 2.76982063951e-08],
        "var": [6.95717951565e-13, 1.00280096726e-11, 4.43401271255e-09, 8.25100912039e-08, 6.95212989399e-08, 4.26399857645e-08, 1.48366851249e-07, 3.71145034705e-08, 2.26042487839e-07, 5.10559118538e-07, 2.10515941035e-06, 1.15994471344e-05, 2.55831650975e-07, 6.83209151475e-08, 1.71591523213e-07, 3.26788779148e-07, 2.39352345943e-07, 2.12477743844e-06, 2.2445981358e-06, 2.56395992437e-06, 1.27134023842e-06, 1.7697063015e-07, 9.97101707867e-08, 3.47992340721e-07, 4.61775293559e-08, 5.24886767893e-14, 2.76103975566e-14]
    },
    "mfcc": {
        "mean": [-1025.2824707, 21.7440814972, 6.65570688248, 5.103474617, -4.22218942642, -6.06323242188, -4.20370388031, -4.35015296936, -6.38886117935, -7.51415252686, -8.45681381226, -5.97981405258, -7.26776456833],
        "var": [38952.375, 787.336303711, 359.747131348, 46.874671936, 156.724304199, 143.883224487, 87.6242980957, 36.096446991, 35.4473762512, 41.3900184631, 44.7767028809, 30.9825744629, 31.9606571198]
    },
    "sccoeffs": {
        "mean": [-0.663072764874, -0.847178637981, -0.875508189201, -0.891966640949, -0.896623373032, -0.895686686039],
        "var": [0.0113363219425, 0.00358286174014, 0.00364193809219, 0.00226119835861, 0.0023356154561, 0.0028247309383]
    },
    "scvalleys": {
        "mean": [-13.338467598, -12.6114673615, -13.0706977844, -13.6119556427, -13.5814905167, -13.968829155],
        "var": [18.1264858246, 23.939699173, 24.0789680481, 21.9626102448, 22.1417369843, 19.6011676788]
    }
},
"rhythm": {
    "bpm": 0,
    "confidence": 0,
    "first_peak_bpm": {
        "mean": 0,
        "var": 0
    },
    "first_peak_spread": {
        "mean": 0,
        "var": 0
    },
    "first_peak_weight": {
        "mean": 0,
        "var": 0
    },
    "onset_rate": 1.20003271103,
    "second_peak_bpm": {
        "mean": 0,
        "var": 0
    },
    "second_peak_spread": {
        "mean": 0,
        "var": 0
    },
    "second_peak_weight": {
        "mean": 0,
        "var": 0
    },
    "beats_position": [],
    "bpm_estimates": [],
    "bpm_intervals": [],
    "onset_times": [0.0116099771112],
    "histogram": [[0, 0, 0, 0, 0, 0, 0, 0, 0, 0, 0, 0, 0, 0, 0, 0, 0, 0, 0, 0, 0, 0, 0, 0, 0, 0, 0, 0, 0, 0, 0, 0, 0, 0, 0, 0, 0, 0, 0, 0, 0, 0, 0, 0, 0, 0, 0, 0, 0, 0, 0, 0, 0, 0, 0, 0, 0, 0, 0, 0, 0, 0, 0, 0, 0, 0, 0, 0, 0, 0, 0, 0, 0, 0, 0, 0, 0, 0, 0, 0, 0, 0, 0, 0, 0, 0, 0, 0, 0, 0, 0, 0, 0, 0, 0, 0, 0, 0, 0, 0, 0, 0, 0, 0, 0, 0, 0, 0, 0, 0, 0, 0, 0, 0, 0, 0, 0, 0, 0, 0, 0, 0, 0, 0, 0, 0, 0, 0, 0, 0, 0, 0, 0, 0, 0, 0, 0, 0, 0, 0, 0, 0, 0, 0, 0, 0, 0, 0, 0, 0, 0, 0, 0, 0, 0, 0, 0, 0, 0, 0, 0, 0, 0, 0, 0, 0, 0, 0, 0, 0, 0, 0, 0, 0, 0, 0, 0, 0, 0, 0, 0, 0, 0, 0, 0, 0, 0, 0, 0, 0, 0, 0, 0, 0, 0, 0, 0, 0, 0, 0, 0, 0, 0, 0, 0, 0, 0, 0, 0, 0, 0, 0, 0, 0, 0, 0, 0, 0, 0, 0, 0, 0, 0, 0, 0, 0, 0, 0, 0, 0, 0, 0, 0, 0, 0, 0, 0, 0, 0, 0, 0, 0, 0, 0, 0, 0, 0, 0, 0, 0]]
},
"sfx": {
    "inharmonicity": {
        "mean": 0.0588102452457,
        "var": 0.00946832727641
    },
    "oddtoevenharmonicenergyratio": {
        "mean": 0.485732108355,
        "var": 0.924569606781
    },
    "pitch_after_max_to_before_max_energy_ratio": 1.7826924324,
    "pitch_centroid": 17.1124229431,
    "pitch_max_to_total": 0.0810810774565,
    "pitch_min_to_total": 0.891891896725,
    "tristimulus": {
        "mean": [0.53519910574, 0.210640668869, 0.254160135984],
        "var": [0.122940592468, 0.0415865331888, 0.0628349855542]
    }
},
"tonal": {
    "chords_changes_rate": 0,
    "chords_number_rate": 0.0526315793395,
    "chords_strength": {
        "mean": 0.578323662281,
        "var": 3.5527136788e-15
    },
    "key_strength": 0.605085015297,
    "tuning_diatonic_strength": 0.491314381361,
    "tuning_equal_tempered_deviation": 0.366818875074,
    "tuning_frequency": 436.708374023,
    "tuning_nontempered_energy_ratio": 0.982799530029,
    "hpcp": {
        "mean": [0.0800406858325, 0.0798119083047, 0.0686911568046, 0.0704076886177, 0.0636588782072, 0.0538582094014, 0.0797479748726, 0.096692211926, 0.10334187001, 0.109666973352, 0.0988796427846, 0.112872064114, 0.116048045456, 0.165590673685, 0.185370802879, 0.137498646975, 0.114704556763, 0.109901249409, 0.11879684031, 0.0926063582301, 0.0573465898633, 0.0538004897535, 0.0528724901378, 0.0499640367925, 0.0516940318048, 0.0484485216439, 0.0499472022057, 0.0447373501956, 0.0443865470588, 0.0702987834811, 0.198501333594, 0.645233988762, 0.69643497467, 0.239899083972, 0.0618115104735, 0.0609868951142],