{
"metadata": {
    "version": {
        "essentia": "2.1-dev"
    }
},
"lowLevel": {
    "barkbands_kurtosis": {
        "mean": 3.24861621857,
        "var": 12.3044548035
    },
    "dissonance": {
        "mean": 0.415680170059,
        "var": 0.00802402384579
    },
    "hfc": {
        "mean": 39.3420524597,
        "var": 316.169311523
    },
    "spectral_centroid": {
        "mean": 1461.82556152,
        "var": 10334.8916016
    },
    "spectral_complexity": {
        "mean": 2.07453417778,
        "var": 0.0689786523581
    },
    "spectral_crest": {
        "mean": 17.7794780731,
        "var": 7.63437747955
    },
    "spectral_energyband_high": {
        "mean": 2.41447219196e-06,
        "var": 1.78970575339e-12
    },
    "spectral_energyband_low": {
        "mean": 2.10346399854e-07,
        "var": 6.31307411404e-14
    },
    "spectral_kurtosis": {
        "mean": 29.6458015442,
        "var": 249.473983765
    },
    "spectral_rolloff": {
        "mean": 1813.87231445,
        "var": 372541.65625
    },
    "spectral_strongpeak": {
        "mean": 6.88794755936,
        "var": 4.42908573151
    },
    "mfcc": {
        "mean": [-960.25592041, 7.56612634659, -124.045768738, -35.2658233643, 18.9977340698, 42.8176498413, 49.3765869141, 17.2826652527, -37.8790245056, -51.5492706299, 12.3729047775, 82.4319000244, 23.108505249],
        "var": [354.794494629, 180.500198364, 129.258575439, 55.8666419983, 51.8077583313, 54.5843849182, 70.687286377, 58.3669319153, 41.8051490784, 38.2068901062, 23.867067337, 32.1720619202, 29.018196106]
    },
    "sccoeffs": {
        "mean": [-0.766588568687, -0.881337225437, -0.743222653866, -0.364049434662, -0.526234030724, -0.854115843773],
        "var": [0.00330558908172, 0.000743262469769, 0.00407053064555, 0.00054443674162, 0.00221197865903, 0.000243333677645]
    }
},
"sfx": {
    "inharmonicity": {
        "mean": 0.000144360004924,
        "var": 3.67552246416e-08
    }
}
}