{
"metadata": {
    "version": {
        "essentia": "2.1-dev"
    }
},
"lowLevel": {
    "average_loudness": 0.987338602543,
    "barkbands_kurtosis": {
        "mean": 56.4884681702,
        "var": 23117.0292969
    },
    "barkbands_skewness": {
        "mean": 2.53055310249,
        "var": 23.4465236664
    },
    "barkbands_spread": {
        "mean": 10.0201950073,
        "var": 27.358795166
    },
    "dissonance": {
        "mean": 0.400813013315,
        "var": 0.00337765063159
    },
    "hfc": {
        "mean": 56.9302558899,
        "var": 3465.390625
    },
    "pitch": {
        "mean": 573.084472656,
        "var": 41529.4648438
    },
    "pitch_instantaneous_confidence": {
        "mean": 0.847760379314,
        "var": 0.0741702616215
    },
    "pitch_salience": {
        "mean": 0.537556111813,
        "var": 0.0606826469302
    },
    "silence_rate_20dB": {
        "mean": 1,
        "var": 0
    },
    "silence_rate_30dB": {
        "mean": 1,
        "var": 0
    },
    "silence_rate_60dB": {
        "mean": 0.366412222385,
        "var": 0.232154548168
    },
    "spectral_centroid": {
        "mean": 1145.97644043,
        "var": 556503.875
    },
    "spectral_complexity": {
        "mean": 4.21374034882,
        "var": 9.81691360474
    },
    "spectral_crest": {
        "mean": 12.4447364807,
        "var": 30.3377323151
    },
    "spectral_decrease": {
        "mean": -7.54757323307e-09,
        "var": 6.10844295008e-17
    },
    "spectral_energy": {
        "mean": 0.0336500182748,
        "var": 0.00121321948245
    },
    "spectral_energyband_high": {
        "mean": 0.000146043093991,
        "var": 2.44745308464e-08
    },
    "spectral_energyband_low": {
        "mean": 9.44871680986e-06,
        "var": 1.02093049292e-10
    },
    "spectral_energyband_middle_high": {
        "mean": 0.0232532899827,
        "var": 0.000593136181124
    },
    "spectral_energyband_middle_low": {
        "mean": 0.0102405985817,
        "var": 0.000108382417238
    },
    "spectral_flatness_db": {
        "mean": 0.371675223112,
        "var": 0.00353022967465
    },
    "spectral_flux": {
        "mean": 0.0123491734266,
        "var": 9.73411952145e-05
    },
    "spectral_kurtosis": {
        "mean": 12.8351545334,
        "var": 58.6492156982
    },
    "spectral_rms": {
        "mean": 0.00439195847139,
        "var": 1.35399959618e-05
    },
    "spectral_rolloff": {
        "mean": 1807.80126953,
        "var": 1405560.875
    },
    "spectral_skewness": {
        "mean": 2.8733496666,
        "var": 0.482563912868
    },
    "spectral_spread": {
        "mean": 6448411,
        "var": 3.31996861563e+13
    },
    "spectral_strongpeak": {
        "mean": 3.19925785065,
        "var": 11.5492391586
    },
    "zerocrossingrate": {
        "mean": 0.0581651069224,
        "var": 0.00123013427947
    },
    "barkbands": {
        "mean": [1.04429900603e-05, 2.76603373095e-06, 9.96798377173e-08, 8.14236589264e-09, 1.1383273204e-06, 7.30929002657e-07, 1.16647106552e-06, 5.20993535247e-06, 0.010231256485, 2.15313161789e-06, 7.34153218218e-07, 1.80528297733e-06, 0.0102489879355, 1.37119377541e-06, 0.00119252281729, 0.000410198757891, 0.00760689051822, 1.35633754326e-05, 0.00361372390762, 0.000162413401995, 0.000111992878374, 1.44526256918e-05, 1.00043062048e-05, 3.70313136955e-06, 2.50990092354e-06, 2.06671771252e-07, 5.65508573303e-09],
        "var": [1.16807466477e-10, 9.32304580759e-12, 2.21425148555e-15, 1.41298899592e-16, 2.02376570363e-12, 7.76744987774e-13, 1.55083172866e-12, 8.56041765251e-11, 0.000108206157165, 1.15195648159e-11, 1.26706631298e-12, 8.04634310569e-12, 0.000133180452394, 3.62447897216e-12, 1.41640816764e-06, 2.30108128108e-07, 6.94918999216e-05, 2.19803883428e-10, 1.40536030813e-05, 3.8106318101e-08, 1.79983548065e-08, 2.50408416225e-10, 1.1629033847e-10, 2.33320671811e-11, 9.70779619885e-12, 1.03006578961e-13, 9.67945418167e-16]
    },
    "mfcc": {
        "mean": [-869.854064941, 30.3633804321, -60.238155365, 16.525177002, -12.2262792587, -16.5562038422, 1.31245541573, 8.15604496002, 11.3599405289, 29.2442722321, 35.6031570435, 23.192817688, -2.06549811363],
        "var": [30049.6386719, 373.313842773, 4067.94897461, 113.114585876, 453.464141846, 540.354614258, 162.752227783, 103.365356445, 112.235229492, 108.339248657, 199.799209595, 103.359008789, 84.162322998]
    },
    "sccoeffs": {
        "mean": [-0.671757280827, -0.591634452343, -0.559128701687, -0.569152414799, -0.627012789249, -0.732906460762],
        "var": [0.0044198250398, 0.0338262319565, 0.0324671193957, 0.0512334369123, 0.040875017643, 0.0147929601371]
    },
    "scvalleys": {
        "mean": [-9.78623485565, -9.30383777618, -9.9499912262, -10.0903196335, -10.5370349884, -12.2818832397],
        "var": [0.286172866821, 2.27708315849, 2.82158136368, 3.73021864891, 3.67386651039, 1.5417330265]
    }
},
"rhythm": {
    "beats_loudness": {
        "mean": 0.0453803613782,
        "var": 0.00104131898843
    },
    "bpm": 121.139183044,
    "confidence": 0,
    "first_peak_bpm": {
        "mean": 120,
        "var": 0
    },
    "first_peak_spread": {
        "mean": 0.333333313465,
        "var": 0
    },
    "first_peak_weight": {
        "mean": 0.5,
        "var": 0
    },
    "onset_rate": 2.6666867733,
    "second_peak_bpm": {
        "mean": 126,
        "var": 0
    },
    "second_peak_spread": {
        "mean": 0,
        "var": 0
    },
    "second_peak_weight": {
        "mean": 0.25,
        "var": 0
    },
    "beats_loudness_band_ratio": {
        "mean": [0.182740792632, 0.000395771901822, 0.264212727547, 0.23005142808, 0.221454530954, 0.101200714707],
        "var": [0.132807984948, 4.18378562017e-07, 0.00814362801611, 0.014305931516, 0.0124653782696, 0.00282928207889]
    },
    "beats_position": [0.487619042397, 0.96362811327, 1.46285712719, 1.95047616959, 2.4497051239],
    "bpm_estimates": [120.185325623, 123.046875, 120.185333252],
    "bpm_intervals": [0.476009070873, 0.49922901392, 0.487619042397, 0.499228954315],
    "onset_times": [0.0348299331963, 0.174149662256, 1.14938771725, 2.42648530006, 2.60063481331, 2.69351482391, 2.80961441994, 2.9837641716],
    "histogram": [[0, 0, 0, 0, 0, 0, 0, 0, 0, 0, 0, 0, 0, 0, 0, 0, 0, 0, 0, 0, 0, 0, 0, 0, 0, 0, 0, 0, 0, 0, 0, 0, 0, 0, 0, 0, 0, 0, 0, 0, 0, 0, 0, 0, 0, 0, 0, 0, 0, 0, 0, 0, 0, 0, 0, 0, 0, 0, 0, 0, 0, 0, 0, 0, 0, 0, 0, 0, 0, 0, 0, 0, 0, 0, 0, 0, 0, 0, 0, 0, 0, 0, 0, 0, 0, 0, 0, 0, 0, 0, 0, 0, 0, 0, 0, 0, 0, 0, 0, 0, 0, 0, 0, 0, 0, 0, 0, 0, 0, 0, 0, 0, 0, 0, 0, 0, 0, 0, 0, 0, 0.5, 0, 0, 0.25, 0, 0, 0.25, 0, 0, 0, 0, 0, 0, 0, 0, 0, 0, 0, 0, 0, 0, 0, 0, 0, 0, 0, 0, 0, 0, 0, 0, 0, 0, 0, 0, 0, 0, 0, 0, 0, 0, 0, 0, 0, 0, 0, 0, 0, 0, 0, 0, 0, 0, 0, 0, 0, 0, 0, 0, 0, 0, 0, 0, 0, 0, 0, 0, 0, 0, 0, 0, 0, 0, 0, 0, 0, 0, 0, 0, 0, 0, 0, 0, 0, 0, 0, 0, 0, 0, 0, 0, 0, 0, 0, 0, 0, 0, 0, 0, 0, 0, 0, 0, 0, 0, 0, 0, 0, 0, 0, 0, 0, 0, 0, 0, 0, 0, 0, 0, 0, 0, 0, 0, 0, 0, 0, 0, 0, 0, 0]]
},
"sfx": {
    "inharmonicity": {
        "mean": 0.0187838990241,
        "var": 0.00228568771854
    },
    "oddtoevenharmonicenergyratio": {
        "mean": 2.59757517002e+36,
        "var": inf
    },
    "pitch_after_max_to_before_max_energy_ratio": 0.0232783239335,
    "pitch_centroid": 63.5321235657,
    "pitch_max_to_total": 0.916030526161,
    "pitch_min_to_total": 0.00763358781114,
    "tristimulus": {
        "mean": [0.328433603048, 0.452117621899, 0.219448804855],
        "var": [0.0604806579649, 0.0405251160264, 0.0395879410207]
    }
},
"tonal": {
    "chords_changes_rate": 0.0454545468092,
    "chords_number_rate": 0.0454545468092,
    "chords_strength": {
        "mean": 0.477664589882,
        "var": 0.000359652854968
    },
    "key_strength": 0.607288897038,
    "tuning_diatonic_strength": 0.411268770695,
    "tuning_equal_tempered_deviation": 0.184702575207,
    "tuning_frequency": 440.508575439,
    "tuning_nontempered_energy_ratio": 0.787834644318,