{
"metadata": {
    "version": {
        "essentia": "2.1-dev"
    }
},
"lowLevel": {
    "barkbands_kurtosis": {
        "mean": -1.21345388889,
        "var": 0.0672025829554
    },
    "dissonance": {
        "mean": 0.407892942429,
        "var": 0.00149719067849
    },
    "hfc": {
        "mean": 94.9175796509,
        "var": 2246.27758789
    },
    "spectral_centroid": {
        "mean": 1684,
        "var": 14831.6572266
    },
    "spectral_complexity": {
        "mean": 6.6153845787,
        "var": 0.54437828064
    },
    "spectral_crest": {
        "mean": 8.974650383,
        "var": 1.74781167507
    },
    "spectral_energyband_high": {
        "mean": 0.000242266847636,
        "var": 1.80798807037e-08
    },
    "spectral_energyband_low": {
        "mean": 8.56367569213e-06,
        "var": 8.10031208776e-11
    },
    "spectral_kurtosis": {
        "mean": 12.9857397079,
        "var": 10.712141037
    },
    "spectral_rolloff": {
        "mean": 2656.31201172,
        "var": 65425.9882812
    },
    "spectral_strongpeak": {
        "mean": 5.25807094574,
        "var": 8.82295227051
    },
    "mfcc": {
        "mean": [-736.703796387, 21.3128566742, -107.73550415, 16.353012085, -27.555727005, -33.0104675293, -4.45481157303, 2.56690430641, 5.24727869034, 32.883392334, 44.8671340942, 28.6231784821, -6.52132177353],
        "var": [977.010620117, 184.14012146, 80.1802902222, 65.8279190063, 38.3377189636, 97.391242981, 95.2546844482, 65.094291687, 31.0679149628, 81.0972976685, 57.77759552, 65.24659729, 59.9698524475]
    },
    "sccoeffs": {
        "mean": [-0.691102325916, -0.45875582099, -0.433484017849, -0.403255522251, -0.474410802126, -0.640216946602],
        "var": [0.00266823126003, 0.00252566370182, 0.000843918009195, 0.00075197807746, 0.00270759686828, 0.000927339307964]
    }
},
"sfx": {
    "inharmonicity": {
        "mean": 0.00373027264141,
        "var": 9.20436150409e-07
    }
}
}