{
"metadata": {
    "version": {
        "essentia": "2.1-dev"
    }
},
"lowLevel": {
    "barkbands_kurtosis": {
        "mean": -0.080429032445,
        "var": 0.464137583971
    },
    "dissonance": {
        "mean": 0.484765976667,
        "var": 0.000146689737448
    },
    "hfc": {
        "mean": 182.0650177,
        "var": 47786.4882812
    },
    "spectral_centroid": {
        "mean": 2908.51708984,
        "var": 408309.53125
    },
    "spectral_complexity": {
        "mean": 43,
        "var": 47
    },
    "spectral_crest": {
        "mean": 4.7663064003,
        "var": 1.08219265938
    },
    "spectral_energyband_high": {
        "mean": 0.0160093214363,
        "var": 0.000674510607496
    },
    "spectral_energyband_low": {
        "mean": 4.83188196085e-05,
        "var": 3.43228268029e-09
    },
    "spectral_kurtosis": {
        "mean": 1.93041169643,
        "var": 1.4085341692
    },
    "spectral_rolloff": {
        "mean": 4427.76464844,
        "var": 1648950
    },
    "spectral_strongpeak": {
        "mean": 3.17659544945,
        "var": 4.26841163635
    },
    "mfcc": {
        "mean": [-590.196716309, 6.46878910065, -109.764007568, 5.72285270691, -36.9579582214, 16.7185230255, -0.731499314308, 18.3769207001, -10.8592586517, 1.91220939159, -12.3456468582, -10.3071041107, -13.3255338669],
        "var": [4372.96923828, 171.063369751, 1308.88757324, 78.71925354, 136.933029175, 65.2496566772, 70.8935699463, 237.600616455, 71.9766921997, 66.8077697754, 60.1351051331, 54.4190979004, 52.4247703552]
    },
    "sccoeffs": {
        "mean": [-0.592302501202, -0.691419959068, -0.666877985001, -0.695472240448, -0.708273053169, -0.625460922718],
        "var": [0.00878816563636, 0.00311394548044, 0.00473907357082, 0.00130085984711, 0.000631898874417, 0.00180313480087]
    }
},
"sfx": {
    "inharmonicity": {
        "mean": 0.157201424241,
        "var": 0.0136801227927
    }
}
}