{
"metadata": {
    "version": {
        "essentia": "2.1-dev"
    }
},
"lowLevel": {
    "average_loudness": 0.355688691139,
    "barkbands_kurtosis": {
        "mean": 0.705160081387,
        "var": 2.62380957603
    },
    "barkbands_skewness": {
        "mean": -0.9440741539,
        "var": 0.248539984226
    },
    "barkbands_spread": {
        "mean": 26.1615505219,
        "var": 200.244277954
    },
    "dissonance": {
        "mean": 0.481913208961,
        "var": 0.000246164214332
    },
    "hfc": {
        "mean": 42.9109382629,
        "var": 15817.4169922
    },
    "pitch": {
        "mean": 697.980224609,
        "var": 567319.625
    },
    "pitch_instantaneous_confidence": {
        "mean": 0.315964281559,
        "var": 0.00300824339502
    },
    "pitch_salience": {
        "mean": 0.601211905479,
        "var": 0.00582395400852
    },
    "silence_rate_20dB": {
        "mean": 1,
        "var": 0
    },
    "silence_rate_30dB": {
        "mean": 0.952380955219,
        "var": 0.0453512780368
    },
    "silence_rate_60dB": {
        "mean": 0.646258533001,
        "var": 0.22860878706
    },
    "spectral_centroid": {
        "mean": 2241.55224609,
        "var": 441726.1875
    },
    "spectral_complexity": {
        "mean": 14.7278909683,
        "var": 296.048156738
    },
    "spectral_crest": {
        "mean": 5.75273227692,
        "var": 3.73863387108
    },
    "spectral_decrease": {
        "mean": -2.48014542237e-09,
        "var": 3.14952856348e-17
    },
    "spectral_energy": {
        "mean": 0.013252790086,
        "var": 0.001023913268
    },
    "spectral_energyband_high": {
        "mean": 0.00362467439845,
        "var": 0.000189647587831
    },
    "spectral_energyband_low": {
        "mean": 4.20637334173e-05,
        "var": 1.77653747269e-09
    },
    "spectral_energyband_middle_high": {
        "mean": 0.00888133700937,
        "var": 0.000349717214704
    },
    "spectral_energyband_middle_low": {
        "mean": 0.000727206584997,
        "var": 1.32942323035e-05
    },
    "spectral_flatness_db": {
        "mean": 0.197377517819,
        "var": 0.000609003996942
    },
    "spectral_flux": {
        "mean": 0.0419583618641,
        "var": 0.00326591869816
    },
    "spectral_kurtosis": {
        "mean": 9.31193351746,
        "var": 47.534576416
    },
    "spectral_rms": {
        "mean": 0.00232149800286,
        "var": 7.54019811211e-06
    },
    "spectral_rolloff": {
        "mean": 3531.29663086,
        "var": 912125.875
    },
    "spectral_skewness": {
        "mean": 1.52945876122,
        "var": 0.371997177601
    },
    "spectral_spread": {
        "mean": 3216900,
        "var": 4.58765841203e+12
    },
    "spectral_strongpeak": {
        "mean": 1.08005285263,
        "var": 2.63252210617
    },
    "zerocrossingrate": {
        "mean": 0.1167556867,
        "var": 0.000740374089219
    },
    "barkbands": {
        "mean": [0.000117268929898, 3.76274670089e-06, 3.54339817932e-07, 1.4104798538e-06, 0.000370911147911, 0.000110759836389, 5.15633519171e-06, 6.85266786604e-05, 8.18095868453e-05, 0.000255965715041, 0.000745478202589, 0.000590001116507, 0.000713330169674, 0.00108565832488, 0.000759004207794, 0.000694224843755, 0.000788482080679, 0.00104516046122, 0.00166518462356, 0.00104891590308, 0.00084124004934, 0.000934153620619, 0.000614851538558, 0.000449813698651, 0.000181716415682, 7.78686808189e-05, 1.78687525931e-06],
        "var": [1.73898317968e-08, 1.49869717331e-11, 5.67704086865e-12, 3.8048515727e-11, 6.2764033828e-06, 6.54524626498e-07, 4.16753576093e-10, 5.45847598232e-08, 2.56858925241e-08, 4.57962926248e-07, 3.71648798136e-06, 2.62083744929e-06, 3.03135993818e-06, 1.50124733409e-05, 3.1582808333e-06, 2.26917177315e-06, 2.45605588134e-06, 5.59416503165e-06, 1.20637605505e-05, 4.91012087878e-06, 6.49347384751e-06, 1.24938433146e-05, 8.74033321452e-06, 6.98774101693e-06, 1.28804890664e-06, 2.71721376066e-07, 1.81278256295e-10]
    },
    "mfcc": {
        "mean": [-763.154663086, 54.8242645264, -121.559524536, 17.0061187744, -24.4980106354, 8.24691295624, 14.8115348816, 19.4899425507, 9.78461265564, 10.1421260834, 9.02618122101, 4.62265062332, -0.963973879814],
        "var": [12000.8662109, 966.770507812, 516.036193848, 166.722229004, 172.975692749, 139.775650024, 167.514450073, 77.8168716431, 198.228866577, 59.6349983215, 176.981063843, 149.472640991, 86.5325088501]
    },
    "sccoeffs": {
        "mean": [-0.59685343504, -0.705292761326, -0.73408806324, -0.753039300442, -0.745098531246, -0.617473602295],
        "var": [0.0058335699141, 0.00183395843487, 0.00330833275802, 0.00172442791518, 0.000747967918869, 0.00180583749898]
    },
    "scvalleys": {
        "mean": [-9.12135410309, -8.95056438446, -7.45549154282, -6.95447540283, -7.30559158325, -11.8806085587],
        "var": [0.54355931282, 0.78593224287, 0.763494551182, 0.905792355537, 1.25551688671, 5.65701818466]
    }
},
"rhythm": {
    "beats_loudness": {
        "mean": 0.00471927598119,
        "var": 4.74735243188e-05
    },
    "bpm": 126.678260803,
    "confidence": 0,
    "first_peak_bpm": {
        "mean": 126,
        "var": 0
    },
    "first_peak_spread": {
        "mean": 0.199999988079,
        "var": 0
    },
    "first_peak_weight": {
        "mean": 0.800000011921,
        "var": 0
    },
    "onset_rate": 0.294975370169,
    "second_peak_bpm": {
        "mean": 0,
        "var": 0
    },
    "second_peak_spread": {
        "mean": 0,
        "var": 0
    },
    "second_peak_weight": {
        "mean": 0,
        "var": 0
    },
    "beats_loudness_band_ratio": {
        "mean": [0.0705311074853, 0.00141171424184, 0.0511542074382, 0.208352938294, 0.430285185575, 0.245017826557],
        "var": [0.00574363069609, 4.56973424434e-07, 0.00139689305797, 0.00186055281665, 0.00481200544164, 0.0113041670993]
    },
    "beats_position": [0.46439909935, 0.940408170223, 1.40480720997, 1.88081634045, 2.35682535172, 2.83283448219],
    "bpm_estimates": [126.048019409, 129.199234009, 126.04800415, 126.048034668, 126.04800415],
    "bpm_intervals": [0.476009070873, 0.464399039745, 0.476009130478, 0.476009011269, 0.476009130478],
    "onset_times": [0.0116099771112],
    "histogram": [[0, 0, 0, 0, 0, 0, 0, 0, 0, 0, 0, 0, 0, 0, 0, 0, 0, 0, 0, 0, 0, 0, 0, 0, 0, 0, 0, 0, 0, 0, 0, 0, 0, 0, 0, 0, 0, 0, 0, 0, 0, 0, 0, 0, 0, 0, 0, 0, 0, 0, 0, 0, 0, 0, 0, 0, 0, 0, 0, 0, 0, 0, 0, 0, 0, 0, 0, 0, 0, 0, 0, 0, 0, 0, 0, 0, 0, 0, 0, 0, 0, 0, 0, 0, 0, 0, 0, 0, 0, 0, 0, 0, 0, 0, 0, 0, 0, 0, 0, 0, 0, 0, 0, 0, 0, 0, 0, 0, 0, 0, 0, 0, 0, 0, 0, 0, 0, 0, 0, 0, 0, 0, 0, 0, 0, 0, 0.800000011921, 0, 0, 0.20000000298, 0, 0, 0, 0, 0, 0, 0, 0, 0, 0, 0, 0, 0, 0, 0, 0, 0, 0, 0, 0, 0, 0, 0, 0, 0, 0, 0, 0, 0, 0, 0, 0, 0, 0, 0, 0, 0, 0, 0, 0, 0, 0, 0, 0, 0, 0, 0, 0, 0, 0, 0, 0, 0, 0, 0, 0, 0, 0, 0, 0, 0, 0, 0, 0, 0, 0, 0, 0, 0, 0, 0, 0, 0, 0, 0, 0, 0, 0, 0, 0, 0, 0, 0, 0, 0, 0, 0, 0, 0, 0, 0, 0, 0, 0, 0, 0, 0, 0, 0, 0, 0, 0, 0, 0, 0, 0, 0, 0, 0, 0, 0, 0, 0, 0, 0, 0, 0, 0, 0, 0]]
},
"sfx": {
    "inharmonicity": {
        "mean": 0.15534439683,
        "var": 0.0140155544505
    },
    "oddtoevenharmonicenergyratio": {
        "mean": 1.56064450741,
        "var": 6.11816596985
    },
    "pitch_after_max_to_before_max_energy_ratio": 2.43549561501,
    "pitch_centroid": 74.3897399902,
    "pitch_max_to_total": 0.238095238805,
    "pitch_min_to_total": 0.741496622562,
    "tristimulus": {
        "mean": [0.17402343452, 0.273737698793, 0.552239060402],
        "var": [0.0794207379222, 0.0630767121911, 0.161026924849]
    }
},
"tonal": {
    "chords_changes_rate": 0.0810810774565,
    "chords_number_rate": 0.0675675645471,
    "chords_strength": {
        "mean": 0.519677460194,
        "var": 0.0149524146691
    },
    "key_strength": 0.790249943733,
    "tuning_diatonic_strength": 0.497451782227,
    "tuning_equal_tempered_deviation": 0.236417114735,
    "tuning_frequency": 451.326080322,
    "tuning_nontempered_energy_ratio": 0.898263692856,