{
"metadata": {
    "version": {
        "essentia": "2.1-dev"
    }
},
"lowLevel": {
    "average_loudness": 0.855225384235,
    "barkbands_kurtosis": {
        "mean": 54.2139091492,
        "var": 28486.8789062
    },
    "barkbands_skewness": {
        "mean": 2.13719177246,
        "var": 24.417093277
    },
    "barkbands_spread": {
        "mean": 10.2767524719,
        "var": 32.7235565186
    },
    "dissonance": {
        "mean": 0.363885134459,
        "var": 0.00460169324651
    },
    "hfc": {
        "mean": 0.606638669968,
        "var": 0.445124238729
    },
    "pitch": {
        "mean": 219.239990234,
        "var": 313.892089844
    },
    "pitch_instantaneous_confidence": {
        "mean": 0.843347251415,
        "var": 0.0307468660176
    },
    "pitch_salience": {
        "mean": 0.502708733082,
        "var": 0.0390462912619
    },
    "silence_rate_20dB": {
        "mean": 1,
        "var": 0
    },
    "silence_rate_30dB": {
        "mean": 1,
        "var": 0
    },
    "silence_rate_60dB": {
        "mean": 1,
        "var": 0
    },
    "spectral_centroid": {
        "mean": 702.134887695,
        "var": 191285.5625
    },
    "spectral_complexity": {
        "mean": 2.82840228081,
        "var": 7.13623857498
    },
    "spectral_crest": {
        "mean": 12.4043588638,
        "var": 44.1791801453
    },
    "spectral_decrease": {
        "mean": -1.38722450194e-10,
        "var": 2.23005178958e-20
    },
    "spectral_energy": {
        "mean": 0.000578594161198,
        "var": 3.89361588304e-07
    },
    "spectral_energyband_high": {
        "mean": 3.91163609947e-07,
        "var": 2.16962651187e-13
    },
    "spectral_energyband_low": {
        "mean": 2.54160522672e-06,
        "var": 1.2511984504e-11
    },
    "spectral_energyband_middle_high": {
        "mean": 0.000276993872831,
        "var": 9.28133019329e-08
    },
    "spectral_energyband_middle_low": {
        "mean": 0.00029661055305,
        "var": 1.04299466841e-07
    },
    "spectral_flatness_db": {
        "mean": 0.31381636858,
        "var": 0.00636868085712
    },
    "spectral_flux": {
        "mean": 0.00191693101078,
        "var": 1.31985609642e-06
    },
    "spectral_kurtosis": {
        "mean": 22.6837768555,
        "var": 118.04196167
    },
    "spectral_rms": {
        "mean": 0.000588113674894,
        "var": 2.1860418542e-07
    },
    "spectral_rolloff": {
        "mean": 1183.05212402,
        "var": 599823.125
    },
    "spectral_skewness": {
        "mean": 3.87699580193,
        "var": 0.765595316887
    },
    "spectral_spread": {
        "mean": 6258707.5,
        "var": 3.60411928986e+13
    },
    "spectral_strongpeak": {
        "mean": 0.52546441555,
        "var": 0.274835109711
    },
    "zerocrossingrate": {
        "mean": 0.0460053384304,
        "var": 0.000759851187468
    },
    "barkbands": {
        "mean": [3.98366546506e-06, 5.48994762539e-07, 7.87086094078e-08, 1.45961806197e-07, 8.6283624114e-05, 1.23906289673e-07, 6.8946115789e-05, 4.51015829128e-08, 0.00014105802984, 3.13238638228e-06, 4.96116783211e-08, 2.41097004618e-05, 9.09046264042e-07, 0.000160421608598, 4.75445740449e-05, 3.53010145773e-05, 2.78376455753e-06, 3.38153313351e-07, 1.43588022183e-06, 1.08609117433e-06, 1.02248776557e-07, 1.10983279455e-07, 2.20197104994e-08, 2.62057113787e-08, 6.7116134872e-09, 7.52142514937e-10, 1.23375712424e-10],
        "var": [1.02654496015e-10, 2.30784358637e-13, 1.04921014029e-14, 8.42448804944e-14, 8.87619666656e-09, 2.35326555876e-14, 5.14420550601e-09, 5.40473935951e-15, 2.62995332179e-08, 7.39725815324e-12, 3.92574741229e-15, 6.48246567536e-10, 2.36771236298e-12, 3.15107229198e-08, 2.84331358458e-09, 1.6359470445e-09, 1.20163349757e-11, 1.36067806328e-13, 2.59507866585e-12, 1.57914046423e-12, 1.57524309623e-14, 1.92867589439e-14, 7.16658588925e-16, 1.14916123509e-15, 6.00758316363e-17, 1.07531680514e-18, 2.45661070285e-21]
    },
    "mfcc": {
        "mean": [-962.598754883, 115.72416687, -22.5976142883, -5.40987491608, 6.55711889267, -7.76887559891, -16.5143547058, -17.0080165863, 0.157883912325, 11.937836647, -0.481233596802, -8.19797515869, 3.73864126205],
        "var": [12568.9912109, 3136.5546875, 1996.74865723, 381.164550781, 109.255203247, 142.376541138, 230.395324707, 260.756713867, 49.2717285156, 42.2488059998, 77.7370758057, 225.756408691, 43.2403907776]
    },
    "sccoeffs": {
        "mean": [-0.631703972816, -0.610233485699, -0.646767437458, -0.673027575016, -0.784633755684, -0.836250901222],
        "var": [0.00774206081405, 0.0180885549635, 0.0196617823094, 0.0292418152094, 0.00998633541167, 0.00424748519436]
    },
    "scvalleys": {
        "mean": [-9.46416664124, -10.3788871765, -10.9635286331, -11.324464798, -12.0759410858, -13.4901647568],
        "var": [0.643737673759, 1.34861731529, 1.84743845463, 2.64585614204, 2.05709552765, 0.562862575054]
    }
},
"rhythm": {
    "beats_loudness": {
        "mean": 0.000708548352122,
        "var": 3.90433626762e-07
    },
    "bpm": 184.570343018,
    "confidence": 0,
    "first_peak_bpm": {
        "mean": 185,
        "var": 0
    },
    "first_peak_spread": {
        "mean": 0,
        "var": 0
    },
    "first_peak_weight": {
        "mean": 0.40000000596,
        "var": 0
    },
    "onset_rate": 2.31454205513,
    "second_peak_bpm": {
        "mean": 191,
        "var": 0
    },
    "second_peak_spread": {
        "mean": 0,
        "var": 0
    },
    "second_peak_weight": {
        "mean": 0.40000000596,
        "var": 0
    },
    "beats_loudness_band_ratio": {
        "mean": [0.209260031581, 0.112864136696, 0.356362789869, 0.2373470366, 0.100162215531, 0.00347839738242],
        "var": [0.134790420532, 0.00421260250732, 0.0531541220844, 0.021043419838, 0.00447263289243, 6.9749407885e-06]
    },
    "beats_position": [0.301859408617, 0.626938760281, 0.940408170223, 1.25387752056, 1.5673469305, 1.88081634045, 2.20589566231, 2.53097510338, 2.85605430603, 3.19274377823, 3.52943301201],
    "bpm_estimates": [184.5703125, 184.570343018, 184.570266724, 184.570404053],
    "bpm_intervals": [0.325079351664, 0.313469409943, 0.313469350338, 0.313469409943, 0.313469409943, 0.325079321861, 0.325079441071, 0.325079202652, 0.336689472198, 0.33668923378],
    "onset_times": [0.0116099771112, 0.348299324512, 2.80961441994, 2.9837641716, 3.1811337471, 3.22757363319, 3.35528349876, 3.47138333321, 3.5758728981],
    "histogram": [[0, 0, 0, 0, 0, 0, 0, 0, 0, 0, 0, 0, 0, 0, 0, 0, 0, 0, 0, 0, 0, 0, 0, 0, 0, 0, 0, 0, 0, 0, 0, 0, 0, 0, 0, 0, 0, 0, 0, 0, 0, 0, 0, 0, 0, 0, 0, 0, 0, 0, 0, 0, 0, 0, 0, 0, 0, 0, 0, 0, 0, 0, 0, 0, 0, 0, 0, 0, 0, 0, 0, 0, 0, 0, 0, 0, 0, 0, 0, 0, 0, 0, 0, 0, 0, 0, 0, 0, 0, 0, 0, 0, 0, 0, 0, 0, 0, 0, 0, 0, 0, 0, 0, 0, 0, 0, 0, 0, 0, 0, 0, 0, 0, 0, 0, 0, 0, 0, 0, 0, 0, 0, 0, 0, 0, 0, 0, 0, 0, 0, 0, 0, 0, 0, 0, 0, 0, 0, 0, 0, 0, 0, 0, 0, 0, 0, 0, 0, 0, 0, 0, 0, 0, 0, 0, 0, 0, 0, 0, 0, 0, 0, 0, 0, 0, 0, 0, 0, 0, 0, 0, 0, 0, 0, 0, 0, 0, 0, 0.20000000298, 0, 0, 0, 0, 0, 0, 0.40000000596, 0, 0, 0, 0, 0, 0.40000000596, 0, 0, 0, 0, 0, 0, 0, 0, 0, 0, 0, 0, 0, 0, 0, 0, 0, 0, 0, 0, 0, 0, 0, 0, 0, 0, 0, 0, 0, 0, 0, 0, 0, 0, 0, 0, 0, 0, 0, 0, 0, 0, 0, 0, 0, 0, 0, 0, 0, 0, 0, 0, 0, 0, 0, 0, 0, 0]]
},
"sfx": {
    "inharmonicity": {
        "mean": 0.0248097106814,
        "var": 0.000511502963491
    },
    "oddtoevenharmonicenergyratio": {
        "mean": 2.02151417732,
        "var": 27.5191650391
    },
    "pitch_after_max_to_before_max_energy_ratio": 40.4875640869,
    "pitch_centroid": 83.2248153687,
    "pitch_max_to_total": 0.0118343196809,
    "pitch_min_to_total": 0.970414221287,
    "tristimulus": {
        "mean": [0.209168702364, 0.404713600874, 0.386117607355],
        "var": [0.0236382391304, 0.0296544972807, 0.0431352928281]
    }
},
"tonal": {
    "chords_changes_rate": 0.0235294122249,
    "chords_number_rate": 0.0235294122249,
    "chords_strength": {
        "mean": 0.448903173208,
        "var": 0.00377264292911
    },