{"lowlevel.dissonance.mean": [0.26589787006378174], "sfx.inharmonicity.mean": [0.7676010131835938], "lowlevel.spectral_contrast.mean": [[0.2734924554824829, 0.569722056388855, 0.3130066394805908, 0.2760794162750244, 0.343613862991333, 0.26804304122924805]], "lowlevel.spectral_centroid.mean": [0.3319118916988373], "lowlevel.mfcc.mean": [[0.271636962890625, 0.5418678522109985, 0.6787658929824829, 0.5477290153503418, 0.6486875414848328, 0.48618409037590027, 0.3615719676017761, 0.3745152950286865, 0.43503350019454956, 0.363773912191391, 0.40556830167770386, 0.403279185295105, 0.5643395185470581]], "sfx.logattacktime.mean": [0.12396946549415588], "lowlevel.hfc.mean": [0.4653029143810272]}