{
"metadata": {
    "version": {
        "essentia": "2.1-dev"
    }
},
"lowLevel": {
    "average_loudness": 0.99068403244,
    "barkbands_kurtosis": {
        "mean": 13.8318023682,
        "var": 81.6094970703
    },
    "barkbands_skewness": {
        "mean": 2.25983595848,
        "var": 1.1318385601
    },
    "barkbands_spread": {
        "mean": 5.0036740303,
        "var": 1.59606134892
    },
    "dissonance": {
        "mean": 0.365379214287,
        "var": 0.00306855351664
    },
    "hfc": {
        "mean": 0.480029463768,
        "var": 1.05620825291
    },
    "pitch": {
        "mean": 275.573516846,
        "var": 10498.8535156
    },
    "pitch_instantaneous_confidence": {
        "mean": 0.605741560459,
        "var": 0.0257008560002
    },
    "pitch_salience": {
        "mean": 0.531895458698,
        "var": 0.00499010970816
    },
    "silence_rate_20dB": {
        "mean": 1,
        "var": 0
    },
    "silence_rate_30dB": {
        "mean": 1,
        "var": 0
    },
    "silence_rate_60dB": {
        "mean": 0.818181812763,
        "var": 0.148760303855
    },
    "spectral_centroid": {
        "mean": 307.367553711,
        "var": 10781.8046875
    },
    "spectral_complexity": {
        "mean": 0.909090936184,
        "var": 2.26446294785
    },
    "spectral_crest": {
        "mean": 14.5861692429,
        "var": 13.6769266129
    },
    "spectral_decrease": {
        "mean": -2.6661192698e-10,
        "var": 3.07496741296e-19
    },
    "spectral_energy": {
        "mean": 0.00104979472235,
        "var": 4.77782214148e-06
    },
    "spectral_energyband_high": {
        "mean": 1.49828349549e-06,
        "var": 1.5609473783e-11
    },
    "spectral_energyband_low": {
        "mean": 3.28070527758e-05,
        "var": 3.24759152903e-09
    },
    "spectral_energyband_middle_high": {
        "mean": 5.88475595578e-05,
        "var": 1.71853464792e-08
    },
    "spectral_energyband_middle_low": {
        "mean": 0.000962702615652,
        "var": 4.05115588364e-06
    },
    "spectral_flatness_db": {
        "mean": 0.214495047927,
        "var": 0.0008865679265
    },
    "spectral_flux": {
        "mean": 0.0178344920278,
        "var": 0.000667788553983
    },
    "spectral_kurtosis": {
        "mean": 9.83299922943,
        "var": 21.5343952179
    },
    "spectral_rms": {
        "mean": 0.000542203255463,
        "var": 7.30205499622e-07
    },
    "spectral_rolloff": {
        "mean": 397.385467529,
        "var": 12676.4433594
    },
    "spectral_skewness": {
        "mean": 3.0107614994,
        "var": 0.348497778177
    },
    "spectral_spread": {
        "mean": 12304598,
        "var": 2.55287634166e+13
    },
    "spectral_strongpeak": {
        "mean": 0.130636870861,
        "var": 0.0365256294608
    },
    "zerocrossingrate": {
        "mean": 0.0145152695477,
        "var": 3.3729334973e-05
    },
    "barkbands": {
        "mean": [1.85533315289e-06, 1.00222687252e-05, 1.55903035193e-05, 1.35307809614e-05, 4.60598494101e-05, 0.000698158866726, 1.57203576236e-05, 6.5802334575e-05, 0.000122060228023, 8.16053579911e-06, 1.09175252874e-05, 9.11130973691e-06, 2.91435208055e-06, 6.68842722007e-06, 1.28200545078e-05, 5.79685865887e-06, 1.96036830857e-06, 5.88184775552e-07, 3.70955802964e-07, 2.18129628138e-07, 1.70212103967e-07, 4.53208002682e-07, 1.81075620276e-07, 2.05125857633e-07, 1.83510579177e-07, 2.15220993027e-07, 4.01610513734e-08],
        "var": [2.23470669053e-11, 2.49713805189e-10, 1.16055920429e-09, 1.00351615906e-09, 9.24416188042e-09, 2.03264403353e-06, 2.07526729135e-09, 2.79355152344e-08, 8.81888411186e-08, 2.47242337714e-10, 9.31673294069e-10, 4.21204432444e-10, 3.35131956908e-11, 2.35295505302e-10, 9.74691216626e-10, 1.43906206396e-10, 1.70870245036e-11, 1.42587504304e-12, 5.57692401374e-13, 2.26298485701e-13, 1.94512117459e-13, 1.67223743533e-12, 2.32359460449e-13, 2.66840884241e-13, 2.17984389762e-13, 3.23347956483e-13, 8.95744117985e-15]
    },
    "mfcc": {
        "mean": [-1005.54644775, 106.544509888, 35.7438545227, 17.0876750946, 14.2074947357, 2.13571453094, -8.28645324707, -5.39991474152, -3.49148249626, -4.78695392609, -4.31056451797, -3.24233531952, 2.35531163216],
        "var": [14169.8779297, 3051.53588867, 606.585205078, 386.483764648, 51.951171875, 73.0412063599, 163.65057373, 23.5523395538, 9.41918182373, 6.66789531708, 18.6571750641, 37.4945259094, 17.3070468903]
    },
    "sccoeffs": {
        "mean": [-0.795239627361, -0.718292474747, -0.868766546249, -0.881951570511, -0.863898992538, -0.88776910305],
        "var": [0.00223142909817, 0.00749948434532, 0.00110762135591, 0.000914690317586, 0.0014650542289, 0.000365828047507]
    },
    "scvalleys": {
        "mean": [-8.44509983063, -9.13922691345, -10.0588626862, -10.5009479523, -11.9323339462, -12.7954378128],
        "var": [1.6473031044, 2.99165654182, 3.88434076309, 3.85718941689, 2.73780655861, 2.39637517929]
    }
},
"rhythm": {
    "bpm": 0,
    "confidence": 0,
    "first_peak_bpm": {
        "mean": 0,
        "var": 0
    },
    "first_peak_spread": {
        "mean": 0,
        "var": 0
    },
    "first_peak_weight": {
        "mean": 0,
        "var": 0
    },
    "onset_rate": 4.53284025192,
    "second_peak_bpm": {
        "mean": 0,
        "var": 0
    },
    "second_peak_spread": {
        "mean": 0,
        "var": 0
    },
    "second_peak_weight": {
        "mean": 0,
        "var": 0
    },
    "beats_position": [],
    "bpm_estimates": [],
    "bpm_intervals": [],
    "onset_times": [0.0116099771112],
    "histogram": [[0, 0, 0, 0, 0, 0, 0, 0, 0, 0, 0, 0, 0, 0, 0, 0, 0, 0, 0, 0, 0, 0, 0, 0, 0, 0, 0, 0, 0, 0, 0, 0, 0, 0, 0, 0, 0, 0, 0, 0, 0, 0, 0, 0, 0, 0, 0, 0, 0, 0, 0, 0, 0, 0, 0, 0, 0, 0, 0, 0, 0, 0, 0, 0, 0, 0, 0, 0, 0, 0, 0, 0, 0, 0, 0, 0, 0, 0, 0, 0, 0, 0, 0, 0, 0, 0, 0, 0, 0, 0, 0, 0, 0, 0, 0, 0, 0, 0, 0, 0, 0, 0, 0, 0, 0, 0, 0, 0, 0, 0, 0, 0, 0, 0, 0, 0, 0, 0, 0, 0, 0, 0, 0, 0, 0, 0, 0, 0, 0, 0, 0, 0, 0, 0, 0, 0, 0, 0, 0, 0, 0, 0, 0, 0, 0, 0, 0, 0, 0, 0, 0, 0, 0, 0, 0, 0, 0, 0, 0, 0, 0, 0, 0, 0, 0, 0, 0, 0, 0, 0, 0, 0, 0, 0, 0, 0, 0, 0, 0, 0, 0, 0, 0, 0, 0, 0, 0, 0, 0, 0, 0, 0, 0, 0, 0, 0, 0, 0, 0, 0, 0, 0, 0, 0, 0, 0, 0, 0, 0, 0, 0, 0, 0, 0, 0, 0, 0, 0, 0, 0, 0, 0, 0, 0, 0, 0, 0, 0, 0, 0, 0, 0, 0, 0, 0, 0, 0, 0, 0, 0, 0, 0, 0, 0, 0, 0, 0, 0, 0, 0]]
},
"sfx": {
    "inharmonicity": {
        "mean": 0.024836326018,
        "var": 0.000687529565766
    },
    "oddtoevenharmonicenergyratio": {
        "mean": 4.55062437057,
        "var": 195.968215942
    },
    "pitch_after_max_to_before_max_energy_ratio": 0.607058167458,
    "pitch_centroid": 4.42027521133,
    "pitch_max_to_total": 0.454545468092,
    "pitch_min_to_total": 0.636363625526,
    "tristimulus": {
        "mean": [0.584245860577, 0.282071322203, 0.133682832122],
        "var": [0.0555444508791, 0.038326587528, 0.00289404764771]
    }
},
"tonal": {
    "chords_changes_rate": 0,
    "chords_number_rate": 0.166666671634,
    "chords_strength": {
        "mean": 0.281521916389,
        "var": 0
    },
    "key_strength": 0.602776825428,
    "tuning_diatonic_strength": 0.332169830799,
    "tuning_equal_tempered_deviation": 0.19972679019,
    "tuning_frequency": 433.441375732,
    "tuning_nontempered_energy_ratio": 0.7986317873,
    "hpcp": {
        "mean": [0.0078310277313, 0.0123734399676, 0.113234333694, 0.170392274857, 0.0680636912584, 0.00616375403479, 0.0147300614044, 0.0545886866748, 0.0981113016605, 0.0776324942708, 0.0262966360897, 0.00609565665945, 0.00488249212503, 0.0237975176424, 0.0300802364945, 0.0104947546497, 0.00843410287052, 0.0189941171557, 0.0466773211956, 0.0776217728853, 0.162594437599, 0.300516277552, 0.287215024233, 0.523977816105, 0.744514524937, 0.331058889627, 0.0163896307349, 0.0234389007092, 0.0210401434451, 0.0151897696778, 0.00842880643904, 0.00532744964585, 0.00226308824494, 0.00345687684603, 0.00720440456644, 0.00687085650861],