{
"metadata": {
    "version": {
        "essentia": "2.1-dev"
    }
},
"lowLevel": {
    "barkbands_kurtosis": {
        "mean": 7.61927366257,
        "var": 3.84096431732
    },
    "dissonance": {
        "mean": 0.21908390522,
        "var": 0.000158373906743
    },
    "hfc": {
        "mean": 13.7240839005,
        "var": 9.44005966187
    },
    "spectral_centroid": {
        "mean": 509.178070068,
        "var": 31.9870204926
    },
    "spectral_complexity": {
        "mean": 9.67647075653,
        "var": 0.218858212233
    },
    "spectral_crest": {
        "mean": 14.7745552063,
        "var": 1.00841426849
    },
    "spectral_energyband_high": {
        "mean": 1.23010067909e-07,
        "var": 7.55919466003e-16
    },
    "spectral_energyband_low": {
        "mean": 5.00314890814e-05,
        "var": 5.10925364516e-11
    },
    "spectral_kurtosis": {
        "mean": 171.910964966,
        "var": 574.877868652
    },
    "spectral_rolloff": {
        "mean": 559.86328125,
        "var": 0
    },
    "spectral_strongpeak": {
        "mean": 2.12175345421,
        "var": 0.0869580432773
    },
    "mfcc": {
        "mean": [-854.036071777, 258.618804932, 21.3790302277, -64.9210891724, -42.6516723633, -31.2324142456, -26.6889362335, -8.53473377228, -2.09278345108, -6.90849113464, -0.968729913235, 8.90511322021, 10.2328891754],
        "var": [44.2938766479, 6.25498199463, 37.2251625061, 17.0047550201, 22.2654647827, 9.91705513, 8.99542999268, 8.67748260498, 17.8904190063, 6.10377025604, 19.8077316284, 17.8330364227, 6.84434556961]
    },
    "sccoeffs": {
        "mean": [-0.542557299137, -0.394872605801, -0.553254723549, -0.662329614162, -0.806003808975, -0.869152903557],
        "var": [0.00102283351589, 0.00103441928513, 0.00103327608667, 0.000483089126647, 0.000232533333474, 0.000170435290784]
    }
},
"sfx": {
    "inharmonicity": {
        "mean": 0.0420226827264,
        "var": 0.000705027487129
    }
}
}