{
"metadata": {
    "version": {
        "essentia": "2.1-dev"
    }
},
"lowLevel": {
    "average_loudness": 0.96326225996,
    "barkbands_kurtosis": {
        "mean": 11.5526847839,
        "var": 254.020233154
    },
    "barkbands_skewness": {
        "mean": 1.87400662899,
        "var": 2.65515637398
    },
    "barkbands_spread": {
        "mean": 3.05708026886,
        "var": 20.3702602386
    },
    "dissonance": {
        "mean": 0.271030664444,
        "var": 0.00969723425806
    },
    "hfc": {
        "mean": 8.85055351257,
        "var": 46.8137626648
    },
    "pitch": {
        "mean": 124.097999573,
        "var": 3278.98535156
    },
    "pitch_instantaneous_confidence": {
        "mean": 0.638357281685,
        "var": 0.0376308858395
    },
    "pitch_salience": {
        "mean": 0.625901937485,
        "var": 0.0107935201377
    },
    "silence_rate_20dB": {
        "mean": 1,
        "var": 0
    },
    "silence_rate_30dB": {
        "mean": 1,
        "var": 0
    },
    "silence_rate_60dB": {
        "mean": 0.305555552244,
        "var": 0.212191134691
    },
    "spectral_centroid": {
        "mean": 438.960754395,
        "var": 17838.9628906
    },
    "spectral_complexity": {
        "mean": 6.72222232819,
        "var": 18.2191333771
    },
    "spectral_crest": {
        "mean": 13.7759513855,
        "var": 7.59727716446
    },
    "spectral_decrease": {
        "mean": -4.39741087987e-09,
        "var": 1.14760118238e-17
    },
    "spectral_energy": {
        "mean": 0.0173995923251,
        "var": 0.0001797247387
    },
    "spectral_energyband_high": {
        "mean": 8.12855986965e-08,
        "var": 3.53947857724e-15
    },
    "spectral_energyband_low": {
        "mean": 3.44884865626e-05,
        "var": 5.01493291338e-10
    },
    "spectral_energyband_middle_high": {
        "mean": 0.000716052192729,
        "var": 2.91558137633e-07
    },
    "spectral_energyband_middle_low": {
        "mean": 0.0167206302285,
        "var": 0.000166629324667
    },
    "spectral_flatness_db": {
        "mean": 0.395119249821,
        "var": 0.0105116749182
    },
    "spectral_flux": {
        "mean": 0.00752555625513,
        "var": 0.000150088846567
    },
    "spectral_kurtosis": {
        "mean": 129.40184021,
        "var": 5872.47802734
    },
    "spectral_rms": {
        "mean": 0.00340887601487,
        "var": 5.35477647645e-06
    },
    "spectral_rolloff": {
        "mean": 507.2265625,
        "var": 28957.0292969
    },
    "spectral_skewness": {
        "mean": 8.86991405487,
        "var": 15.9178991318
    },
    "spectral_spread": {
        "mean": 2479386.75,
        "var": 1.0711265706e+13
    },
    "spectral_strongpeak": {
        "mean": 1.41793191433,
        "var": 0.954350650311
    },
    "zerocrossingrate": {
        "mean": 0.0224157255143,
        "var": 3.01446561934e-05
    },
    "barkbands": {
        "mean": [3.57570456799e-07, 4.60470118924e-06, 2.93696084555e-05, 3.24645384353e-07, 0.000241771864239, 0.000173476510099, 0.00953290984035, 0.00624352414161, 0.000267437804723, 0.000504765368532, 0.000318479840644, 6.35490723653e-05, 1.15483289846e-05, 3.27762336383e-06, 1.09111908841e-06, 2.7402068099e-06, 1.43364673022e-07, 1.330253383e-07, 3.62598449044e-08, 1.53338781672e-08, 2.37579875773e-08, 1.11885469778e-08, 9.99935245716e-09, 1.49425556373e-08, 1.09420277283e-08, 5.56191315226e-10, 5.92959015222e-10],
        "var": [1.83249479501e-13, 9.17189241223e-12, 3.71962571855e-10, 6.10648345583e-14, 2.57371972623e-08, 2.19430393855e-08, 5.36600964551e-05, 2.67417835857e-05, 4.04754096905e-08, 1.38303704489e-07, 6.54655920584e-08, 3.51071238747e-09, 1.33815847292e-10, 1.23094087007e-11, 1.23061619488e-12, 1.24781244365e-11, 1.70196176624e-14, 1.51413627594e-14, 1.15702583013e-15, 1.67036048634e-16, 4.40991160376e-16, 8.71387592942e-17, 7.27968569883e-17, 1.94541696591e-16, 8.66077887503e-17, 8.10702606064e-19, 9.22031345443e-19]
    },
    "mfcc": {
        "mean": [-927.939758301, 197.696685791, 28.6736011505, -39.7840843201, -29.4930515289, -21.3060016632, -17.5208911896, -5.27927207947, -0.298081040382, -3.31678557396, -0.119169414043, 6.26388883591, 7.59363460541],
        "var": [11886.7519531, 8928.953125, 283.20401001, 1343.5567627, 621.528198242, 338.582855225, 245.646102905, 72.8973617554, 32.692276001, 40.9494361877, 29.6369781494, 32.0413742065, 21.6087284088]
    },
    "sccoeffs": {
        "mean": [-0.621407330036, -0.537383794785, -0.647884488106, -0.73051071167, -0.838815569878, -0.881930112839],
        "var": [0.0161169301718, 0.0430305488408, 0.0213173460215, 0.00931418314576, 0.00221008830704, 0.000454524124507]
    },
    "scvalleys": {
        "mean": [-8.75238418579, -7.53295898438, -8.70521068573, -10.1793785095, -11.9107494354, -12.6992378235],
        "var": [0.619577527046, 4.14544820786, 3.41070747375, 1.84133517742, 0.598952889442, 0.546211659908]
    }
},
"rhythm": {
    "beats_loudness": {
        "mean": 0.0233663208783,
        "var": 0.000169083781657
    },
    "bpm": 124.047264099,
    "confidence": 0,
    "first_peak_bpm": {
        "mean": 123,
        "var": 0
    },
    "first_peak_spread": {
        "mean": 0.333333313465,
        "var": 0
    },
    "first_peak_weight": {
        "mean": 0.666666686535,
        "var": 0
    },
    "onset_rate": 0.404449880123,
    "second_peak_bpm": {
        "mean": 0,
        "var": 0
    },
    "second_peak_spread": {
        "mean": 0,
        "var": 0
    },
    "second_peak_weight": {
        "mean": 0,
        "var": 0
    },
    "beats_loudness_band_ratio": {
        "mean": [0.00837513618171, 0.0543697848916, 0.904038131237, 0.0404060259461, 0.000302268977975, 7.45407578506e-06],
        "var": [7.7772878285e-05, 0.00410234369338, 0.0042394627817, 5.94554585405e-05, 7.28010718376e-08, 3.50308389067e-12]
    },
    "beats_position": [0.487619042397, 0.975238084793, 1.46285712719, 1.93886613846],
    "bpm_estimates": [123.046875, 123.046875, 126.048034668],
    "bpm_intervals": [0.487619042397, 0.487619042397, 0.476009011269],
    "onset_times": [0.139319732785],
    "histogram": [[0, 0, 0, 0, 0, 0, 0, 0, 0, 0, 0, 0, 0, 0, 0, 0, 0, 0, 0, 0, 0, 0, 0, 0, 0, 0, 0, 0, 0, 0, 0, 0, 0, 0, 0, 0, 0, 0, 0, 0, 0, 0, 0, 0, 0, 0, 0, 0, 0, 0, 0, 0, 0, 0, 0, 0, 0, 0, 0, 0, 0, 0, 0, 0, 0, 0, 0, 0, 0, 0, 0, 0, 0, 0, 0, 0, 0, 0, 0, 0, 0, 0, 0, 0, 0, 0, 0, 0, 0, 0, 0, 0, 0, 0, 0, 0, 0, 0, 0, 0, 0, 0, 0, 0, 0, 0, 0, 0, 0, 0, 0, 0, 0, 0, 0, 0, 0, 0, 0, 0, 0, 0, 0, 0.666666686535, 0, 0, 0.333333343267, 0, 0, 0, 0, 0, 0, 0, 0, 0, 0, 0, 0, 0, 0, 0, 0, 0, 0, 0, 0, 0, 0, 0, 0, 0, 0, 0, 0, 0, 0, 0, 0, 0, 0, 0, 0, 0, 0, 0, 0, 0, 0, 0, 0, 0, 0, 0, 0, 0, 0, 0, 0, 0, 0, 0, 0, 0, 0, 0, 0, 0, 0, 0, 0, 0, 0, 0, 0, 0, 0, 0, 0, 0, 0, 0, 0, 0, 0, 0, 0, 0, 0, 0, 0, 0, 0, 0, 0, 0, 0, 0, 0, 0, 0, 0, 0, 0, 0, 0, 0, 0, 0, 0, 0, 0, 0, 0, 0, 0, 0, 0, 0, 0, 0, 0, 0, 0, 0, 0, 0, 0, 0, 0]]
},
"sfx": {
    "inharmonicity": {
        "mean": 0.0557079538703,
        "var": 0.00253683747724
    },
    "oddtoevenharmonicenergyratio": {
        "mean": 1.3103146553,
        "var": 1.1950262785
    },
    "pitch_after_max_to_before_max_energy_ratio": 2.67890977859,
    "pitch_centroid": 52.0791358948,
    "pitch_max_to_total": 0.074074074626,
    "pitch_min_to_total": 0.0185185186565,
    "tristimulus": {
        "mean": [0.101848728955, 0.405864328146, 0.492287009954],
        "var": [0.0333832763135, 0.00834668334574, 0.0170528106391]
    }
},
"tonal": {
    "chords_changes_rate": 0,
    "chords_number_rate": 0.0181818176061,
    "chords_strength": {
        "mean": 0.601420760155,
        "var": 0.00268843420781
    },
    "key_strength": 0.586737513542,
    "tuning_diatonic_strength": 0.366969764233,
    "tuning_equal_tempered_deviation": 0.10621304065,
    "tuning_frequency": 443.572570801,
    "tuning_nontempered_energy_ratio": 0.695977270603,