{"lowlevel.dissonance.mean": [0.36675727367401123], "sfx.inharmonicity.mean": [0.3823525309562683], "lowlevel.spectral_contrast.mean": [[0.28148353099823, 0.3037714958190918, 1.0858112573623657, 0.8992303609848022, 0.7095863819122314, 0.36424803733825684]], "lowlevel.spectral_centroid.mean": [0.3675054907798767], "lowlevel.mfcc.mean": [[0.35527968406677246, 0.22992858290672302, 0.1256721019744873, 0.17984957993030548, 0.2786462604999542, 0.31576037406921387, 0.5165756940841675, 0.6731307506561279, 0.8412642478942871, 0.7408616542816162, 0.7575284838676453, 0.34459221363067627, -0.16385436058044434]], "sfx.logattacktime.mean": [0.41889774799346924], "lowlevel.hfc.mean": [0.4904981255531311]}