{
"metadata": {
    "version": {
        "essentia": "2.1-dev"
    }
},
"lowLevel": {
    "barkbands_kurtosis": {
        "mean": 3.49661159515,
        "var": 21.8676700592
    },
    "dissonance": {
        "mean": 0.321870326996,
        "var": 0.00514601822942
    },
    "hfc": {
        "mean": 101.248222351,
        "var": 732.052062988
    },
    "spectral_centroid": {
        "mean": 932.935424805,
        "var": 6187.13378906
    },
    "spectral_complexity": {
        "mean": 4.30555534363,
        "var": 0.245524823666
    },
    "spectral_crest": {
        "mean": 14.4080028534,
        "var": 4.01646137238
    },
    "spectral_energyband_high": {
        "mean": 4.27194499935e-05,
        "var": 1.53709031614e-10
    },
    "spectral_energyband_low": {
        "mean": 1.32286686494e-07,
        "var": 1.03232419967e-14
    },
    "spectral_kurtosis": {
        "mean": 17.3661441803,
        "var": 22.7980079651
    },
    "spectral_rolloff": {
        "mean": 1252.9921875,
        "var": 125511.703125
    },
    "spectral_strongpeak": {
        "mean": 8.91621017456,
        "var": 1.08874642849
    },
    "mfcc": {
        "mean": [-792.138183594, 36.5027732849, -120.051498413, -52.5658111572, -39.458984375, -25.2142791748, -5.7503323555, 13.7048435211, 27.7284393311, 20.2503471375, 18.0265445709, -12.3079710007, -50.5801315308],
        "var": [220.433197021, 82.0801086426, 81.8071746826, 51.6647453308, 27.3820171356, 57.9895019531, 36.9111022949, 21.8072376251, 72.2680740356, 45.4394569397, 105.086219788, 26.1313724518, 112.231658936]
    },
    "sccoeffs": {
        "mean": [-0.855428934097, -0.797361493111, -0.255216389894, -0.481062024832, -0.599373757839, -0.806698262691],
        "var": [0.00154088751879, 0.001672360464, 0.000277761428151, 0.00350786582567, 0.00050848943647, 0.000403844984248]
    }
},
"sfx": {
    "inharmonicity": {
        "mean": 0.000568491464946,
        "var": 1.13205217644e-07
    }
}
}