{
"metadata": {
    "version": {
        "essentia": "2.1-dev"
    }
},
"lowLevel": {
    "average_loudness": 0.839322984219,
    "barkbands_kurtosis": {
        "mean": 50.2842559814,
        "var": 13087.3222656
    },
    "barkbands_skewness": {
        "mean": 4.56441640854,
        "var": 25.3973789215
    },
    "barkbands_spread": {
        "mean": 8.69230365753,
        "var": 187.717315674
    },
    "dissonance": {
        "mean": 0.390776157379,
        "var": 0.00966053269804
    },
    "hfc": {
        "mean": 53.1505317688,
        "var": 2938.90625
    },
    "pitch": {
        "mean": 708.000244141,
        "var": 904463.125
    },
    "pitch_instantaneous_confidence": {
        "mean": 0.652179002762,
        "var": 0.157173797488
    },
    "pitch_salience": {
        "mean": 0.309386432171,
        "var": 0.0243317428976
    },
    "silence_rate_20dB": {
        "mean": 1,
        "var": 0
    },
    "silence_rate_30dB": {
        "mean": 0.758017480373,
        "var": 0.183426842093
    },
    "silence_rate_60dB": {
        "mean": 0.472303211689,
        "var": 0.2492338866
    },
    "spectral_centroid": {
        "mean": 660.025634766,
        "var": 357720.25
    },
    "spectral_complexity": {
        "mean": 2.27405238152,
        "var": 4.70622110367
    },
    "spectral_crest": {
        "mean": 16.9675006866,
        "var": 21.3593120575
    },
    "spectral_decrease": {
        "mean": -1.3632869944e-08,
        "var": 1.79942302886e-16
    },
    "spectral_energy": {
        "mean": 0.0562744736671,
        "var": 0.0030809417367
    },
    "spectral_energyband_high": {
        "mean": 2.24341129069e-05,
        "var": 5.35137489877e-10
    },
    "spectral_energyband_low": {
        "mean": 1.41582873425e-07,
        "var": 3.36577689547e-14
    },
    "spectral_energyband_middle_high": {
        "mean": 0.0125810755417,
        "var": 0.000278476363746
    },
    "spectral_energyband_middle_low": {
        "mean": 0.0442206449807,
        "var": 0.00182012794539
    },
    "spectral_flatness_db": {
        "mean": 0.382002234459,
        "var": 0.0191292408854
    },
    "spectral_flux": {
        "mean": 0.0122434627265,
        "var": 0.000297807302559
    },
    "spectral_kurtosis": {
        "mean": 10.302271843,
        "var": 102.643218994
    },
    "spectral_rms": {
        "mean": 0.00535843288526,
        "var": 2.6189167329e-05
    },
    "spectral_rolloff": {
        "mean": 882.420471191,
        "var": 1317234.375
    },
    "spectral_skewness": {
        "mean": 2.63584017754,
        "var": 1.89586937428
    },
    "spectral_spread": {
        "mean": 16243127,
        "var": 2.25962843177e+14
    },
    "spectral_strongpeak": {
        "mean": 4.68965864182,
        "var": 20.3183059692
    },
    "zerocrossingrate": {
        "mean": 0.0407081358135,
        "var": 0.000652739428915
    },
    "barkbands": {
        "mean": [2.25822077482e-07, 3.46787842886e-08, 7.32386995494e-09, 7.27379445564e-09, 4.15171577117e-08, 1.58489262958e-06, 5.60538239824e-07, 1.96710473688e-07, 0.0293569434434, 0.0148680964485, 4.03419846862e-07, 5.05255047756e-06, 1.07964669951e-05, 0.0107431607321, 4.41453676103e-06, 0.000952359521762, 4.85888040203e-06, 0.000286304624751, 1.02040883121e-06, 1.75635195774e-05, 1.20551712826e-05, 4.30476302427e-06, 1.62591641129e-06, 1.05716299004e-06, 1.70574594449e-06, 1.85421967558e-07, 2.09554396058e-09],
        "var": [2.4725984064e-13, 1.25760315756e-15, 1.34016030902e-16, 1.50135160533e-16, 4.4717452736e-15, 7.44619817195e-12, 7.95014282271e-13, 6.03108871438e-14, 0.000798494496848, 0.000218146728002, 2.23624097755e-13, 7.15021306052e-11, 3.47705642056e-10, 0.000242857408011, 2.50967528009e-11, 1.12491636628e-06, 4.65381864989e-11, 1.77077069452e-07, 1.62111079768e-12, 5.71286684625e-10, 1.75494591081e-10, 2.60207688729e-11, 3.19909398451e-12, 1.33753977945e-12, 3.81202708288e-12, 5.77797290807e-14, 1.29824020179e-17]
    },
    "mfcc": {
        "mean": [-952.064941406, 23.4555187225, -61.212726593, -25.9632816315, -18.3271770477, -10.6286811829, -0.702600836754, 9.49833297729, 17.0945167542, 13.4955387115, 12.2958993912, -4.27252149582, -24.9862575531],
        "var": [28668.6171875, 307.730010986, 3897.43554688, 844.080200195, 526.109802246, 280.86050415, 54.9528274536, 36.1529541016, 173.584411621, 84.7777633667, 98.2317428589, 94.2705307007, 794.872924805]
    },
    "sccoeffs": {
        "mean": [-0.79333782196, -0.842335522175, -0.558764219284, -0.67374676466, -0.744370818138, -0.855643332005],
        "var": [0.00689797475934, 0.00434471201152, 0.105518594384, 0.0441356785595, 0.0240861680359, 0.00310411234386]
    },
    "scvalleys": {
        "mean": [-11.0066995621, -10.9002685547, -10.664276123, -10.7648458481, -11.4218425751, -12.0893621445],
        "var": [1.34688222408, 4.60821056366, 7.0216794014, 7.81289720535, 6.30041313171, 4.90058469772]
    }
},
"rhythm": {
    "beats_loudness": {
        "mean": 0.0651905164123,
        "var": 0.00273609883152
    },
    "bpm": 144.726577759,
    "confidence": 2.48170399666,
    "first_peak_bpm": {
        "mean": 144,
        "var": 0
    },
    "first_peak_spread": {
        "mean": 0.285714328289,
        "var": 0
    },
    "first_peak_weight": {
        "mean": 0.333333343267,
        "var": 0
    },
    "onset_rate": 0.378074556589,
    "second_peak_bpm": {
        "mean": 123,
        "var": 0
    },
    "second_peak_spread": {
        "mean": 0.428571462631,
        "var": 0
    },
    "second_peak_weight": {
        "mean": 0.266666680574,
        "var": 0
    },
    "beats_loudness_band_ratio": {
        "mean": [0.356424361467, 0.00146195862908, 0.500532925129, 0.116916753352, 0.0215513128787, 0.00445275893435],
        "var": [0.213056623936, 6.26302698947e-06, 0.15439286828, 0.0136077441275, 0.000377939053578, 4.47090278612e-05]
    },
    "beats_position": [0.487619042397, 0.99845802784, 1.49768710136, 1.99691605568, 2.48453521729, 2.97215414047, 3.47138309479, 3.95900225639, 4.446621418, 4.85297060013, 5.27092981339, 5.6888885498, 6.10684776306, 6.52480697632, 6.93115615845, 7.3491153717],
    "bpm_estimates": [147.656265259, 143.554672241, 143.554840088, 143.554672241, 143.554672241, 147.656265259, 143.554672241],
    "bpm_intervals": [0.510838985443, 0.499229073524, 0.499228954315, 0.487619161606, 0.487618923187, 0.499228954315, 0.487619161606, 0.487619161606, 0.406349182129, 0.417959213257, 0.41795873642, 0.417959213257, 0.417959213257, 0.406349182129, 0.417959213257],
    "onset_times": [1.96208620071, 2.12462592125, 7.17496585846],
    "histogram": [[0, 0, 0, 0, 0, 0, 0, 0, 0, 0, 0, 0, 0, 0, 0, 0, 0, 0, 0, 0, 0, 0, 0, 0, 0, 0, 0, 0, 0, 0, 0, 0, 0, 0, 0, 0, 0, 0, 0, 0, 0, 0, 0, 0, 0, 0, 0, 0, 0, 0, 0, 0, 0, 0, 0, 0, 0, 0, 0, 0, 0, 0, 0, 0, 0, 0, 0, 0, 0, 0, 0, 0, 0, 0, 0, 0, 0, 0, 0, 0, 0, 0, 0, 0, 0, 0, 0, 0, 0, 0, 0, 0, 0, 0, 0, 0, 0, 0, 0, 0, 0, 0, 0, 0, 0, 0, 0, 0, 0, 0, 0, 0, 0, 0, 0, 0, 0, 0.0666666701436, 0, 0, 0.20000000298, 0, 0, 0.266666680574, 0, 0, 0, 0, 0, 0, 0, 0, 0, 0, 0, 0, 0, 0, 0, 0, 0, 0, 0, 0, 0.333333343267, 0, 0, 0, 0.133333340287, 0, 0, 0, 0, 0, 0, 0, 0, 0, 0, 0, 0, 0, 0, 0, 0, 0, 0, 0, 0, 0, 0, 0, 0, 0, 0, 0, 0, 0, 0, 0, 0, 0, 0, 0, 0, 0, 0, 0, 0, 0, 0, 0, 0, 0, 0, 0, 0, 0, 0, 0, 0, 0, 0, 0, 0, 0, 0, 0, 0, 0, 0, 0, 0, 0, 0, 0, 0, 0, 0, 0, 0, 0, 0, 0, 0, 0, 0, 0, 0, 0, 0, 0, 0, 0, 0, 0, 0, 0, 0, 0, 0, 0, 0, 0, 0, 0, 0, 0, 0, 0]]
},
"sfx": {
    "inharmonicity": {
        "mean": 0.0377902127802,
        "var": 0.0107891820371
    },
    "oddtoevenharmonicenergyratio": {
        "mean": inf,
        "var": inf
    },
    "pitch_after_max_to_before_max_energy_ratio": 1.12634551525,
    "pitch_centroid": 137.557235718,
    "pitch_max_to_total": 0.0728862956166,
    "pitch_min_to_total": 0.0758017525077,
    "tristimulus": {
        "mean": [0.470723092556, 0.339013159275, 0.18151730299],
        "var": [0.0676702409983, 0.0276816003025, 0.0748029574752]
    }
},