{"lowlevel.dissonance.mean": [0.44723689556121826], "sfx.inharmonicity.mean": [0.42747771739959717], "lowlevel.spectral_contrast.mean": [[0.6365370154380798, 0.2613891363143921, 1.1044968366622925, 0.7782201766967773, 1.0525805950164795, 0.7725212574005127]], "lowlevel.spectral_centroid.mean": [0.5046021342277527], "lowlevel.mfcc.mean": [[0.41606199741363525, 0.12357857823371887, 0.4340165853500366, 0.5769333839416504, 0.23924162983894348, 0.651760458946228, 0.8147648572921753, 1.1282625198364258, 1.2636983394622803, 0.694389820098877, 0.2978145480155945, -0.04314965009689331, 0.6462932825088501]], "sfx.logattacktime.mean": [0.6073527932167053], "lowlevel.hfc.mean": [0.4773353636264801]}