{
"metadata": {
    "version": {
        "essentia": "2.1-dev"
    }
},
"lowLevel": {
    "barkbands_kurtosis": {
        "mean": 0.852977216244,
        "var": 6.63733577728
    },
    "dissonance": {
        "mean": 0.442655622959,
        "var": 0.00125158077572
    },
    "hfc": {
        "mean": 58.4257125854,
        "var": 339.13861084
    },
    "spectral_centroid": {
        "mean": 3022.06787109,
        "var": 288542.1875
    },
    "spectral_complexity": {
        "mean": 5,
        "var": 0
    },
    "spectral_crest": {
        "mean": 9.804936409,
        "var": 6.18211650848
    },
    "spectral_energyband_high": {
        "mean": 0.00451626162976,
        "var": 1.42505507483e-06
    },
    "spectral_energyband_low": {
        "mean": 3.05216854031e-05,
        "var": 6.99862112707e-10
    },
    "spectral_kurtosis": {
        "mean": 2.84391498566,
        "var": 0.300796091557
    },
    "spectral_rolloff": {
        "mean": 4456.72314453,
        "var": 293915.6875
    },
    "spectral_strongpeak": {
        "mean": 6.59686660767,
        "var": 6.52201271057
    },
    "mfcc": {
        "mean": [-753.276184082, -58.2276420593, -35.379650116, 28.7310562134, -47.7313232422, 11.480091095, 6.99133300781, 30.0607452393, 44.6198196411, 11.4970026016, -18.1517467499, -38.6347999573, 5.44007158279],
        "var": [286.516723633, 170.897338867, 54.0189971924, 76.5511703491, 62.5451583862, 30.5982437134, 58.6413803101, 95.1530380249, 50.246673584, 43.9181213379, 53.1168479919, 63.3889083862, 33.3225440979]
    },
    "sccoeffs": {
        "mean": [-0.601901888847, -0.855720579624, -0.424520909786, -0.557408332825, -0.451364904642, -0.546370267868],
        "var": [0.00353785511106, 0.000928115681745, 0.00548778334633, 0.000285121030174, 0.000266679242486, 0.000323313928675]
    }
},
"sfx": {
    "inharmonicity": {
        "mean": 0.00325115444139,
        "var": 3.22360438076e-06
    }
}
}