{"lowlevel.dissonance.mean": [0.43666696548461914], "sfx.inharmonicity.mean": [0.4180563688278198], "lowlevel.spectral_contrast.mean": [[0.7728952765464783, 1.0830436944961548, 1.0772709846496582, 1.1555852890014648, 0.8515784740447998, 0.5058820247650146]], "lowlevel.spectral_centroid.mean": [0.42264509201049805], "lowlevel.mfcc.mean": [[0.5388520956039429, 0.6409986019134521, -0.17470654845237732, -0.00033023953437805176, 0.19172456860542297, 0.13515594601631165, 0.28501802682876587, 0.056370168924331665, 0.10263049602508545, -0.026565611362457275, 0.11271855235099792, 0.19682163000106812, 0.1364153027534485]], "sfx.logattacktime.mean": [0.44182276725769043], "lowlevel.hfc.mean": [0.4712117314338684]}