{
"metadata": {
    "version": {
        "essentia": "2.1-dev"
    }
},
"lowLevel": {
    "barkbands_kurtosis": {
        "mean": 36.1972312927,
        "var": 26.5621967316
    },
    "dissonance": {
        "mean": 0.150604173541,
        "var": 0.000238465378061
    },
    "hfc": {
        "mean": 22.8210144043,
        "var": 35.1717262268
    },
    "spectral_centroid": {
        "mean": 478.297485352,
        "var": 7.67882347107
    },
    "spectral_complexity": {
        "mean": 7.01408433914,
        "var": 0.718111515045
    },
    "spectral_crest": {
        "mean": 23.2318191528,
        "var": 0.25752466917
    },
    "spectral_energyband_high": {
        "mean": 1.56162172971e-07,
        "var": 5.46236343443e-15
    },
    "spectral_energyband_low": {
        "mean": 0.000164718279848,
        "var": 1.27646682113e-09
    },
    "spectral_kurtosis": {
        "mean": 175.626419067,
        "var": 1003.00695801
    },
    "spectral_rolloff": {
        "mean": 495.263763428,
        "var": 8.38190317154e-09
    },
    "spectral_strongpeak": {
        "mean": 3.30761694908,
        "var": 0.486268818378
    },
    "mfcc": {
        "mean": [-851.730163574, 262.896911621, 30.2259197235, -53.7261123657, -27.3187866211, -14.3251285553, -37.5387878418, -42.4554023743, -12.455321312, 5.62326717377, 0.521770179272, 1.81530547142, 14.6588439941],
        "var": [217.469207764, 55.3924636841, 100.345741272, 52.0228652954, 58.4674377441, 32.6946983337, 43.4194717407, 26.4733142853, 34.0491905212, 10.5027980804, 25.4114208221, 10.7178678513, 14.4019851685]
    },
    "sccoeffs": {
        "mean": [-0.473750531673, -0.371687173843, -0.652508437634, -0.686543107033, -0.832354664803, -0.867634773254],
        "var": [0.00153404974844, 0.000506397336721, 0.000858950254042, 0.00104251736775, 0.000638348574284, 0.000106331412098]
    }
},
"sfx": {
    "inharmonicity": {
        "mean": 1.53108994709e-05,
        "var": 5.23469600999e-10
    }
}
}