{
"metadata": {
    "version": {
        "essentia": "2.1-dev"
    }
},
"lowLevel": {
    "average_loudness": 0.99068403244,
    "barkbands_kurtosis": {
        "mean": 50.2246818542,
        "var": 6355.89990234
    },
    "barkbands_skewness": {
        "mean": 3.9895927906,
        "var": 19.1988716125
    },
    "barkbands_spread": {
        "mean": 16.8394508362,
        "var": 273.763427734
    },
    "dissonance": {
        "mean": 0.414503514767,
        "var": 0.00503762485459
    },
    "hfc": {
        "mean": 13.1521615982,
        "var": 2775.7878418
    },
    "pitch": {
        "mean": 244.325119019,
        "var": 27720.0859375
    },
    "pitch_instantaneous_confidence": {
        "mean": 0.518564879894,
        "var": 0.0656908601522
    },
    "pitch_salience": {
        "mean": 0.433622449636,
        "var": 0.0675602704287
    },
    "silence_rate_20dB": {
        "mean": 1,
        "var": 0
    },
    "silence_rate_30dB": {
        "mean": 1,
        "var": 0
    },
    "silence_rate_60dB": {
        "mean": 0.891891896725,
        "var": 0.0964206680655
    },
    "spectral_centroid": {
        "mean": 1517.69287109,
        "var": 4548643
    },
    "spectral_complexity": {
        "mean": 4.54054069519,
        "var": 171.437698364
    },
    "spectral_crest": {
        "mean": 15.1597967148,
        "var": 68.9812927246
    },
    "spectral_decrease": {
        "mean": -1.19352383532e-09,
        "var": 2.71805312343e-17
    },
    "spectral_energy": {
        "mean": 0.00569754140452,
        "var": 0.000597441045102
    },
    "spectral_energyband_high": {
        "mean": 0.00128470617346,
        "var": 2.69487063633e-05
    },
    "spectral_energyband_low": {
        "mean": 0.000138575109304,
        "var": 4.29361477927e-07
    },
    "spectral_energyband_middle_high": {
        "mean": 0.00301079591736,
        "var": 0.000171472216607
    },
    "spectral_energyband_middle_low": {
        "mean": 0.00141219387297,
        "var": 3.70952802768e-05
    },
    "spectral_flatness_db": {
        "mean": 0.25540843606,
        "var": 0.0146156111732
    },
    "spectral_flux": {
        "mean": 0.0258562136441,
        "var": 0.00564455427229
    },
    "spectral_kurtosis": {
        "mean": 3.19908928871,
        "var": 44.2055053711
    },
    "spectral_rms": {
        "mean": 0.000758308859076,
        "var": 4.98354620504e-06
    },
    "spectral_rolloff": {
        "mean": 2691.06835938,
        "var": 16445520
    },
    "spectral_skewness": {
        "mean": 1.41832470894,
        "var": 1.57905113697
    },
    "spectral_spread": {
        "mean": 9644949,
        "var": 3.53359248753e+13
    },
    "spectral_strongpeak": {
        "mean": 0.134919464588,
        "var": 0.152144581079
    },
    "zerocrossingrate": {
        "mean": 0.11124894768,
        "var": 0.0192241352051
    },
    "barkbands": {
        "mean": [2.37020728378e-07, 4.42432110503e-06, 6.20493083261e-05, 0.000131282635266, 0.000152018052177, 0.000140496558743, 0.00021916507103, 0.000208868019399, 0.000443806726253, 0.000662328326143, 0.000471259292681, 0.000627690926194, 0.000188784091733, 9.57330266829e-05, 9.21717582969e-05, 0.000132204891997, 0.000126715924125, 0.000360358942999, 0.000223274095333, 0.000232400925597, 0.000532269943506, 0.000207276505535, 0.000153387678438, 0.000172683998244, 5.66609778616e-05, 5.85122972296e-09, 6.13739947752e-09],
        "var": [1.70454026328e-12, 3.4590122433e-10, 9.04291823645e-08, 3.89419909652e-07, 3.45596077977e-07, 2.13293191109e-07, 7.35037872346e-07, 1.15714283311e-06, 4.87315492137e-06, 8.4030416474e-06, 6.46172793495e-06, 7.76155047788e-06, 6.98809003552e-07, 1.50984931224e-07, 1.05132130557e-07, 3.3198821825e-07, 1.59701016855e-07, 2.34691606238e-06, 8.22318611426e-07, 6.76773765917e-07, 6.66177083986e-06, 8.2756014308e-07, 2.49139901598e-07, 3.13335561941e-07, 2.61151882341e-08, 1.21229081241e-15, 1.33505383855e-15]
    },
    "mfcc": {
        "mean": [-1019.98077393, 25.0242500305, 7.64546918869, 4.15791797638, -7.23164844513, -9.03256416321, -6.05363035202, -4.57423114777, -6.36705589294, -7.13074874878, -8.63847064972, -6.30047512054, -7.4969086647],
        "var": [39348.546875, 790.65020752, 237.102874756, 42.1053085327, 209.776763916, 184.574737549, 62.7639350891, 28.6859760284, 29.5847301483, 30.7150249481, 49.4340705872, 25.3428516388, 31.1281318665]
    },
    "sccoeffs": {
        "mean": [-0.650992512703, -0.817553520203, -0.866374850273, -0.891134917736, -0.897150278091, -0.889647305012],
        "var": [0.0113243833184, 0.00406814506277, 0.00284864613786, 0.00299929408357, 0.00207657297142, 0.00305206817575]
    },
    "scvalleys": {
        "mean": [-13.0041208267, -11.8592128754, -12.5673532486, -13.0871982574, -13.0847377777, -13.5655565262],
        "var": [12.7538881302, 18.6316509247, 19.3455448151, 16.6455631256, 17.2416687012, 14.9469718933]
    }
},
"rhythm": {
    "bpm": 0,
    "confidence": 0,
    "first_peak_bpm": {
        "mean": 0,
        "var": 0
    },
    "first_peak_spread": {
        "mean": 0,
        "var": 0
    },
    "first_peak_weight": {
        "mean": 0,
        "var": 0
    },
    "onset_rate": 1.20003271103,
    "second_peak_bpm": {
        "mean": 0,
        "var": 0
    },
    "second_peak_spread": {
        "mean": 0,
        "var": 0
    },
    "second_peak_weight": {
        "mean": 0,
        "var": 0
    },
    "beats_position": [],
    "bpm_estimates": [],
    "bpm_intervals": [],
    "onset_times": [0.0116099771112],
    "histogram": [[0, 0, 0, 0, 0, 0, 0, 0, 0, 0, 0, 0, 0, 0, 0, 0, 0, 0, 0, 0, 0, 0, 0, 0, 0, 0, 0, 0, 0, 0, 0, 0, 0, 0, 0, 0, 0, 0, 0, 0, 0, 0, 0, 0, 0, 0, 0, 0, 0, 0, 0, 0, 0, 0, 0, 0, 0, 0, 0, 0, 0, 0, 0, 0, 0, 0, 0, 0, 0, 0, 0, 0, 0, 0, 0, 0, 0, 0, 0, 0, 0, 0, 0, 0, 0, 0, 0, 0, 0, 0, 0, 0, 0, 0, 0, 0, 0, 0, 0, 0, 0, 0, 0, 0, 0, 0, 0, 0, 0, 0, 0, 0, 0, 0, 0, 0, 0, 0, 0, 0, 0, 0, 0, 0, 0, 0, 0, 0, 0, 0, 0, 0, 0, 0, 0, 0, 0, 0, 0, 0, 0, 0, 0, 0, 0, 0, 0, 0, 0, 0, 0, 0, 0, 0, 0, 0, 0, 0, 0, 0, 0, 0, 0, 0, 0, 0, 0, 0, 0, 0, 0, 0, 0, 0, 0, 0, 0, 0, 0, 0, 0, 0, 0, 0, 0, 0, 0, 0, 0, 0, 0, 0, 0, 0, 0, 0, 0, 0, 0, 0, 0, 0, 0, 0, 0, 0, 0, 0, 0, 0, 0, 0, 0, 0, 0, 0, 0, 0, 0, 0, 0, 0, 0, 0, 0, 0, 0, 0, 0, 0, 0, 0, 0, 0, 0, 0, 0, 0, 0, 0, 0, 0, 0, 0, 0, 0, 0, 0, 0, 0]]
},
"sfx": {
    "inharmonicity": {
        "mean": 0.0810363888741,
        "var": 0.0113123301417
    },
    "oddtoevenharmonicenergyratio": {
        "mean": 2.04635858536,
        "var": 38.2044944763
    },
    "pitch_after_max_to_before_max_energy_ratio": 2.73677015305,
    "pitch_centroid": 15.871752739,
    "pitch_max_to_total": 0,
    "pitch_min_to_total": 0.918918907642,
    "tristimulus": {
        "mean": [0.420414060354, 0.29227539897, 0.287310510874],
        "var": [0.102757781744, 0.0301598347723, 0.049081094563]
    }
},
"tonal": {
    "chords_changes_rate": 0,
    "chords_number_rate": 0.0526315793395,
    "chords_strength": {
        "mean": 0.623764336109,
        "var": 3.5527136788e-15
    },
    "key_strength": 0.602799236774,
    "tuning_diatonic_strength": 0.505057573318,
    "tuning_equal_tempered_deviation": 0.175072804093,
    "tuning_frequency": 452.108886719,
    "tuning_nontempered_energy_ratio": 0.884230732918,
    "hpcp": {
        "mean": [0.0864728614688, 0.0957340225577, 0.106272958219, 0.0815373808146, 0.0705497041345, 0.0920140594244, 0.143668293953, 0.167704939842, 0.119851186872, 0.0676570311189, 0.055139221251, 0.0948105156422, 0.18168643117, 0.164079144597, 0.09726498276, 0.154951781034, 0.176250264049, 0.111344978213, 0.0721267387271, 0.0656823143363, 0.0706802383065, 0.0693589225411, 0.0681609660387, 0.0574331395328, 0.0555015914142, 0.0887677371502, 0.107654683292, 0.104049779475, 0.220396891236, 0.714953899384, 0.750706851482, 0.237804740667, 0.0948682874441, 0.137047871947, 0.159186244011, 0.131506130099],