{
"metadata": {
    "version": {
        "essentia": "2.1-dev"
    }
},
"lowLevel": {
    "barkbands_kurtosis": {
        "mean": -1.06855583191,
        "var": 0.0213793441653
    },
    "dissonance": {
        "mean": 0.448432803154,
        "var": 0.00385654252023
    },
    "hfc": {
        "mean": 148.424758911,
        "var": 14022.5625
    },
    "spectral_centroid": {
        "mean": 2543.64624023,
        "var": 347202.59375
    },
    "spectral_complexity": {
        "mean": 45,
        "var": 74
    },
    "spectral_crest": {
        "mean": 3.34784317017,
        "var": 0.311123341322
    },
    "spectral_energyband_high": {
        "mean": 0.0142880333588,
        "var": 0.000144521865877
    },
    "spectral_energyband_low": {
        "mean": 0.00169777974952,
        "var": 2.64967570729e-06
    },
    "spectral_kurtosis": {
        "mean": -0.147267654538,
        "var": 0.609946012497
    },
    "spectral_rolloff": {
        "mean": 5196.6796875,
        "var": 1692840
    },
    "spectral_strongpeak": {
        "mean": 1.31234157085,
        "var": 0.255002468824
    },
    "mfcc": {
        "mean": [-517.639953613, 45.0111274719, -18.9295482635, -4.94915533066, -27.3028316498, -13.4066467285, -2.03183484077, -1.79798734188, -11.1903162003, -13.6277303696, -14.5722265244, -3.96796536446, -11.6064682007],
        "var": [2404.09985352, 289.92086792, 7.31243896484, 2.7410223484, 92.2751693726, 47.183380127, 30.9583263397, 34.9657173157, 13.8879051208, 16.8290920258, 4.24258184433, 12.3695421219, 3.57739806175]
    },
    "sccoeffs": {
        "mean": [-0.537478208542, -0.759883165359, -0.809392154217, -0.746516048908, -0.783635795116, -0.781141936779],
        "var": [0.000380872661481, 0.000173128544702, 4.90774000355e-05, 0.000847655639518, 0.000461414078018, 0.000796666601673]
    }
},
"sfx": {
    "inharmonicity": {
        "mean": 0.158183291554,
        "var": 0.0068503911607
    }
}
}