{
"metadata": {
    "version": {
        "essentia": "2.1-dev"
    }
},
"lowLevel": {
    "barkbands_kurtosis": {
        "mean": 0.314202398062,
        "var": 0.811718344688
    },
    "dissonance": {
        "mean": 0.269897222519,
        "var": 0.0044914339669
    },
    "hfc": {
        "mean": 11.281788826,
        "var": 8.23337554932
    },
    "spectral_centroid": {
        "mean": 823.845031738,
        "var": 2186.55615234
    },
    "spectral_complexity": {
        "mean": 2.67826080322,
        "var": 0.39213564992
    },
    "spectral_crest": {
        "mean": 14.9758358002,
        "var": 2.39704155922
    },
    "spectral_energyband_high": {
        "mean": 8.36164872453e-07,
        "var": 6.92313285693e-13
    },
    "spectral_energyband_low": {
        "mean": 1.35863984951e-07,
        "var": 1.49578107197e-14
    },
    "spectral_kurtosis": {
        "mean": 50.7186317444,
        "var": 290.651641846
    },
    "spectral_rolloff": {
        "mean": 1245.36633301,
        "var": 63.9508476257
    },
    "spectral_strongpeak": {
        "mean": 1.99674272537,
        "var": 0.12881308794
    },
    "mfcc": {
        "mean": [-938.638305664, 82.2743835449, -107.889823914, -61.0492401123, -32.4999198914, -21.2744560242, 6.21537303925, 7.44345903397, 0.982878565788, 25.210187912, 60.5466995239, 40.7848434448, -4.81072378159],
        "var": [293.292724609, 86.5608444214, 109.97077179, 83.955078125, 77.2657623291, 17.8897914886, 51.5230560303, 65.4566421509, 34.4051246643, 75.9483947754, 40.3576393127, 44.2869491577, 41.7756462097]
    },
    "sccoeffs": {
        "mean": [-0.770458579063, -0.213929444551, -0.732557833195, -0.431540966034, -0.755679428577, -0.818967521191],
        "var": [0.00174494332168, 0.000433551031165, 0.000847470480949, 0.000487778015668, 0.000661198224407, 0.000968377280515]
    }
},
"sfx": {
    "inharmonicity": {
        "mean": 0.000156459020218,
        "var": 2.3438108343e-08
    }
}
}