{
"metadata": {
    "version": {
        "essentia": "2.1-dev"
    }
},
"lowLevel": {
    "average_loudness": 0.956091940403,
    "barkbands_kurtosis": {
        "mean": 5.79945611954,
        "var": 295.734680176
    },
    "barkbands_skewness": {
        "mean": 1.70626080036,
        "var": 2.22385668755
    },
    "barkbands_spread": {
        "mean": 6.33852910995,
        "var": 170.900054932
    },
    "dissonance": {
        "mean": 0.288244307041,
        "var": 0.0104016587138
    },
    "hfc": {
        "mean": 7.03262853622,
        "var": 20.6532649994
    },
    "pitch": {
        "mean": 638.65814209,
        "var": 111120.820312
    },
    "pitch_instantaneous_confidence": {
        "mean": 0.882934451103,
        "var": 0.0678212568164
    },
    "pitch_salience": {
        "mean": 0.415268987417,
        "var": 0.0113812899217
    },
    "silence_rate_20dB": {
        "mean": 1,
        "var": 0
    },
    "silence_rate_30dB": {
        "mean": 1,
        "var": 0
    },
    "silence_rate_60dB": {
        "mean": 0.175627246499,
        "var": 0.144782915711
    },
    "spectral_centroid": {
        "mean": 789.917419434,
        "var": 125022.109375
    },
    "spectral_complexity": {
        "mean": 1.97849464417,
        "var": 1.0389623642
    },
    "spectral_crest": {
        "mean": 16.8469219208,
        "var": 12.6596517563
    },
    "spectral_decrease": {
        "mean": -2.16979545442e-09,
        "var": 1.60020085072e-18
    },
    "spectral_energy": {
        "mean": 0.00882717501372,
        "var": 2.68680923909e-05
    },
    "spectral_energyband_high": {
        "mean": 5.10426332312e-07,
        "var": 3.90233418496e-13
    },
    "spectral_energyband_low": {
        "mean": 1.24638674492e-07,
        "var": 1.3776397964e-14
    },
    "spectral_energyband_middle_high": {
        "mean": 0.00234463158995,
        "var": 4.56890666101e-06
    },
    "spectral_energyband_middle_low": {
        "mean": 0.00648180488497,
        "var": 1.09721413537e-05
    },
    "spectral_flatness_db": {
        "mean": 0.475356131792,
        "var": 0.0200013350695
    },
    "spectral_flux": {
        "mean": 0.00474629225209,
        "var": 3.24730426655e-05
    },
    "spectral_kurtosis": {
        "mean": 41.1029243469,
        "var": 519.932556152
    },
    "spectral_rms": {
        "mean": 0.00264307344332,
        "var": 1.62604999332e-06
    },
    "spectral_rolloff": {
        "mean": 1179.54125977,
        "var": 840582.8125
    },
    "spectral_skewness": {
        "mean": 5.07134532928,
        "var": 2.97199702263
    },
    "spectral_spread": {
        "mean": 4924465,
        "var": 6.30441220506e+13
    },
    "spectral_strongpeak": {
        "mean": 1.61183917522,
        "var": 0.620122492313
    },
    "zerocrossingrate": {
        "mean": 0.0420691929758,
        "var": 0.000523826514836
    },
    "barkbands": {
        "mean": [2.28601962249e-07, 2.639685448e-08, 1.30391220043e-09, 7.71668784427e-10, 4.36617568766e-08, 7.97455079748e-09, 1.2504703939e-08, 0.00114333396778, 0.00533839501441, 1.08049626135e-07, 8.06984914448e-08, 0.00179361482151, 0.000501909060404, 3.02154660403e-07, 3.23734893755e-05, 9.35129520485e-08, 6.15650378677e-06, 5.79326024308e-06, 3.86366264138e-06, 4.80481332943e-07, 1.61620519634e-07, 1.20937798442e-07, 3.52187470298e-08, 2.38021247156e-08, 1.63283306875e-08, 9.33510602152e-09, 1.72092548545e-10],
        "var": [7.88332615333e-14, 5.41935544241e-16, 1.4273879315e-18, 2.33997980199e-18, 6.30558473342e-15, 2.00579770955e-16, 4.36438067117e-16, 5.33710760919e-07, 7.14174348104e-06, 2.15984236653e-14, 7.20653175128e-15, 2.97724636766e-06, 1.80813131578e-07, 3.44279048629e-13, 2.48708453832e-09, 5.97828739095e-15, 1.00245096946e-10, 1.57812901636e-10, 3.78134329404e-11, 7.13520497027e-13, 4.53716721854e-14, 1.60502358881e-14, 1.57194195472e-15, 2.02360914484e-15, 6.94800744902e-16, 2.17186103349e-16, 2.52375793726e-20]
    },
    "mfcc": {
        "mean": [-983.482177734, 70.0093154907, -79.8204574585, -51.7703666687, -27.8027896881, -17.0005016327, 7.47719669342, 7.45169448853, 0.968956708908, 24.5749034882, 52.0352325439, 32.9128303528, -3.8265941143],
        "var": [4055.70654297, 722.303466797, 1444.18469238, 654.026428223, 265.929260254, 127.028816223, 53.2499885559, 56.2602539062, 33.2027130127, 120.773506165, 410.032440186, 174.192459106, 38.8697128296]
    },
    "sccoeffs": {
        "mean": [-0.767494142056, -0.324021875858, -0.750693798065, -0.533195674419, -0.79485565424, -0.837742388248],
        "var": [0.00229457113892, 0.0556029230356, 0.00507940165699, 0.026227530092, 0.00280179944821, 0.0015574923018]
    },
    "scvalleys": {
        "mean": [-11.1988763809, -11.0813961029, -10.2951984406, -10.3972854614, -10.7802381516, -12.5067167282],
        "var": [0.230307027698, 0.54304510355, 1.06190860271, 0.966821789742, 1.08995759487, 0.827906906605]
    }
},
"rhythm": {
    "beats_loudness": {
        "mean": 0.0111140320078,
        "var": 1.55952693603e-05
    },
    "bpm": 96.3159790039,
    "confidence": 3.59052610397,
    "first_peak_bpm": {
        "mean": 98,
        "var": 0
    },
    "first_peak_spread": {
        "mean": 0.5,
        "var": 0
    },
    "first_peak_weight": {
        "mean": 0.375,
        "var": 0
    },
    "onset_rate": 0.776553332806,
    "second_peak_bpm": {
        "mean": 91,
        "var": 0
    },
    "second_peak_spread": {
        "mean": 0,
        "var": 0
    },
    "second_peak_weight": {
        "mean": 0.25,
        "var": 0
    },
    "beats_loudness_band_ratio": {
        "mean": [2.42237783823e-05, 5.69545181861e-06, 0.769009828568, 0.224492177367, 0.00635606283322, 0.000118217700219],
        "var": [3.26189769639e-10, 2.76392832232e-11, 0.0117892632261, 0.0109390728176, 3.93326299672e-05, 6.13638118097e-09]
    },
    "beats_position": [0.650158703327, 1.31192743778, 1.97369611263, 2.61224484444, 3.23918366432, 3.86612248421, 4.48145103455, 5.0967798233, 5.71210861206],
    "bpm_estimates": [93.9630737305, 95.7031173706, 95.7031173706, 97.5088806152, 97.5088424683, 97.5088424683],
    "bpm_intervals": [0.661768734455, 0.66176867485, 0.638548731804, 0.626938819885, 0.626938819885, 0.615328550339, 0.615328788757, 0.615328788757],
    "onset_times": [0.0348299331963, 0.255419492722, 0.510838985443, 5.25931978226, 6.18811798096],
    "histogram": [[0, 0, 0, 0, 0, 0, 0, 0, 0, 0, 0, 0, 0, 0, 0, 0, 0, 0, 0, 0, 0, 0, 0, 0, 0, 0, 0, 0, 0, 0, 0, 0, 0, 0, 0, 0, 0, 0, 0, 0, 0, 0, 0, 0, 0, 0, 0, 0, 0, 0, 0, 0, 0, 0, 0, 0, 0, 0, 0, 0, 0, 0, 0, 0, 0, 0, 0, 0, 0, 0, 0, 0, 0, 0, 0, 0, 0, 0, 0, 0, 0, 0, 0, 0, 0, 0, 0, 0, 0, 0, 0, 0.25, 0, 0, 0.125, 0, 0.25, 0, 0.375, 0, 0, 0, 0, 0, 0, 0, 0, 0, 0, 0, 0, 0, 0, 0, 0, 0, 0, 0, 0, 0, 0, 0, 0, 0, 0, 0, 0, 0, 0, 0, 0, 0, 0, 0, 0, 0, 0, 0, 0, 0, 0, 0, 0, 0, 0, 0, 0, 0, 0, 0, 0, 0, 0, 0, 0, 0, 0, 0, 0, 0, 0, 0, 0, 0, 0, 0, 0, 0, 0, 0, 0, 0, 0, 0, 0, 0, 0, 0, 0, 0, 0, 0, 0, 0, 0, 0, 0, 0, 0, 0, 0, 0, 0, 0, 0, 0, 0, 0, 0, 0, 0, 0, 0, 0, 0, 0, 0, 0, 0, 0, 0, 0, 0, 0, 0, 0, 0, 0, 0, 0, 0, 0, 0, 0, 0, 0, 0, 0, 0, 0, 0, 0, 0, 0, 0, 0, 0, 0, 0, 0, 0, 0, 0, 0, 0, 0, 0, 0, 0, 0]]
},
"sfx": {
    "inharmonicity": {
        "mean": 0.0132069634274,
        "var": 0.00231527537107
    },
    "oddtoevenharmonicenergyratio": {
        "mean": 0.527350187302,
        "var": 2.33910179138
    },
    "pitch_after_max_to_before_max_energy_ratio": 0.127136617899,
    "pitch_centroid": 138.44102478,
    "pitch_max_to_total": 0.956989228725,
    "pitch_min_to_total": 0.978494644165,
    "tristimulus": {
        "mean": [0.564886987209, 0.359962254763, 0.0751508027315],
        "var": [0.0282970797271, 0.0100749526173, 0.0265448335558]
    }
},
"tonal": {
    "chords_changes_rate": 0.0571428574622,
    "chords_number_rate": 0.0357142873108,
    "chords_strength": {
        "mean": 0.428805291653,
        "var": 0.00248640170321
    },
    "key_strength": 0.56385153532,
    "tuning_diatonic_strength": 0.360140055418,