{
"metadata": {
    "version": {
        "essentia": "2.1-dev"
    }
},
"lowLevel": {
    "barkbands_kurtosis": {
        "mean": -1.31843447685,
        "var": 0.483179301023
    },
    "dissonance": {
        "mean": 0.454969167709,
        "var": 0.00321848480962
    },
    "hfc": {
        "mean": 51.4431381226,
        "var": 244.723678589
    },
    "spectral_centroid": {
        "mean": 2114.97412109,
        "var": 29002.8066406
    },
    "spectral_complexity": {
        "mean": 2.98429322243,
        "var": 0.0154601512477
    },
    "spectral_crest": {
        "mean": 14.3996992111,
        "var": 6.3064789772
    },
    "spectral_energyband_high": {
        "mean": 0.000532347243279,
        "var": 8.32114039895e-08
    },
    "spectral_energyband_low": {
        "mean": 3.00893674421e-07,
        "var": 9.85060083091e-14
    },
    "spectral_kurtosis": {
        "mean": 19.1257152557,
        "var": 29.7195453644
    },
    "spectral_rolloff": {
        "mean": 2694.69873047,
        "var": 158.241577148
    },
    "spectral_strongpeak": {
        "mean": 9.83885288239,
        "var": 14.980969429
    },
    "mfcc": {
        "mean": [-927.469055176, -28.495798111, -119.596656799, 8.14377975464, 16.3335552216, 18.5817279816, 31.7744750977, 20.2155036926, -42.8696784973, -26.5984382629, 34.9318161011, 65.5842132568, -5.17820549011],
        "var": [340.377624512, 148.471160889, 80.7488327026, 56.5191421509, 56.3434181213, 79.7957458496, 60.6090393066, 122.043411255, 129.828475952, 61.7390594482, 40.8176879883, 20.6750564575, 69.3988952637]
    },
    "sccoeffs": {
        "mean": [-0.751285016537, -0.881059765816, -0.879445493221, -0.413512945175, -0.461085379124, -0.787066936493],
        "var": [0.00349194160663, 0.00114844040945, 0.000403731391998, 0.00152243545745, 0.00091523269657, 0.00199535512365]
    }
},
"sfx": {
    "inharmonicity": {
        "mean": 0.000939561577979,
        "var": 3.04234418991e-07
    }
}
}