{
"metadata": {
    "version": {
        "essentia": "2.1-dev"
    }
},
"lowLevel": {
    "average_loudness": 0.964390993118,
    "barkbands_kurtosis": {
        "mean": 6.97521066666,
        "var": 2260.30029297
    },
    "barkbands_skewness": {
        "mean": 0.634267508984,
        "var": 6.94743347168
    },
    "barkbands_spread": {
        "mean": 8.50512695312,
        "var": 122.646820068
    },
    "dissonance": {
        "mean": 0.457119584084,
        "var": 0.00361715932377
    },
    "hfc": {
        "mean": 40.0232009888,
        "var": 603.360595703
    },
    "pitch": {
        "mean": 1246.82458496,
        "var": 92574.8203125
    },
    "pitch_instantaneous_confidence": {
        "mean": 0.897610783577,
        "var": 0.0617041401565
    },
    "pitch_salience": {
        "mean": 0.50486689806,
        "var": 0.0173739064485
    },
    "silence_rate_20dB": {
        "mean": 1,
        "var": 0
    },
    "silence_rate_30dB": {
        "mean": 1,
        "var": 0
    },
    "silence_rate_60dB": {
        "mean": 0.181818187237,
        "var": 0.148760646582
    },
    "spectral_centroid": {
        "mean": 1861.31213379,
        "var": 412466.1875
    },
    "spectral_complexity": {
        "mean": 2.39525699615,
        "var": 1.27459776402
    },
    "spectral_crest": {
        "mean": 14.9970111847,
        "var": 13.4987802505
    },
    "spectral_decrease": {
        "mean": -4.0292200687e-09,
        "var": 5.84045884821e-18
    },
    "spectral_energy": {
        "mean": 0.0188374184072,
        "var": 0.00012831868662
    },
    "spectral_energyband_high": {
        "mean": 0.000404122081818,
        "var": 1.13529232237e-07
    },
    "spectral_energyband_low": {
        "mean": 2.61235129528e-07,
        "var": 8.3921530749e-14
    },
    "spectral_energyband_middle_high": {
        "mean": 0.0185107532889,
        "var": 0.000122928366181
    },
    "spectral_energyband_middle_low": {
        "mean": 1.79565915914e-07,
        "var": 1.46944874888e-13
    },
    "spectral_flatness_db": {
        "mean": 0.496305555105,
        "var": 0.0201899390668
    },
    "spectral_flux": {
        "mean": 0.0126565648243,
        "var": 0.000175411114469
    },
    "spectral_kurtosis": {
        "mean": 15.918920517,
        "var": 63.1826896667
    },
    "spectral_rms": {
        "mean": 0.00382532924414,
        "var": 3.74482078769e-06
    },
    "spectral_rolloff": {
        "mean": 2427.38232422,
        "var": 693848.1875
    },
    "spectral_skewness": {
        "mean": 3.18334889412,
        "var": 0.638211250305
    },
    "spectral_spread": {
        "mean": 6524348,
        "var": 6.52309482701e+13
    },
    "spectral_strongpeak": {
        "mean": 7.83439588547,
        "var": 25.5864124298
    },
    "zerocrossingrate": {
        "mean": 0.100626468658,
        "var": 0.00102819991298
    },
    "barkbands": {
        "mean": [5.51204948351e-07, 4.10557312591e-08, 2.02434069507e-09, 1.0323346622e-09, 1.33218067688e-08, 5.66279680925e-08, 1.04433608428e-08, 1.76835754928e-08, 6.92700794502e-08, 4.24091730622e-08, 9.98008289343e-08, 5.98855308453e-07, 0.00833288859576, 1.33451680995e-06, 3.18438225122e-07, 2.54636120189e-07, 0.00296211102977, 0.00712665682659, 3.03896740661e-07, 0.000401206780225, 2.04272964766e-07, 5.61368096896e-06, 3.21530137626e-06, 1.17210697681e-06, 3.57199127166e-07, 3.02370466443e-07, 1.26956734015e-09],
        "var": [6.6539259996e-13, 1.2616161879e-15, 3.98834934433e-18, 1.27916523074e-18, 5.12350536278e-15, 9.46171309704e-14, 1.96032699571e-16, 9.53811508772e-16, 5.92806214883e-15, 3.04463240033e-15, 8.61689243044e-15, 1.50804564149e-12, 2.84518791887e-05, 2.05482462642e-12, 6.54454246872e-14, 5.34514550947e-14, 5.1216356951e-06, 3.40754195349e-05, 5.26044594169e-14, 1.12688880449e-07, 5.5981898262e-14, 2.97008181938e-11, 1.13328539261e-11, 3.71780167416e-12, 2.17466750987e-13, 1.87865483803e-13, 1.64913493256e-17]
    },
    "mfcc": {
        "mean": [-964.303344727, -21.076883316, -98.1175079346, 7.13131427765, 14.6710786819, 16.3952140808, 27.1406211853, 17.0885677338, -33.7996292114, -22.1177539825, 30.4678535461, 55.3393516541, -4.3845500946],
        "var": [6038.68554688, 308.739379883, 2179.76635742, 51.7620277405, 58.4683265686, 83.5321807861, 134.476852417, 128.083862305, 421.205230713, 218.313980103, 150.252578735, 487.037353516, 80.7648544312]
    },
    "sccoeffs": {
        "mean": [-0.750126779079, -0.882175862789, -0.883097887039, -0.494196265936, -0.539698660374, -0.810510277748],
        "var": [0.00382374459878, 0.0009869314963, 0.000496177119203, 0.0288575906307, 0.0255654044449, 0.00347687536851]
    },
    "scvalleys": {
        "mean": [-11.2356023788, -11.0495815277, -10.4699773788, -10.0491724014, -10.4852752686, -11.6244163513],
        "var": [0.346361517906, 0.682468235493, 1.16765582561, 1.77581453323, 1.95102679729, 1.80220580101]
    }
},
"rhythm": {
    "beats_loudness": {
        "mean": 0.0212127324194,
        "var": 0.000121916389617
    },
    "bpm": 113.96245575,
    "confidence": 0.40000000596,
    "first_peak_bpm": {
        "mean": 115,
        "var": 0
    },
    "first_peak_spread": {
        "mean": 0.5,
        "var": 0
    },
    "first_peak_weight": {
        "mean": 0.300000011921,
        "var": 0
    },
    "onset_rate": 0.686173081398,
    "second_peak_bpm": {
        "mean": 110,
        "var": 0
    },
    "second_peak_spread": {
        "mean": 0,
        "var": 0
    },
    "second_peak_weight": {
        "mean": 0.20000000298,
        "var": 0
    },
    "beats_loudness_band_ratio": {
        "mean": [0.0790212228894, 0.000194054839085, 0.00274274707772, 0.410466462374, 0.492431759834, 0.0155523959547],
        "var": [0.0624141469598, 3.36115505206e-07, 7.48414240661e-05, 0.0240374319255, 0.0307448673993, 6.2666447775e-05]
    },
    "beats_position": [0.510838985443, 1.01006805897, 1.50929701328, 2.0549659729, 2.57741498947, 3.08825397491, 3.59909296036, 4.12154197693, 4.6439909935, 5.18965959549, 5.72371864319],
    "bpm_estimates": [109.95677948, 114.843742371, 117.453842163, 117.453842163, 114.843742371, 114.843742371, 109.956848145, 112.347129822],
    "bpm_intervals": [0.499229073524, 0.499228954315, 0.545668959618, 0.522449016571, 0.510838985443, 0.510838985443, 0.522449016571, 0.522449016571, 0.54566860199, 0.534059047699],
    "onset_times": [0.441179126501, 2.38004541397, 3.76163268089, 5.07356023788],
    "histogram": [[0, 0, 0, 0, 0, 0, 0, 0, 0, 0, 0, 0, 0, 0, 0, 0, 0, 0, 0, 0, 0, 0, 0, 0, 0, 0, 0, 0, 0, 0, 0, 0, 0, 0, 0, 0, 0, 0, 0, 0, 0, 0, 0, 0, 0, 0, 0, 0, 0, 0, 0, 0, 0, 0, 0, 0, 0, 0, 0, 0, 0, 0, 0, 0, 0, 0, 0, 0, 0, 0, 0, 0, 0, 0, 0, 0, 0, 0, 0, 0, 0, 0, 0, 0, 0, 0, 0, 0, 0, 0, 0, 0, 0, 0, 0, 0, 0, 0, 0, 0, 0, 0, 0, 0, 0, 0, 0, 0, 0, 0, 0.20000000298, 0, 0.10000000149, 0, 0, 0.300000011921, 0, 0.20000000298, 0, 0, 0.20000000298, 0, 0, 0, 0, 0, 0, 0, 0, 0, 0, 0, 0, 0, 0, 0, 0, 0, 0, 0, 0, 0, 0, 0, 0, 0, 0, 0, 0, 0, 0, 0, 0, 0, 0, 0, 0, 0, 0, 0, 0, 0, 0, 0, 0, 0, 0, 0, 0, 0, 0, 0, 0, 0, 0, 0, 0, 0, 0, 0, 0, 0, 0, 0, 0, 0, 0, 0, 0, 0, 0, 0, 0, 0, 0, 0, 0, 0, 0, 0, 0, 0, 0, 0, 0, 0, 0, 0, 0, 0, 0, 0, 0, 0, 0, 0, 0, 0, 0, 0, 0, 0, 0, 0, 0, 0, 0, 0, 0, 0, 0, 0, 0, 0, 0, 0, 0, 0, 0, 0, 0, 0, 0, 0, 0, 0, 0, 0, 0, 0]]
},
"sfx": {
    "inharmonicity": {
        "mean": 0.0135366106406,
        "var": 0.00203584460542
    },
    "oddtoevenharmonicenergyratio": {
        "mean": 1.50915813446,
        "var": 6.51710557938
    },
    "pitch_after_max_to_before_max_energy_ratio": 0.0235494375229,
    "pitch_centroid": 130.190628052,
    "pitch_max_to_total": 0.98023712635,
    "pitch_min_to_total": 0.0513833984733,
    "tristimulus": {
        "mean": [0.418418288231, 0.537477493286, 0.044103924185],
        "var": [0.019386453554, 0.0164151284844, 0.0229828562587]
    }
},
"tonal": {
    "chords_changes_rate": 0.133858263493,
    "chords_number_rate": 0.0314960628748,
    "chords_strength": {
        "mean": 0.450987815857,