{"lowlevel.dissonance.mean": [0.23889172077178955], "sfx.inharmonicity.mean": [0.2493470311164856], "lowlevel.spectral_contrast.mean": [[0.7358994483947754, 1.1983754634857178, 1.1001112461090088, 1.1258879899978638, 0.9160788059234619, 0.601783037185669]], "lowlevel.spectral_centroid.mean": [0.3775803744792938], "lowlevel.mfcc.mean": [[0.5414482355117798, 0.4452150762081146, 0.14214441180229187, 0.47715383768081665, 0.3888804614543915, 0.27842697501182556, 0.3578740358352661, 0.41041919589042664, 0.29848939180374146, 0.3844347894191742, 0.37307804822921753, 0.27677440643310547, 0.7313972115516663]], "sfx.logattacktime.mean": [0.5651082992553711], "lowlevel.hfc.mean": [0.4806848168373108]}