{
"metadata": {
    "version": {
        "essentia": "2.1-dev"
    }
},
"lowLevel": {
    "barkbands_kurtosis": {
        "mean": -0.59265935421,
        "var": 1.00384688377
    },
    "dissonance": {
        "mean": 0.38835772872,
        "var": 0.00137567776255
    },
    "hfc": {
        "mean": 58.2315673828,
        "var": 777.860168457
    },
    "spectral_centroid": {
        "mean": 1050.16564941,
        "var": 21241.7070312
    },
    "spectral_complexity": {
        "mean": 12.3827161789,
        "var": 2.70538020134
    },
    "spectral_crest": {
        "mean": 9.67051124573,
        "var": 5.47391033173
    },
    "spectral_energyband_high": {
        "mean": 0.000146761565702,
        "var": 6.0108060751e-09
    },
    "spectral_energyband_low": {
        "mean": 2.22189028136e-05,
        "var": 4.91943319414e-10
    },
    "spectral_kurtosis": {
        "mean": 15.0213575363,
        "var": 77.1027908325
    },
    "spectral_rolloff": {
        "mean": 1889.60546875,
        "var": 112010.273438
    },
    "spectral_strongpeak": {
        "mean": 2.13414311409,
        "var": 1.82409644127
    },
    "mfcc": {
        "mean": [-675.135620117, 100.847473145, -117.128433228, 3.32881069183, -18.5748996735, -25.5560913086, -16.0184192657, -6.15495681763, -18.668088913, -11.705124855, -16.8677425385, -26.1871681213, -0.129193902016],
        "var": [1695.06738281, 219.691238403, 133.463775635, 66.0701293945, 34.2546806335, 37.1736183167, 17.5146636963, 21.3387203217, 33.9846115112, 31.7446689606, 45.7071800232, 40.0089988708, 37.28540802]
    },
    "sccoeffs": {
        "mean": [-0.572981119156, -0.299099743366, -0.361400872469, -0.457173198462, -0.551399946213, -0.69232237339],
        "var": [0.00138163240626, 0.00130868738052, 0.00194831704721, 0.00111410126556, 0.00174906314351, 0.00125086156186]
    }
},
"sfx": {
    "inharmonicity": {
        "mean": 0.00571889290586,
        "var": 8.21248704597e-06
    }
}
}