{"lowlevel.dissonance.mean": [0.47014331817626953], "sfx.inharmonicity.mean": [0.393297404050827], "lowlevel.spectral_contrast.mean": [[0.3414483070373535, 0.7814241647720337, 0.6577569246292114, 0.7746126651763916, 0.6076481342315674, 0.4018998146057129]], "lowlevel.spectral_centroid.mean": [0.37998706102371216], "lowlevel.mfcc.mean": [[0.32475578784942627, 0.23298358917236328, 0.11518430709838867, 0.26315462589263916, 0.2544437348842621, 0.3258798122406006, 0.3545435070991516, 0.4218740463256836, 0.7600152492523193, 0.8929058909416199, 1.0122623443603516, 1.0818164348602295, 1.074081540107727]], "sfx.logattacktime.mean": [0.6795945763587952], "lowlevel.hfc.mean": [0.46798834204673767]}