{
"metadata": {
    "version": {
        "essentia": "2.1-dev"
    }
},
"lowLevel": {
    "barkbands_kurtosis": {
        "mean": 0.417094320059,
        "var": 0.56053262949
    },
    "dissonance": {
        "mean": 0.345140337944,
        "var": 0.00588802201673
    },
    "hfc": {
        "mean": 18.6902256012,
        "var": 8.89955806732
    },
    "spectral_centroid": {
        "mean": 1142.7286377,
        "var": 18279.9746094
    },
    "spectral_complexity": {
        "mean": 4.48387098312,
        "var": 0.507804334164
    },
    "spectral_crest": {
        "mean": 15.9299182892,
        "var": 4.25262403488
    },
    "spectral_energyband_high": {
        "mean": 3.69228109776e-05,
        "var": 1.63627472682e-10
    },
    "spectral_energyband_low": {
        "mean": 1.38588688969e-07,
        "var": 8.60904975238e-15
    },
    "spectral_kurtosis": {
        "mean": 11.3347558975,
        "var": 3.93095135689
    },
    "spectral_rolloff": {
        "mean": 1448.28161621,
        "var": 85375.7421875
    },
    "spectral_strongpeak": {
        "mean": 4.62928819656,
        "var": 1.16916227341
    },
    "mfcc": {
        "mean": [-825.70703125, 37.9538116455, -120.509780884, -39.7856903076, -50.5759620667, -23.8660297394, -14.5807828903, -10.5549287796, 15.3669548035, 25.684797287, 31.845741272, 38.9759178162, 46.0635528564],
        "var": [152.003997803, 99.499130249, 133.453536987, 54.9757080078, 55.9935302734, 28.8646583557, 33.9416885376, 27.4967823029, 30.9018802643, 37.5411567688, 113.225761414, 27.4883594513, 62.6656951904]
    },
    "sccoeffs": {
        "mean": [-0.813743174076, -0.362199664116, -0.512359857559, -0.479705929756, -0.67662769556, -0.765003859997],
        "var": [0.00172689626925, 0.00180657568853, 0.000983464880846, 0.000467372621642, 0.00226867734455, 0.000713767833076]
    }
},
"sfx": {
    "inharmonicity": {
        "mean": 0.0011886699358,
        "var": 6.97754558132e-07
    }
}
}