{"lowlevel.dissonance.mean": [0.27462267875671387], "sfx.inharmonicity.mean": [0.4183155596256256], "lowlevel.spectral_contrast.mean": [[0.7004736661911011, 0.8125370740890503, 0.8863829374313354, 0.681702733039856, 0.48653507232666016, 0.2381587028503418]], "lowlevel.spectral_centroid.mean": [0.34312930703163147], "lowlevel.mfcc.mean": [[0.3296012878417969, 0.7436378002166748, 0.6356796026229858, 0.06445181369781494, 0.1861601173877716, 0.3708883225917816, 0.5155864357948303, 0.604569137096405, 0.7340258955955505, 0.6368969678878784, 0.40156444907188416, 0.16761204600334167, 0.2161211371421814]], "sfx.logattacktime.mean": [0.2641177475452423], "lowlevel.hfc.mean": [0.4653223156929016]}