{
"metadata": {
    "version": {
        "essentia": "2.1-dev"
    }
},
"lowLevel": {
    "average_loudness": 0.99068403244,
    "barkbands_kurtosis": {
        "mean": 0.195120200515,
        "var": 6.46814107895
    },
    "barkbands_skewness": {
        "mean": -0.0955068394542,
        "var": 0.951475024223
    },
    "barkbands_spread": {
        "mean": 10.0549354553,
        "var": 14.5348796844
    },
    "dissonance": {
        "mean": 0.361596286297,
        "var": 0.00386363081634
    },
    "hfc": {
        "mean": 0.521215260029,
        "var": 1.20489549637
    },
    "pitch": {
        "mean": 296.660614014,
        "var": 57660.5703125
    },
    "pitch_instantaneous_confidence": {
        "mean": 0.567532539368,
        "var": 0.0077680000104
    },
    "pitch_salience": {
        "mean": 0.437806338072,
        "var": 0.00677156914026
    },
    "silence_rate_20dB": {
        "mean": 1,
        "var": 0
    },
    "silence_rate_30dB": {
        "mean": 1,
        "var": 0
    },
    "silence_rate_60dB": {
        "mean": 0.921568632126,
        "var": 0.0722798556089
    },
    "spectral_centroid": {
        "mean": 440.629455566,
        "var": 23853.734375
    },
    "spectral_complexity": {
        "mean": 1.76470589638,
        "var": 4.53286886215
    },
    "spectral_crest": {
        "mean": 12.5459547043,
        "var": 15.0658760071
    },
    "spectral_decrease": {
        "mean": -2.32066588168e-10,
        "var": 2.00846936127e-19
    },
    "spectral_energy": {
        "mean": 0.000923147599678,
        "var": 3.20691515299e-06
    },
    "spectral_energyband_high": {
        "mean": 6.63115606869e-09,
        "var": 2.35411420107e-16
    },
    "spectral_energyband_low": {
        "mean": 3.1386342016e-05,
        "var": 1.42197620345e-09
    },
    "spectral_energyband_middle_high": {
        "mean": 8.469507884e-05,
        "var": 1.99978043014e-08
    },
    "spectral_energyband_middle_low": {
        "mean": 0.000768270809203,
        "var": 2.58230556938e-06
    },
    "spectral_flatness_db": {
        "mean": 0.354827553034,
        "var": 0.00211886921898
    },
    "spectral_flux": {
        "mean": 0.011132683605,
        "var": 0.000110634282464
    },
    "spectral_kurtosis": {
        "mean": 111.395202637,
        "var": 2637.38183594
    },
    "spectral_rms": {
        "mean": 0.000692463363521,
        "var": 4.21126173933e-07
    },
    "spectral_rolloff": {
        "mean": 712.284606934,
        "var": 28163.359375
    },
    "spectral_skewness": {
        "mean": 8.93692398071,
        "var": 3.45199131966
    },
    "spectral_spread": {
        "mean": 2587731.75,
        "var": 8.61114256589e+12
    },
    "spectral_strongpeak": {
        "mean": 0.284685432911,
        "var": 0.274362593889
    },
    "zerocrossingrate": {
        "mean": 0.0247970279306,
        "var": 3.36526754836e-05
    },
    "barkbands": {
        "mean": [8.90821465873e-05, 2.85409146272e-06, 1.36159670205e-08, 6.69345536153e-06, 0.000172300817212, 1.47593063957e-05, 5.68795394429e-06, 3.94710987166e-05, 0.000467318197479, 8.44974420033e-05, 3.25774562953e-05, 2.84564123376e-07, 2.76782839137e-06, 2.47490220318e-06, 1.45473325119e-06, 6.43345856588e-07, 1.75110400846e-07, 2.04183283614e-08, 6.32067767015e-08, 4.38596625685e-09, 2.17040496686e-09, 7.44753980708e-10, 5.52499490603e-10, 5.09309594499e-10, 4.52937881645e-10, 4.37870212311e-10, 2.73262745765e-10],
        "var": [1.50708494573e-08, 6.51775812141e-12, 9.52447997485e-16, 8.20572637616e-11, 1.08129391663e-07, 2.16005699438e-10, 3.61983810981e-11, 3.66703045707e-09, 1.1949458667e-06, 3.75718514078e-08, 1.75164849292e-09, 4.3706013743e-13, 1.26848401574e-11, 3.25941808266e-11, 4.31068028495e-12, 1.10488788257e-12, 1.38729725949e-13, 1.52186134347e-15, 4.17310873086e-14, 1.77511477146e-16, 2.87957353836e-17, 3.92886389135e-18, 2.36667788344e-18, 2.34949527416e-18, 1.8806350341e-18, 2.14873254244e-18, 6.15383911841e-19]
    },
    "mfcc": {
        "mean": [-971.436950684, 161.891586304, 28.5611171722, -34.7941551208, -25.4226284027, -6.67086076736, 0.897281169891, 6.98792123795, 11.1165781021, 6.84399652481, -4.40734910965, -12.3726520538, -10.7193078995],
        "var": [2438.90234375, 1173.49621582, 216.251266479, 197.657470703, 40.7813301086, 65.0843734741, 144.103012085, 35.3011894226, 54.5997009277, 27.1240596771, 75.1070022583, 164.822631836, 75.7355270386]
    },
    "sccoeffs": {
        "mean": [-0.545741379261, -0.600316882133, -0.630874693394, -0.734813332558, -0.824110507965, -0.89066940546],
        "var": [0.0086056869477, 0.0045423922129, 0.00288213579915, 0.00140209763777, 0.00318074249662, 0.000284882407868]
    },
    "scvalleys": {
        "mean": [-9.46809387207, -9.37753582001, -9.32695960999, -10.8301620483, -12.8299531937, -14.3494443893],
        "var": [0.197461336851, 1.28169679642, 1.36452174187, 0.921932816505, 0.532259702682, 0.327640503645]
    }
},
"rhythm": {
    "beats_loudness": {
        "mean": 0.000262420828221,
        "var": 2.09460182532e-08
    },
    "bpm": 161.499023438,
    "confidence": 0,
    "first_peak_bpm": {
        "mean": 161,
        "var": 0
    },
    "first_peak_spread": {
        "mean": 0,
        "var": 0
    },
    "first_peak_weight": {
        "mean": 1,
        "var": 0
    },
    "onset_rate": 1.72265625,
    "second_peak_bpm": {
        "mean": 0,
        "var": 0
    },
    "second_peak_spread": {
        "mean": 0,
        "var": 0
    },
    "second_peak_weight": {
        "mean": 0,
        "var": 0
    },
    "beats_loudness_band_ratio": {
        "mean": [0.43233820796, 0.17191888392, 0.455343902111, 0.0710799843073, 0.00420520082116, 2.34502822423e-05],
        "var": [0.0401101112366, 0.00661271438003, 0.026659252122, 0.000405903090723, 1.28002247948e-05, 2.57359021247e-12]
    },
    "beats_position": [0.371519267559, 0.743038535118],
    "bpm_estimates": [161.499023438],
    "bpm_intervals": [0.371519267559],
    "onset_times": [0.0116099771112, 1.14938771725],
    "histogram": [[0, 0, 0, 0, 0, 0, 0, 0, 0, 0, 0, 0, 0, 0, 0, 0, 0, 0, 0, 0, 0, 0, 0, 0, 0, 0, 0, 0, 0, 0, 0, 0, 0, 0, 0, 0, 0, 0, 0, 0, 0, 0, 0, 0, 0, 0, 0, 0, 0, 0, 0, 0, 0, 0, 0, 0, 0, 0, 0, 0, 0, 0, 0, 0, 0, 0, 0, 0, 0, 0, 0, 0, 0, 0, 0, 0, 0, 0, 0, 0, 0, 0, 0, 0, 0, 0, 0, 0, 0, 0, 0, 0, 0, 0, 0, 0, 0, 0, 0, 0, 0, 0, 0, 0, 0, 0, 0, 0, 0, 0, 0, 0, 0, 0, 0, 0, 0, 0, 0, 0, 0, 0, 0, 0, 0, 0, 0, 0, 0, 0, 0, 0, 0, 0, 0, 0, 0, 0, 0, 0, 0, 0, 0, 0, 0, 0, 0, 0, 0, 0, 0, 0, 0, 0, 0, 0, 0, 0, 0, 0, 0, 1, 0, 0, 0, 0, 0, 0, 0, 0, 0, 0, 0, 0, 0, 0, 0, 0, 0, 0, 0, 0, 0, 0, 0, 0, 0, 0, 0, 0, 0, 0, 0, 0, 0, 0, 0, 0, 0, 0, 0, 0, 0, 0, 0, 0, 0, 0, 0, 0, 0, 0, 0, 0, 0, 0, 0, 0, 0, 0, 0, 0, 0, 0, 0, 0, 0, 0, 0, 0, 0, 0, 0, 0, 0, 0, 0, 0, 0, 0, 0, 0, 0, 0, 0, 0, 0, 0, 0, 0]]
},
"sfx": {
    "inharmonicity": {
        "mean": 0.0821936801076,
        "var": 0.0065347822383
    },
    "oddtoevenharmonicenergyratio": {
        "mean": 0.645380079746,
        "var": 0.76082444191
    },
    "pitch_after_max_to_before_max_energy_ratio": 11.3603143692,
    "pitch_centroid": 18.6411113739,
    "pitch_max_to_total": 0.0196078438312,
    "pitch_min_to_total": 0.196078434587,
    "tristimulus": {
        "mean": [0.296227306128, 0.365604668856, 0.338168025017],
        "var": [0.115162372589, 0.0532622896135, 0.0985390618443]
    }
},
"tonal": {
    "chords_changes_rate": 0.0384615398943,
    "chords_number_rate": 0.0769230797887,
    "chords_strength": {
        "mean": 0.405739605427,
        "var": 0.000246248469921
    },
    "key_strength": 0.45428943634,
    "tuning_diatonic_strength": 0.394966781139,
    "tuning_equal_tempered_deviation": 0.268496870995,
    "tuning_frequency": 444.341888428,
    "tuning_nontempered_energy_ratio": 0.951497256756,