{
"metadata": {
    "version": {
        "essentia": "2.1-dev"
    }
},
"lowLevel": {
    "barkbands_kurtosis": {
        "mean": 12.2103338242,
        "var": 2.2896156311
    },
    "dissonance": {
        "mean": 0.469032645226,
        "var": 0.000260573520791
    },
    "hfc": {
        "mean": 20.5345401764,
        "var": 17.1275024414
    },
    "spectral_centroid": {
        "mean": 460.232940674,
        "var": 14.6232910156
    },
    "spectral_complexity": {
        "mean": 9.60810852051,
        "var": 0.616691172123
    },
    "spectral_crest": {
        "mean": 16.6611061096,
        "var": 0.872420966625
    },
    "spectral_energyband_high": {
        "mean": 2.28609977171e-07,
        "var": 6.27597669675e-15
    },
    "spectral_energyband_low": {
        "mean": 0.000498949491885,
        "var": 7.47101847054e-09
    },
    "spectral_kurtosis": {
        "mean": 190.177978516,
        "var": 1106.22387695
    },
    "spectral_rolloff": {
        "mean": 516.796875,
        "var": 0
    },
    "spectral_strongpeak": {
        "mean": 2.74924492836,
        "var": 0.165689274669
    },
    "mfcc": {
        "mean": [-859.026672363, 264.710784912, 57.9751625061, -22.236371994, -20.8480834961, -19.665435791, -34.9653358459, -37.2919311523, -9.07110691071, 13.214925766, 17.6769123077, 12.7477083206, -0.425002634525],
        "var": [328.734832764, 63.8432540894, 180.510482788, 70.7757110596, 44.6724090576, 40.025932312, 14.4831857681, 21.6769485474, 13.7051239014, 24.50872612, 20.559589386, 21.560585022, 15.1063327789]
    },
    "sccoeffs": {
        "mean": [-0.652390480042, -0.494380325079, -0.662926495075, -0.760018348694, -0.856516480446, -0.878911614418],
        "var": [0.000589126895647, 0.000410888751503, 0.00205444684252, 0.00124690064695, 0.00019586882263, 0.000158233393449]
    }
},
"sfx": {
    "inharmonicity": {
        "mean": 4.2626827053e-05,
        "var": 6.77694678153e-10
    }
}
}