{
"metadata": {
    "version": {
        "essentia": "2.1-dev"
    }
},
"lowLevel": {
    "barkbands_kurtosis": {
        "mean": 1.94064617157,
        "var": 1.21581315994
    },
    "dissonance": {
        "mean": 0.490033596754,
        "var": 6.38313722447e-05
    },
    "hfc": {
        "mean": 87.8731002808,
        "var": 6099.89111328
    },
    "spectral_centroid": {
        "mean": 3854.02563477,
        "var": 574220.5625
    },
    "spectral_complexity": {
        "mean": 35.7916679382,
        "var": 31.5816020966
    },
    "spectral_crest": {
        "mean": 5.39898061752,
        "var": 1.51048851013
    },
    "spectral_energyband_high": {
        "mean": 0.00909926183522,
        "var": 9.02652172954e-05
    },
    "spectral_energyband_low": {
        "mean": 6.00392413617e-05,
        "var": 1.2600774868e-09
    },
    "spectral_kurtosis": {
        "mean": 0.489332795143,
        "var": 0.381789058447
    },
    "spectral_rolloff": {
        "mean": 5963.79931641,
        "var": 1394069
    },
    "spectral_strongpeak": {
        "mean": 3.33829021454,
        "var": 4.83706331253
    },
    "mfcc": {
        "mean": [-599.698791504, -15.9095458984, -46.5766448975, 8.91846466064, -13.4476194382, 6.80206298828, -2.2133243084, -7.65721273422, -20.6194324493, 3.04468607903, 0.272299855947, -9.33007717133, -15.3875312805],
        "var": [1018.88580322, 71.645866394, 444.031585693, 42.3637809753, 44.3128852844, 53.5082740784, 82.5357284546, 56.5080299377, 59.2234954834, 81.1351547241, 55.1602287292, 53.8716697693, 43.494304657]
    },
    "sccoeffs": {
        "mean": [-0.586979568005, -0.754464924335, -0.740015685558, -0.733315050602, -0.732841670513, -0.723164379597],
        "var": [0.00118602102157, 0.00705561414361, 0.00249871821143, 0.000897933670785, 0.000367723056115, 0.000662159873173]
    }
},
"sfx": {
    "inharmonicity": {
        "mean": 0.0952333286405,
        "var": 0.0131346993148
    }
}
}