{"lowlevel.dissonance.mean": [0.411770224571228], "sfx.inharmonicity.mean": [0.4693259298801422], "lowlevel.spectral_contrast.mean": [[0.7713562846183777, 1.054452896118164, 1.2184656858444214, 1.1082899570465088, 0.9179198741912842, 0.5512542724609375]], "lowlevel.spectral_centroid.mean": [0.43086692690849304], "lowlevel.mfcc.mean": [[0.5218843221664429, 0.5466741323471069, -0.3133147656917572, -0.04293680191040039, 0.17651709914207458, 0.13602587580680847, 0.26645782589912415, 0.002533167600631714, 0.119325190782547, 0.08659288287162781, 0.20484167337417603, 0.09723338484764099, 0.13858792185783386]], "sfx.logattacktime.mean": [0.5453484058380127], "lowlevel.hfc.mean": [0.47572362422943115]}