{"lowlevel.dissonance.mean": [0.6032698154449463], "sfx.inharmonicity.mean": [0.9574027061462402], "lowlevel.spectral_contrast.mean": [[0.9059273600578308, 0.6467248201370239, 0.6134041547775269, 0.7153398990631104, 0.8420329093933105, 0.7624528408050537]], "lowlevel.spectral_centroid.mean": [0.40808337926864624], "lowlevel.mfcc.mean": [[0.601252555847168, 0.6042872667312622, 0.1827123761177063, 0.6547248363494873, 0.6906427145004272, 0.4132929742336273, 0.0031081438064575195, 0.052402615547180176, 0.05778047442436218, 0.321886271238327, 0.6559511423110962, 0.8629122972488403, 0.5778911709785461]], "sfx.logattacktime.mean": [0.4285231828689575], "lowlevel.hfc.mean": [0.47649529576301575]}