{
"metadata": {
    "version": {
        "essentia": "2.1-dev"
    }
},
"lowLevel": {
    "barkbands_kurtosis": {
        "mean": -0.715930998325,
        "var": 3.22639751434
    },
    "dissonance": {
        "mean": 0.482385963202,
        "var": 0.000297611637507
    },
    "hfc": {
        "mean": 94.3957672119,
        "var": 4453.82714844
    },
    "spectral_centroid": {
        "mean": 1938.90136719,
        "var": 216002.78125
    },
    "spectral_complexity": {
        "mean": 36.1791038513,
        "var": 56.9828453064
    },
    "spectral_crest": {
        "mean": 7.08704710007,
        "var": 11.2743911743
    },
    "spectral_energyband_high": {
        "mean": 0.00351090705954,
        "var": 9.14643806027e-06
    },
    "spectral_energyband_low": {
        "mean": 7.16693029972e-05,
        "var": 1.39749189998e-09
    },
    "spectral_kurtosis": {
        "mean": 2.67653107643,
        "var": 4.40919208527
    },
    "spectral_rolloff": {
        "mean": 3193.34106445,
        "var": 381642.59375
    },
    "spectral_strongpeak": {
        "mean": 1.58875143528,
        "var": 8.10333061218
    },
    "mfcc": {
        "mean": [-595.717590332, 64.5290527344, -81.5470962524, 51.8321456909, -9.60852718353, 1.52564954758, -37.5800361633, -12.7853326797, -34.1179962158, -5.14342880249, -1.344227314, 5.56296014786, -11.9150085449],
        "var": [2078.40966797, 713.051879883, 184.304550171, 244.464477539, 29.5871372223, 51.4044418335, 30.2164459229, 36.3135986328, 21.5539989471, 40.2112350464, 46.8976249695, 58.3528594971, 32.1453552246]
    },
    "sccoeffs": {
        "mean": [-0.352043449879, -0.647366523743, -0.728830099106, -0.64855325222, -0.668682873249, -0.631540834904],
        "var": [0.00288040400483, 0.00223523983732, 0.00154117948841, 0.00122451491188, 0.00113684567623, 0.00150439504068]
    }
},
"sfx": {
    "inharmonicity": {
        "mean": 0.114643990993,
        "var": 0.00880783516914
    }
}
}