{
"metadata": {
    "version": {
        "essentia": "2.1-dev"
    }
},
"lowLevel": {
    "average_loudness": 0.0503277778625,
    "barkbands_kurtosis": {
        "mean": 1.10133993626,
        "var": 73.0978927612
    },
    "barkbands_skewness": {
        "mean": 0.67901879549,
        "var": 1.18562042713
    },
    "barkbands_spread": {
        "mean": 21.932472229,
        "var": 103.237014771
    },
    "dissonance": {
        "mean": 0.454402655363,
        "var": 0.00114458077587
    },
    "hfc": {
        "mean": 23.9536190033,
        "var": 2644.60546875
    },
    "pitch": {
        "mean": 355.485931396,
        "var": 400564.75
    },
    "pitch_instantaneous_confidence": {
        "mean": 0.494991183281,
        "var": 0.0138849876821
    },
    "pitch_salience": {
        "mean": 0.530671179295,
        "var": 0.00447341054678
    },
    "silence_rate_20dB": {
        "mean": 1,
        "var": 0
    },
    "silence_rate_30dB": {
        "mean": 0.992831528187,
        "var": 0.00711706466973
    },
    "silence_rate_60dB": {
        "mean": 0.637992858887,
        "var": 0.230958774686
    },
    "spectral_centroid": {
        "mean": 968.511108398,
        "var": 485638.4375
    },
    "spectral_complexity": {
        "mean": 12.3261651993,
        "var": 216.247756958
    },
    "spectral_crest": {
        "mean": 8.94353103638,
        "var": 14.6718454361
    },
    "spectral_decrease": {
        "mean": -2.77366574153e-09,
        "var": 2.87150389517e-17
    },
    "spectral_energy": {
        "mean": 0.0126411085948,
        "var": 0.000606713816524
    },
    "spectral_energyband_high": {
        "mean": 0.000858693034388,
        "var": 4.42202372142e-06
    },
    "spectral_energyband_low": {
        "mean": 5.54458529223e-05,
        "var": 1.26782007115e-09
    },
    "spectral_energyband_middle_high": {
        "mean": 0.00732453167439,
        "var": 0.000234172097407
    },
    "spectral_energyband_middle_low": {
        "mean": 0.00443305959925,
        "var": 9.04820117285e-05
    },
    "spectral_flatness_db": {
        "mean": 0.24507945776,
        "var": 0.00289602694102
    },
    "spectral_flux": {
        "mean": 0.035222902894,
        "var": 0.0019009092357
    },
    "spectral_kurtosis": {
        "mean": 32.3772735596,
        "var": 768.56463623
    },
    "spectral_rms": {
        "mean": 0.00232137693092,
        "var": 6.94401114743e-06
    },
    "spectral_rolloff": {
        "mean": 1748.82226562,
        "var": 1339907.75
    },
    "spectral_skewness": {
        "mean": 3.53303456306,
        "var": 5.45993328094
    },
    "spectral_spread": {
        "mean": 2745556,
        "var": 2.80934691635e+12
    },
    "spectral_strongpeak": {
        "mean": 0.548829257488,
        "var": 2.33441233635
    },
    "zerocrossingrate": {
        "mean": 0.0572794154286,
        "var": 0.00127467489801
    },
    "barkbands": {
        "mean": [9.1064874141e-05, 2.80908716377e-06, 2.49589987789e-07, 0.000558866420761, 0.00285492604598, 0.000250718323514, 0.000143648168887, 0.000563368666917, 5.31263904122e-05, 2.14132705878e-05, 6.5722160798e-06, 0.000332405703375, 0.000380916055292, 0.000558061641641, 0.000428856699727, 0.00101806211751, 0.00100923725404, 0.00204798625782, 0.00115501438268, 0.000532013888005, 0.000284178298898, 0.000243886097451, 8.71560405358e-05, 1.58814382303e-05, 6.77719697251e-07, 2.76655924836e-08, 4.44176501135e-10],
        "var": [8.60669491232e-09, 6.05913756668e-12, 2.70376765681e-13, 5.26554401858e-07, 5.92274554947e-05, 3.90203894085e-07, 1.33440892114e-07, 1.0079089634e-06, 1.72475989046e-08, 3.2964850849e-09, 3.58040708193e-10, 5.67868767121e-07, 6.3110036308e-07, 2.2448132313e-06, 1.13657540624e-06, 3.70933889826e-06, 4.91421315019e-06, 3.41550839948e-05, 6.57876262267e-06, 1.62750416166e-06, 5.50337574623e-07, 4.27196482633e-07, 5.95301052897e-08, 2.19001639046e-09, 3.68384749788e-12, 1.03284453201e-14, 1.1400851505e-18]
    },
    "mfcc": {
        "mean": [-810.073364258, 125.02192688, -48.8831520081, 29.260723114, 18.5842266083, -2.47871875763, -29.5874671936, -22.3780918121, -21.6281604767, -6.67755651474, 6.41468954086, 15.0320482254, 3.13403773308],
        "var": [21520.1679688, 1624.88366699, 1627.51586914, 647.618347168, 492.016693115, 152.667221069, 76.5892410278, 82.2417526245, 116.158874512, 33.5990791321, 54.797908783, 86.5136795044, 107.043029785]
    },
    "sccoeffs": {
        "mean": [-0.452735692263, -0.681679069996, -0.746469020844, -0.725326776505, -0.711693048477, -0.737727880478],
        "var": [0.00631079031155, 0.00414063362405, 0.00174864567816, 0.00327723426744, 0.00132559158374, 0.0136540504172]
    },
    "scvalleys": {
        "mean": [-8.90936088562, -7.30761528015, -8.87067985535, -7.90220212936, -9.15157318115, -12.6788330078],
        "var": [0.600108981133, 0.874574005604, 1.81872081757, 1.78146719933, 5.59011983871, 4.95090103149]
    }
},
"rhythm": {
    "beats_loudness": {
        "mean": 0.00965970754623,
        "var": 0.000380751473131
    },
    "bpm": 117.474082947,
    "confidence": 3.76601481438,
    "first_peak_bpm": {
        "mean": 117,
        "var": 0
    },
    "first_peak_spread": {
        "mean": 0.33333337307,
        "var": 0
    },
    "first_peak_weight": {
        "mean": 0.40000000596,
        "var": 0
    },
    "onset_rate": 0.310388535261,
    "second_peak_bpm": {
        "mean": 108,
        "var": 0
    },
    "second_peak_spread": {
        "mean": 0.5,
        "var": 0
    },
    "second_peak_weight": {
        "mean": 0.20000000298,
        "var": 0
    },
    "beats_loudness_band_ratio": {
        "mean": [0.412028670311, 0.120624087751, 0.17952491343, 0.0925729349256, 0.211904615164, 0.0573456026614],
        "var": [0.0359069108963, 0.000775859341957, 0.0154321994632, 0.000732009997591, 0.035564403981, 0.00626733200625]
    },
    "beats_position": [0.545668900013, 1.09133780003, 1.64861679077, 2.20589566231, 2.75156450272, 3.25079369545, 3.76163268089, 4.27247142792, 4.78331041336, 5.30575942993, 5.81659841537],
    "bpm_estimates": [120.185279846, 117.453842163, 117.453895569, 117.453842163, 114.843742371, 117.453842163],
    "bpm_intervals": [0.545668900013, 0.557278990746, 0.557278871536, 0.545668840408, 0.499229192734, 0.510838985443, 0.510838747025, 0.510838985443, 0.522449016571, 0.510838985443],
    "onset_times": [0.0232199542224, 0.139319732785],
    "histogram": [[0, 0, 0, 0, 0, 0, 0, 0, 0, 0, 0, 0, 0, 0, 0, 0, 0, 0, 0, 0, 0, 0, 0, 0, 0, 0, 0, 0, 0, 0, 0, 0, 0, 0, 0, 0, 0, 0, 0, 0, 0, 0, 0, 0, 0, 0, 0, 0, 0, 0, 0, 0, 0, 0, 0, 0, 0, 0, 0, 0, 0, 0, 0, 0, 0, 0, 0, 0, 0, 0, 0, 0, 0, 0, 0, 0, 0, 0, 0, 0, 0, 0, 0, 0, 0, 0, 0, 0, 0, 0, 0, 0, 0, 0, 0, 0, 0, 0, 0, 0, 0, 0, 0, 0, 0, 0, 0, 0, 0.20000000298, 0, 0.20000000298, 0, 0, 0, 0, 0.10000000149, 0, 0.40000000596, 0, 0, 0.10000000149, 0, 0, 0, 0, 0, 0, 0, 0, 0, 0, 0, 0, 0, 0, 0, 0, 0, 0, 0, 0, 0, 0, 0, 0, 0, 0, 0, 0, 0, 0, 0, 0, 0, 0, 0, 0, 0, 0, 0, 0, 0, 0, 0, 0, 0, 0, 0, 0, 0, 0, 0, 0, 0, 0, 0, 0, 0, 0, 0, 0, 0, 0, 0, 0, 0, 0, 0, 0, 0, 0, 0, 0, 0, 0, 0, 0, 0, 0, 0, 0, 0, 0, 0, 0, 0, 0, 0, 0, 0, 0, 0, 0, 0, 0, 0, 0, 0, 0, 0, 0, 0, 0, 0, 0, 0, 0, 0, 0, 0, 0, 0, 0, 0, 0, 0, 0, 0, 0, 0, 0, 0, 0, 0, 0, 0, 0, 0, 0, 0]]
},
"sfx": {
    "inharmonicity": {
        "mean": 0.0735601186752,
        "var": 0.00355538516305
    },
    "oddtoevenharmonicenergyratio": {
        "mean": 0.401486247778,
        "var": 0.960550308228
    },
    "pitch_after_max_to_before_max_energy_ratio": 1.74286735058,
    "pitch_centroid": 95.9827804565,
    "pitch_max_to_total": 0.132616490126,
    "pitch_min_to_total": 0,
    "tristimulus": {
        "mean": [0.327408075333, 0.262081354856, 0.410510510206],
        "var": [0.0368618890643, 0.0201390404254, 0.0474038124084]
    }
},
"tonal": {
    "chords_changes_rate": 0.021428572014,
    "chords_number_rate": 0.0285714287311,
    "chords_strength": {
        "mean": 0.467523515224,
        "var": 0.0130775086582
    },