{"lowlevel.dissonance.mean": [0.24126863479614258], "sfx.inharmonicity.mean": [0.42585548758506775], "lowlevel.spectral_contrast.mean": [[0.31717920303344727, 0.47013044357299805, 0.2668638229370117, 0.2528367042541504, 0.3055264949798584, 0.25554752349853516]], "lowlevel.spectral_centroid.mean": [0.3476034104824066], "lowlevel.mfcc.mean": [[0.21567893028259277, 0.4450032413005829, 0.6535395383834839, 0.552053689956665, 0.670494556427002, 0.6134071946144104, 0.5243264436721802, 0.5021172761917114, 0.5317071080207825, 0.4567248821258545, 0.45377159118652344, 0.49413007497787476, 0.636616587638855]], "sfx.logattacktime.mean": [0.16729575395584106], "lowlevel.hfc.mean": [0.46516701579093933]}