{"lowlevel.dissonance.mean": [0.7282272577285767], "sfx.inharmonicity.mean": [0.6508049964904785], "lowlevel.spectral_contrast.mean": [[0.33309221267700195, 0.2623913288116455, 0.3537254333496094, 1.0575006008148193, 0.6593489646911621, 0.47861504554748535]], "lowlevel.spectral_centroid.mean": [0.4485887289047241], "lowlevel.mfcc.mean": [[0.3198583126068115, 0.0687595009803772, 0.16608768701553345, 0.35042357444763184, 0.5812079906463623, 0.7090618014335632, 0.34389781951904297, 0.35147732496261597, 0.8615498542785645, 0.980487048625946, 0.23993417620658875, 0.3112303614616394, 1.4075218439102173]], "sfx.logattacktime.mean": [0.5442562699317932], "lowlevel.hfc.mean": [0.5516248941421509]}