{
"metadata": {
    "version": {
        "essentia": "2.1-dev"
    }
},
"lowLevel": {
    "average_loudness": 0.574370145798,
    "barkbands_kurtosis": {
        "mean": 96.941947937,
        "var": 42969.7109375
    },
    "barkbands_skewness": {
        "mean": 6.7456741333,
        "var": 40.3147735596
    },
    "barkbands_spread": {
        "mean": 7.86310482025,
        "var": 201.972244263
    },
    "dissonance": {
        "mean": 0.48992729187,
        "var": 0.000538283900823
    },
    "hfc": {
        "mean": 179.422058105,
        "var": 46617.0078125
    },
    "pitch": {
        "mean": 1366.49133301,
        "var": 1586582.875
    },
    "pitch_instantaneous_confidence": {
        "mean": 0.625190556049,
        "var": 0.162373274565
    },
    "pitch_salience": {
        "mean": 0.20943620801,
        "var": 0.0226384308189
    },
    "silence_rate_20dB": {
        "mean": 0.987096786499,
        "var": 0.0127366892993
    },
    "silence_rate_30dB": {
        "mean": 0.600000023842,
        "var": 0.240000963211
    },
    "silence_rate_60dB": {
        "mean": 0.516129016876,
        "var": 0.249739438295
    },
    "spectral_centroid": {
        "mean": 1310.40258789,
        "var": 1025202.5625
    },
    "spectral_complexity": {
        "mean": 1.05806446075,
        "var": 1.20307993889
    },
    "spectral_crest": {
        "mean": 22.1984920502,
        "var": 31.244392395
    },
    "spectral_decrease": {
        "mean": -1.80856698506e-08,
        "var": 4.81293279174e-16
    },
    "spectral_energy": {
        "mean": 0.0845335572958,
        "var": 0.0104819070548
    },
    "spectral_energyband_high": {
        "mean": 0.00303508341312,
        "var": 1.14082758955e-05
    },
    "spectral_energyband_low": {
        "mean": 1.83291916755e-07,
        "var": 3.546795629e-14
    },
    "spectral_energyband_middle_high": {
        "mean": 0.0814979672432,
        "var": 0.00986845977604
    },
    "spectral_energyband_middle_low": {
        "mean": 1.18032880891e-06,
        "var": 7.40854339681e-12
    },
    "spectral_flatness_db": {
        "mean": 0.400118112564,
        "var": 0.0298461169004
    },
    "spectral_flux": {
        "mean": 0.0162024386227,
        "var": 0.000527310126927
    },
    "spectral_kurtosis": {
        "mean": 4.27825021744,
        "var": 15.4523591995
    },
    "spectral_rms": {
        "mean": 0.00616346811876,
        "var": 4.44834258815e-05
    },
    "spectral_rolloff": {
        "mean": 1372.63757324,
        "var": 1675516.125
    },
    "spectral_skewness": {
        "mean": 1.97740364075,
        "var": 0.676260590553
    },
    "spectral_spread": {
        "mean": 18571156,
        "var": 1.80181327151e+14
    },
    "spectral_strongpeak": {
        "mean": 15.4148263931,
        "var": 290.089813232
    },
    "zerocrossingrate": {
        "mean": 0.073040574789,
        "var": 0.00117072928697
    },
    "barkbands": {
        "mean": [2.8559486509e-07, 5.25390788653e-08, 3.42727557445e-09, 3.06761105406e-09, 1.44790188727e-08, 3.27486375795e-08, 7.10930834202e-08, 2.55044255937e-07, 7.32888224775e-07, 2.90293542093e-07, 1.23600830193e-06, 9.66798688751e-06, 4.65546690975e-06, 5.46028604731e-06, 3.33596944984e-05, 0.0814279466867, 5.88126022194e-06, 5.74839214096e-06, 1.57754050178e-06, 0.00270179379731, 2.679571935e-06, 0.000303808483295, 2.10017924474e-06, 8.60762156663e-06, 1.06120078271e-05, 6.61386820866e-06, 2.22415209805e-07],
        "var": [1.43154124622e-13, 4.146501139e-15, 2.84675630561e-17, 2.25323502551e-17, 1.34891892086e-15, 2.02616443148e-15, 9.71684602761e-15, 8.4550877584e-13, 5.0687579134e-12, 1.79797908333e-13, 6.28004159092e-12, 2.41796915823e-10, 3.93289983913e-11, 6.13209344413e-11, 5.39984368331e-09, 0.00985530950129, 5.88915444188e-11, 1.04631116271e-10, 4.11080024187e-12, 9.0122111942e-06, 1.01833558946e-11, 1.42402186043e-07, 6.00081399502e-12, 1.21642973472e-10, 1.46216719288e-10, 6.79667364056e-11, 7.41857747108e-14]
    },
    "mfcc": {
        "mean": [-976.338500977, -23.1045055389, -54.7133522034, -4.00586080551, 9.05526351929, 16.9465579987, -9.99514293671, -6.27050876617, 17.0284233093, 22.1362342834, -11.8149271011, -6.24354362488, 33.9479827881],
        "var": [24248.1289062, 1029.53845215, 3508.08276367, 112.356575012, 42.0180053711, 134.822540283, 242.555007935, 131.641799927, 163.194824219, 305.070770264, 353.285339355, 158.642410278, 931.339904785]
    },
    "sccoeffs": {
        "mean": [-0.762186706066, -0.866080999374, -0.85129648447, -0.612502336502, -0.753497242928, -0.809971392155],
        "var": [0.00612108549103, 0.00293667125516, 0.00486485939473, 0.0818895772099, 0.0259362030774, 0.0112019423395]
    },
    "scvalleys": {
        "mean": [-11.3378477097, -11.318980217, -11.0110721588, -10.7317113876, -11.4809656143, -12.134305954],
        "var": [1.13329207897, 3.46768164635, 6.21818733215, 8.290184021, 6.37306213379, 5.17401885986]
    }
},
"rhythm": {
    "beats_loudness": {
        "mean": 0.0937953293324,
        "var": 0.0106350639835
    },
    "bpm": 71.7852630615,
    "confidence": 3.20751881599,
    "first_peak_bpm": {
        "mean": 72,
        "var": 0
    },
    "first_peak_spread": {
        "mean": 0,
        "var": 0
    },
    "first_peak_weight": {
        "mean": 1,
        "var": 0
    },
    "onset_rate": 0.418588757515,
    "second_peak_bpm": {
        "mean": 0,
        "var": 0
    },
    "second_peak_spread": {
        "mean": 0,
        "var": 0
    },
    "second_peak_weight": {
        "mean": 0,
        "var": 0
    },
    "beats_loudness_band_ratio": {
        "mean": [0.482879042625, 0.0034267900046, 0.00513314967975, 0.00363504048437, 0.483232408762, 0.0225999951363],
        "var": [0.233731240034, 3.99288328481e-05, 8.00383058959e-05, 3.94366725232e-05, 0.227850824594, 0.000305537774693]
    },
    "beats_position": [0.835918366909, 1.67183673382, 2.51936507225, 3.36689329147, 4.19120168686, 5.01551008224, 5.85142850876, 6.68734693527],
    "bpm_estimates": [71.77734375, 70.794090271, 70.7941055298, 72.7882919312, 72.7882919312, 71.7773361206, 71.7773361206],
    "bpm_intervals": [0.835918366909, 0.847528338432, 0.847528219223, 0.824308395386, 0.824308395386, 0.835918426514, 0.835918426514],
    "onset_times": [1.89242625237, 1.98530614376, 3.72680282593],
    "histogram": [[0, 0, 0, 0, 0, 0, 0, 0, 0, 0, 0, 0, 0, 0, 0, 0, 0, 0, 0, 0, 0, 0, 0, 0, 0, 0, 0, 0, 0, 0, 0, 0, 0, 0, 0, 0, 0, 0, 0, 0, 0, 0, 0, 0, 0, 0, 0, 0, 0, 0, 0, 0, 0, 0, 0, 0, 0, 0, 0, 0, 0, 0, 0, 0, 0, 0, 0, 0, 0, 0, 0, 0.285714298487, 0.428571432829, 0.285714298487, 0, 0, 0, 0, 0, 0, 0, 0, 0, 0, 0, 0, 0, 0, 0, 0, 0, 0, 0, 0, 0, 0, 0, 0, 0, 0, 0, 0, 0, 0, 0, 0, 0, 0, 0, 0, 0, 0, 0, 0, 0, 0, 0, 0, 0, 0, 0, 0, 0, 0, 0, 0, 0, 0, 0, 0, 0, 0, 0, 0, 0, 0, 0, 0, 0, 0, 0, 0, 0, 0, 0, 0, 0, 0, 0, 0, 0, 0, 0, 0, 0, 0, 0, 0, 0, 0, 0, 0, 0, 0, 0, 0, 0, 0, 0, 0, 0, 0, 0, 0, 0, 0, 0, 0, 0, 0, 0, 0, 0, 0, 0, 0, 0, 0, 0, 0, 0, 0, 0, 0, 0, 0, 0, 0, 0, 0, 0, 0, 0, 0, 0, 0, 0, 0, 0, 0, 0, 0, 0, 0, 0, 0, 0, 0, 0, 0, 0, 0, 0, 0, 0, 0, 0, 0, 0, 0, 0, 0, 0, 0, 0, 0, 0, 0, 0, 0, 0, 0, 0, 0, 0, 0, 0, 0, 0, 0]]
},
"sfx": {
    "inharmonicity": {
        "mean": 0.040165733546,
        "var": 0.0061782123521
    },
    "oddtoevenharmonicenergyratio": {
        "mean": inf,
        "var": inf
    },
    "pitch_after_max_to_before_max_energy_ratio": 0.158187508583,
    "pitch_centroid": 151.047515869,
    "pitch_max_to_total": 0.964516103268,
    "pitch_min_to_total": 0.806451618671,
    "tristimulus": {
        "mean": [0.546971917152, 0.227424025536, 0.222378149629],
        "var": [0.145814925432, 0.039972230792, 0.106310777366]
    }
},
"tonal": {
    "chords_changes_rate": 0.0705128237605,
    "chords_number_rate": 0.0192307699472,
    "chords_strength": {
        "mean": 0.514635145664,
        "var": 0.00375960813835
    },
    "key_strength": 0.698645055294,
    "tuning_diatonic_strength": 0.492903828621,