{
"metadata": {
    "version": {
        "essentia": "2.1-dev"
    }
},
"lowLevel": {
    "barkbands_kurtosis": {
        "mean": 29.8652667999,
        "var": 221.346588135
    },
    "dissonance": {
        "mean": 0.497661620378,
        "var": 0.000272929348284
    },
    "hfc": {
        "mean": 373.18359375,
        "var": 24699.1503906
    },
    "spectral_centroid": {
        "mean": 2132.44116211,
        "var": 1251.14904785
    },
    "spectral_complexity": {
        "mean": 2.13422822952,
        "var": 0.129633635283
    },
    "spectral_crest": {
        "mean": 25.8872318268,
        "var": 0.16977225244
    },
    "spectral_energyband_high": {
        "mean": 0.00631246389821,
        "var": 3.05328353534e-06
    },
    "spectral_energyband_low": {
        "mean": 2.34944749877e-07,
        "var": 4.13218348698e-14
    },
    "spectral_kurtosis": {
        "mean": 7.10313129425,
        "var": 4.39661836624
    },
    "spectral_rolloff": {
        "mean": 2051.14746094,
        "var": 88.0949859619
    },
    "spectral_strongpeak": {
        "mean": 31.9723968506,
        "var": 75.3696212769
    },
    "mfcc": {
        "mean": [-817.856933594, -55.5323371887, -114.71975708, -11.6193656921, 11.7678022385, 27.4517250061, -25.0885009766, -16.7803535461, 28.7247962952, 38.2716903687, -30.3585166931, -18.1228199005, 64.3406143188],
        "var": [106.08870697, 61.9543190002, 81.5425262451, 44.2594108582, 53.0785942078, 44.5573425293, 37.037322998, 29.9021072388, 34.9351844788, 65.507774353, 41.0313301086, 47.7007637024, 86.8750534058]
    },
    "sccoeffs": {
        "mean": [-0.804882049561, -0.840202152729, -0.794420778751, -0.323255032301, -0.589797019958, -0.704266369343],
        "var": [0.00283634872176, 0.00136806676164, 0.0012818131363, 0.00208321376704, 0.0013182440307, 0.00109143101145]
    }
},
"sfx": {
    "inharmonicity": {
        "mean": 0.000386674830224,
        "var": 9.12970790523e-06
    }
}
}