{
"metadata": {
    "version": {
        "essentia": "2.1-dev"
    }
},
"lowLevel": {
    "barkbands_kurtosis": {
        "mean": -0.699279606342,
        "var": 0.230436787009
    },
    "dissonance": {
        "mean": 0.473874807358,
        "var": 0.000243149217567
    },
    "hfc": {
        "mean": 188.917007446,
        "var": 1741.91638184
    },
    "spectral_centroid": {
        "mean": 3368.5925293,
        "var": 353244.5
    },
    "spectral_complexity": {
        "mean": 46,
        "var": 50.6666679382
    },
    "spectral_crest": {
        "mean": 4.59271907806,
        "var": 0.754302978516
    },
    "spectral_energyband_high": {
        "mean": 0.0221701413393,
        "var": 7.28328959667e-05
    },
    "spectral_energyband_low": {
        "mean": 0.000564060814213,
        "var": 2.54783344644e-07
    },
    "spectral_kurtosis": {
        "mean": -0.390465646982,
        "var": 0.304773598909
    },
    "spectral_rolloff": {
        "mean": 5727.83203125,
        "var": 1458733.625
    },
    "spectral_strongpeak": {
        "mean": 1.95391023159,
        "var": 2.1178188324
    },
    "mfcc": {
        "mean": [-507.398590088, 23.1974697113, -24.5256652832, -1.87543487549, -27.9133090973, -14.3722305298, 1.10127544403, -5.79930448532, -7.44568109512, -9.5526342392, -17.0989933014, -2.07025790215, -3.92380833626],
        "var": [409.926177979, 407.496002197, 1.10720098019, 52.1759796143, 20.07305336, 21.3287734985, 100.226501465, 11.7450685501, 83.7275085449, 45.4702033997, 3.0925321579, 9.65442752838, 1.1367982626]
    },
    "sccoeffs": {
        "mean": [-0.594524919987, -0.804528713226, -0.754891693592, -0.7661216259, -0.744558274746, -0.78502291441],
        "var": [0.00143212720286, 0.000837496190798, 0.000811591220554, 0.00101821694989, 0.00122384575661, 2.2441645342e-05]
    }
},
"sfx": {
    "inharmonicity": {
        "mean": 0.102387338877,
        "var": 0.01143032033
    }
}
}