{
"metadata": {
    "version": {
        "essentia": "2.1-dev"
    }
},
"lowLevel": {
    "average_loudness": 0.99068403244,
    "barkbands_kurtosis": {
        "mean": 155.086196899,
        "var": 61791.8046875
    },
    "barkbands_skewness": {
        "mean": 6.93463802338,
        "var": 61.167224884
    },
    "barkbands_spread": {
        "mean": 13.6729059219,
        "var": 266.35836792
    },
    "dissonance": {
        "mean": 0.402822136879,
        "var": 0.00652439054102
    },
    "hfc": {
        "mean": 16.3199768066,
        "var": 2793.92138672
    },
    "pitch": {
        "mean": 382.996765137,
        "var": 482405.25
    },
    "pitch_instantaneous_confidence": {
        "mean": 0.619689702988,
        "var": 0.0799966827035
    },
    "pitch_salience": {
        "mean": 0.346476078033,
        "var": 0.0816482752562
    },
    "silence_rate_20dB": {
        "mean": 1,
        "var": 0
    },
    "silence_rate_30dB": {
        "mean": 1,
        "var": 0
    },
    "silence_rate_60dB": {
        "mean": 0.891891896725,
        "var": 0.0964206680655
    },
    "spectral_centroid": {
        "mean": 1134.828125,
        "var": 2120936.75
    },
    "spectral_complexity": {
        "mean": 4.81081104279,
        "var": 174.099456787
    },
    "spectral_crest": {
        "mean": 16.5387229919,
        "var": 75.226234436
    },
    "spectral_decrease": {
        "mean": -9.58446877419e-10,
        "var": 1.06017315472e-17
    },
    "spectral_energy": {
        "mean": 0.00509767001495,
        "var": 0.00029006486875
    },
    "spectral_energyband_high": {
        "mean": 0.0019038162427,
        "var": 4.24285753979e-05
    },
    "spectral_energyband_low": {
        "mean": 4.87928555231e-05,
        "var": 4.41633112302e-08
    },
    "spectral_energyband_middle_high": {
        "mean": 0.00249246228486,
        "var": 7.17798975529e-05
    },
    "spectral_energyband_middle_low": {
        "mean": 0.000739153590985,
        "var": 6.94744085195e-06
    },
    "spectral_flatness_db": {
        "mean": 0.302891433239,
        "var": 0.0177084617317
    },
    "spectral_flux": {
        "mean": 0.0240751411766,
        "var": 0.00385023490526
    },
    "spectral_kurtosis": {
        "mean": 4.87534952164,
        "var": 84.9122772217
    },
    "spectral_rms": {
        "mean": 0.000787979748566,
        "var": 4.35242418462e-06
    },
    "spectral_rolloff": {
        "mean": 1958.93945312,
        "var": 8050753.5
    },
    "spectral_skewness": {
        "mean": 1.67820799351,
        "var": 2.16995739937
    },
    "spectral_spread": {
        "mean": 8617565,
        "var": 1.14344811561e+13
    },
    "spectral_strongpeak": {
        "mean": 0.204968824983,
        "var": 0.454371631145
    },
    "zerocrossingrate": {
        "mean": 0.0858187302947,
        "var": 0.0138681195676
    },
    "barkbands": {
        "mean": [3.48344535439e-08, 4.32858814747e-06, 2.0820485588e-05, 5.82491920795e-05, 8.75440164236e-05, 7.8424163803e-05, 0.000132837099954, 0.00010374039266, 0.000205791802728, 0.000389376742532, 0.000176899280632, 0.000535320548806, 9.66110237641e-05, 4.5913788199e-05, 0.000131088963826, 0.000159972652909, 0.000133487963467, 0.000265223381575, 0.000286705500912, 0.000675567251164, 0.000730380590539, 0.000229817611398, 0.000217261680518, 0.000233311991906, 9.89607651718e-05, 1.54753221349e-09, 1.12873566049e-09],
        "var": [2.1255356687e-14, 3.25489746267e-10, 1.06891580032e-08, 4.45718661979e-08, 1.01993563817e-07, 7.62718173064e-08, 2.52764294828e-07, 8.27815043181e-08, 7.94059417331e-07, 2.07292760024e-06, 3.08531383553e-07, 4.25559619543e-06, 1.32271765096e-07, 2.30317347416e-08, 2.3630899193e-07, 3.16844563031e-07, 2.26281400728e-07, 7.88014801856e-07, 8.72814325703e-07, 6.5148815338e-06, 8.287840501e-06, 5.10646998464e-07, 5.69317137433e-07, 5.10994823344e-07, 9.45822975496e-08, 6.47185780389e-17, 3.10736683678e-17]
    },
    "mfcc": {
        "mean": [-1015.73028564, 29.3302764893, 7.81733512878, 3.58114862442, -8.36402320862, -7.01547336578, -2.15354299545, -1.46930718422, -4.45935201645, -8.33887004852, -12.4680023193, -9.47646808624, -9.52361106873],
        "var": [39763.0117188, 1096.22229004, 295.089141846, 70.9747772217, 347.518890381, 173.550064087, 26.5682907104, 14.6104831696, 22.4960250854, 36.6066246033, 83.4981842041, 49.4238128662, 44.0703544617]
    },
    "sccoeffs": {
        "mean": [-0.614627301693, -0.822607815266, -0.841884493828, -0.888290286064, -0.893257319927, -0.887081444263],
        "var": [0.00942706968635, 0.00423247693107, 0.00627850135788, 0.00283723464236, 0.00310325552709, 0.0033656200394]
    },
    "scvalleys": {
        "mean": [-12.6889886856, -11.8545084, -12.3042926788, -12.8903713226, -12.8566160202, -13.2595930099],
        "var": [6.99965524673, 13.3908586502, 14.1408052444, 11.0745353699, 11.8304004669, 9.46195983887]
    }
},
"rhythm": {
    "bpm": 0,
    "confidence": 0,
    "first_peak_bpm": {
        "mean": 0,
        "var": 0
    },
    "first_peak_spread": {
        "mean": 0,
        "var": 0
    },
    "first_peak_weight": {
        "mean": 0,
        "var": 0
    },
    "onset_rate": 1.20003271103,
    "second_peak_bpm": {
        "mean": 0,
        "var": 0
    },
    "second_peak_spread": {
        "mean": 0,
        "var": 0
    },
    "second_peak_weight": {
        "mean": 0,
        "var": 0
    },
    "beats_position": [],
    "bpm_estimates": [],
    "bpm_intervals": [],
    "onset_times": [0.0116099771112],
    "histogram": [[0, 0, 0, 0, 0, 0, 0, 0, 0, 0, 0, 0, 0, 0, 0, 0, 0, 0, 0, 0, 0, 0, 0, 0, 0, 0, 0, 0, 0, 0, 0, 0, 0, 0, 0, 0, 0, 0, 0, 0, 0, 0, 0, 0, 0, 0, 0, 0, 0, 0, 0, 0, 0, 0, 0, 0, 0, 0, 0, 0, 0, 0, 0, 0, 0, 0, 0, 0, 0, 0, 0, 0, 0, 0, 0, 0, 0, 0, 0, 0, 0, 0, 0, 0, 0, 0, 0, 0, 0, 0, 0, 0, 0, 0, 0, 0, 0, 0, 0, 0, 0, 0, 0, 0, 0, 0, 0, 0, 0, 0, 0, 0, 0, 0, 0, 0, 0, 0, 0, 0, 0, 0, 0, 0, 0, 0, 0, 0, 0, 0, 0, 0, 0, 0, 0, 0, 0, 0, 0, 0, 0, 0, 0, 0, 0, 0, 0, 0, 0, 0, 0, 0, 0, 0, 0, 0, 0, 0, 0, 0, 0, 0, 0, 0, 0, 0, 0, 0, 0, 0, 0, 0, 0, 0, 0, 0, 0, 0, 0, 0, 0, 0, 0, 0, 0, 0, 0, 0, 0, 0, 0, 0, 0, 0, 0, 0, 0, 0, 0, 0, 0, 0, 0, 0, 0, 0, 0, 0, 0, 0, 0, 0, 0, 0, 0, 0, 0, 0, 0, 0, 0, 0, 0, 0, 0, 0, 0, 0, 0, 0, 0, 0, 0, 0, 0, 0, 0, 0, 0, 0, 0, 0, 0, 0, 0, 0, 0, 0, 0, 0]]
},
"sfx": {
    "inharmonicity": {
        "mean": 0.0500753335655,
        "var": 0.00636484846473
    },
    "oddtoevenharmonicenergyratio": {
        "mean": 0.231945559382,
        "var": 0.151018127799
    },
    "pitch_after_max_to_before_max_energy_ratio": 1.23334693909,
    "pitch_centroid": 13.5587348938,
    "pitch_max_to_total": 0,
    "pitch_min_to_total": 0.162162154913,
    "tristimulus": {
        "mean": [0.580504536629, 0.204009309411, 0.215486094356],
        "var": [0.104621335864, 0.0420324876904, 0.0598847791553]
    }
},
"tonal": {
    "chords_changes_rate": 0,
    "chords_number_rate": 0.0526315793395,
    "chords_strength": {
        "mean": 0.313159883022,
        "var": 3.5527136788e-15
    },
    "key_strength": 0.553521752357,
    "tuning_diatonic_strength": 0.386357843876,
    "tuning_equal_tempered_deviation": 0.237084925175,
    "tuning_frequency": 443.060424805,
    "tuning_nontempered_energy_ratio": 0.938805222511,
    "hpcp": {
        "mean": [0.210584938526, 0.175362467766, 0.0817788243294, 0.0964040905237, 0.0895500034094, 0.0770215243101, 0.0752459019423, 0.0565401948988, 0.0908925458789, 0.180082634091, 0.149323508143, 0.0875139981508, 0.124782033265, 0.214698895812, 0.222833678126, 0.149421408772, 0.110818989575, 0.0968183353543, 0.0914203152061, 0.0608928091824, 0.0655665621161, 0.128646180034, 0.102776825428, 0.0423063859344, 0.0312664657831, 0.0209777504206, 0.0244128201157, 0.042093038559, 0.0454773232341, 0.0588414296508, 0.499025583267, 0.763750553131, 0.337198287249, 0.0663157999516, 0.0779751315713, 0.113242313266],