{"lowlevel.dissonance.mean": [0.7003210783004761], "sfx.inharmonicity.mean": [0.9401431083679199], "lowlevel.spectral_contrast.mean": [[0.713875949382782, 0.4185659885406494, 0.49663054943084717, 0.7751160860061646, 0.6902823448181152, 0.6068649291992188]], "lowlevel.spectral_centroid.mean": [0.3857841193675995], "lowlevel.mfcc.mean": [[0.3052480220794678, 0.3203972578048706, 0.31852445006370544, 0.5772833824157715, 0.7216624021530151, 0.7590320110321045, 0.9129616618156433, 0.7150754928588867, 0.40239614248275757, 0.9784160852432251, 0.8533014059066772, 0.14517885446548462, 0.16019508242607117]], "sfx.logattacktime.mean": [0.29060491919517517], "lowlevel.hfc.mean": [0.46533679962158203]}