{
"metadata": {
    "version": {
        "essentia": "2.1-dev"
    }
},
"lowLevel": {
    "average_loudness": 0.875851631165,
    "barkbands_kurtosis": {
        "mean": 60.6698684692,
        "var": 38541.9335938
    },
    "barkbands_skewness": {
        "mean": 2.19371438026,
        "var": 25.2365837097
    },
    "barkbands_spread": {
        "mean": 8.83612442017,
        "var": 83.3100738525
    },
    "dissonance": {
        "mean": 0.323479801416,
        "var": 0.0142162209377
    },
    "hfc": {
        "mean": 27.1890544891,
        "var": 1072.9050293
    },
    "pitch": {
        "mean": 279.836486816,
        "var": 10292.2265625
    },
    "pitch_instantaneous_confidence": {
        "mean": 0.865592300892,
        "var": 0.0500708334148
    },
    "pitch_salience": {
        "mean": 0.367044180632,
        "var": 0.0304048880935
    },
    "silence_rate_20dB": {
        "mean": 1,
        "var": 0
    },
    "silence_rate_30dB": {
        "mean": 1,
        "var": 0
    },
    "silence_rate_60dB": {
        "mean": 0.451219499111,
        "var": 0.247620582581
    },
    "spectral_centroid": {
        "mean": 510.723754883,
        "var": 138137.734375
    },
    "spectral_complexity": {
        "mean": 6.68902444839,
        "var": 43.8850708008
    },
    "spectral_crest": {
        "mean": 14.0193424225,
        "var": 16.3419475555
    },
    "spectral_decrease": {
        "mean": -7.66322916235e-09,
        "var": 7.50105709785e-17
    },
    "spectral_energy": {
        "mean": 0.0313888974488,
        "var": 0.00126446771901
    },
    "spectral_energyband_high": {
        "mean": 0.000125042453874,
        "var": 4.36176819107e-08
    },
    "spectral_energyband_low": {
        "mean": 3.00727551803e-05,
        "var": 1.31641175738e-09
    },
    "spectral_energyband_middle_high": {
        "mean": 0.00861678365618,
        "var": 0.000118089352327
    },
    "spectral_energyband_middle_low": {
        "mean": 0.0225983336568,
        "var": 0.000639461155515
    },
    "spectral_flatness_db": {
        "mean": 0.386484503746,
        "var": 0.0144833177328
    },
    "spectral_flux": {
        "mean": 0.0135523993522,
        "var": 0.000153306769789
    },
    "spectral_kurtosis": {
        "mean": 42.9218978882,
        "var": 3111.92016602
    },
    "spectral_rms": {
        "mean": 0.00407440075651,
        "var": 1.40225874929e-05
    },
    "spectral_rolloff": {
        "mean": 927.636047363,
        "var": 887757.5625
    },
    "spectral_skewness": {
        "mean": 4.86910629272,
        "var": 10.6418638229
    },
    "spectral_spread": {
        "mean": 5122513.5,
        "var": 2.30301934551e+13
    },
    "spectral_strongpeak": {
        "mean": 1.44020831585,
        "var": 2.14970421791
    },
    "zerocrossingrate": {
        "mean": 0.0361089929938,
        "var": 0.000940827885643
    },
    "barkbands": {
        "mean": [4.19472817157e-05, 7.37110076443e-06, 1.14835586373e-07, 2.61215120645e-07, 0.00535724824294, 0.00901367515326, 2.30109776567e-06, 0.00796564575285, 0.000258952291915, 0.000231425205129, 2.85684791379e-06, 0.00346622639336, 0.000464206648758, 0.000377699587261, 8.55088292155e-05, 0.000161009214935, 0.000926558219362, 0.00201457319781, 0.000688553554937, 0.000246511073783, 6.40098878648e-05, 8.97397694644e-06, 1.64829918958e-06, 9.26753159547e-07, 5.46127751022e-07, 1.89557624708e-07, 1.9568113796e-09],
        "var": [3.50260420667e-09, 6.54536355671e-11, 6.46174796274e-15, 3.3957832748e-13, 4.20438336732e-05, 0.00011140332208, 3.92734594845e-11, 0.000169007136719, 1.90572961856e-07, 1.66384381828e-07, 1.70517454323e-11, 2.18460245378e-05, 8.35016066958e-07, 3.31375161977e-07, 1.13917248967e-08, 1.07449231734e-07, 2.18238074012e-06, 6.88824547979e-06, 1.38935661198e-06, 1.1687674828e-07, 1.10287405874e-08, 1.63679250709e-10, 6.6459129866e-12, 2.0340636727e-12, 6.21379954869e-13, 1.11367376909e-13, 3.55610537077e-17]
    },
    "mfcc": {
        "mean": [-877.451477051, 110.353050232, -19.7827835083, 15.4002799988, -12.7911109924, -15.9205036163, -5.09025907516, -14.6759719849, -23.8868503571, -12.1292743683, 1.53703057766, 5.75141477585, -3.73000955582],
        "var": [39289.3945312, 1996.14990234, 5857.48583984, 602.440979004, 579.366882324, 495.6902771, 144.09413147, 241.165664673, 402.58001709, 183.615386963, 144.000717163, 81.8868179321, 86.9026947021]
    },
    "sccoeffs": {
        "mean": [-0.443988621235, -0.433748602867, -0.635938286781, -0.711695075035, -0.754758954048, -0.81994086504],
        "var": [0.012612327002, 0.0462258197367, 0.0378316752613, 0.0252922140062, 0.0266873613, 0.00836100336164]
    },
    "scvalleys": {
        "mean": [-9.32618045807, -9.39551258087, -10.0808210373, -10.3531303406, -10.6467142105, -12.2721452713],
        "var": [1.03680574894, 3.14944577217, 3.47210168839, 4.56534814835, 6.04552698135, 2.58926343918]
    }
},
"rhythm": {
    "beats_loudness": {
        "mean": 0.040202666074,
        "var": 0.00127733754925
    },
    "bpm": 126.598236084,
    "confidence": 0,
    "first_peak_bpm": {
        "mean": 126,
        "var": 0
    },
    "first_peak_spread": {
        "mean": 0.5,
        "var": 0
    },
    "first_peak_weight": {
        "mean": 0.5,
        "var": 0
    },
    "onset_rate": 1.32690644264,
    "second_peak_bpm": {
        "mean": 0,
        "var": 0
    },
    "second_peak_spread": {
        "mean": 0,
        "var": 0
    },
    "second_peak_weight": {
        "mean": 0,
        "var": 0
    },
    "beats_loudness_band_ratio": {
        "mean": [0.0250884797424, 0.676742017269, 0.143981605768, 0.0769146084785, 0.058180924505, 0.0191305559129],
        "var": [0.00199514091946, 0.0680801048875, 0.0282668080181, 0.0045935693197, 0.00471032923087, 0.00104427558836]
    },
    "beats_position": [0.46439909935, 0.952018141747, 1.42802715302, 1.90403628349, 2.36843538284, 2.8444442749, 3.30884337425],
    "bpm_estimates": [123.046875, 126.048034668, 126.04800415, 129.19921875, 126.048065186, 129.19921875],
    "bpm_intervals": [0.487619042397, 0.476009011269, 0.476009130478, 0.46439909935, 0.476008892059, 0.46439909935],
    "onset_times": [0.325079351664, 2.32199549675, 2.60063481331, 2.90249443054, 2.99537420273],
    "histogram": [[0, 0, 0, 0, 0, 0, 0, 0, 0, 0, 0, 0, 0, 0, 0, 0, 0, 0, 0, 0, 0, 0, 0, 0, 0, 0, 0, 0, 0, 0, 0, 0, 0, 0, 0, 0, 0, 0, 0, 0, 0, 0, 0, 0, 0, 0, 0, 0, 0, 0, 0, 0, 0, 0, 0, 0, 0, 0, 0, 0, 0, 0, 0, 0, 0, 0, 0, 0, 0, 0, 0, 0, 0, 0, 0, 0, 0, 0, 0, 0, 0, 0, 0, 0, 0, 0, 0, 0, 0, 0, 0, 0, 0, 0, 0, 0, 0, 0, 0, 0, 0, 0, 0, 0, 0, 0, 0, 0, 0, 0, 0, 0, 0, 0, 0, 0, 0, 0, 0, 0, 0, 0, 0, 0.166666671634, 0, 0, 0.5, 0, 0, 0.333333343267, 0, 0, 0, 0, 0, 0, 0, 0, 0, 0, 0, 0, 0, 0, 0, 0, 0, 0, 0, 0, 0, 0, 0, 0, 0, 0, 0, 0, 0, 0, 0, 0, 0, 0, 0, 0, 0, 0, 0, 0, 0, 0, 0, 0, 0, 0, 0, 0, 0, 0, 0, 0, 0, 0, 0, 0, 0, 0, 0, 0, 0, 0, 0, 0, 0, 0, 0, 0, 0, 0, 0, 0, 0, 0, 0, 0, 0, 0, 0, 0, 0, 0, 0, 0, 0, 0, 0, 0, 0, 0, 0, 0, 0, 0, 0, 0, 0, 0, 0, 0, 0, 0, 0, 0, 0, 0, 0, 0, 0, 0, 0, 0, 0, 0, 0, 0, 0, 0, 0, 0]]
},
"sfx": {
    "inharmonicity": {
        "mean": 0.0113420439884,
        "var": 0.000573492085095
    },
    "oddtoevenharmonicenergyratio": {
        "mean": 2.07489240393e+36,
        "var": inf
    },
    "pitch_after_max_to_before_max_energy_ratio": 9.45268249512,
    "pitch_centroid": 85.0534896851,
    "pitch_max_to_total": 0.0548780485988,
    "pitch_min_to_total": 0.0304878056049,
    "tristimulus": {
        "mean": [0.493123531342, 0.256607145071, 0.250269293785],
        "var": [0.103113256395, 0.0275391656905, 0.0574459023774]
    }
},
"tonal": {
    "chords_changes_rate": 0.048192769289,
    "chords_number_rate": 0.048192769289,
    "chords_strength": {
        "mean": 0.414429754019,
        "var": 0.000693030830007
    },
    "key_strength": 0.516037523746,
    "tuning_diatonic_strength": 0.391665101051,
    "tuning_equal_tempered_deviation": 0.158155530691,
    "tuning_frequency": 443.316436768,