{
"metadata": {
    "version": {
        "essentia": "2.1-dev"
    }
},
"lowLevel": {
    "barkbands_kurtosis": {
        "mean": 1.85416126251,
        "var": 16.2599067688
    },
    "dissonance": {
        "mean": 0.383716225624,
        "var": 0.00368983997032
    },
    "hfc": {
        "mean": 57.4540367126,
        "var": 557.465270996
    },
    "spectral_centroid": {
        "mean": 842.877624512,
        "var": 62626.3632812
    },
    "spectral_complexity": {
        "mean": 13.1688308716,
        "var": 12.1922721863
    },
    "spectral_crest": {
        "mean": 10.9446229935,
        "var": 4.64828586578
    },
    "spectral_energyband_high": {
        "mean": 0.000265350419795,
        "var": 5.57492256803e-08
    },
    "spectral_energyband_low": {
        "mean": 4.59799484815e-05,
        "var": 2.05769179473e-09
    },
    "spectral_kurtosis": {
        "mean": 27.4596748352,
        "var": 2338.96362305
    },
    "spectral_rolloff": {
        "mean": 1690.49658203,
        "var": 736618.4375
    },
    "spectral_strongpeak": {
        "mean": 2.78922009468,
        "var": 1.06038761139
    },
    "mfcc": {
        "mean": [-680.412841797, 129.967163086, -95.5139389038, 12.0762434006, -30.8748893738, -33.3776016235, -8.57963943481, -22.802236557, -39.2667884827, -18.4019412994, 4.4793305397, 9.00398921967, -11.5419597626],
        "var": [5447.29003906, 975.125610352, 883.673095703, 816.430603027, 157.255752563, 191.311813354, 41.9259414673, 97.9446487427, 92.1446838379, 71.7387542725, 176.438644409, 95.524017334, 20.4943790436]
    },
    "sccoeffs": {
        "mean": [-0.360496252775, -0.273328512907, -0.448951810598, -0.552624762058, -0.591701447964, -0.735315799713],
        "var": [0.00172125652898, 0.00186104013119, 0.00110839644913, 0.00116073014215, 0.00557062309235, 0.00343199702911]
    }
},
"sfx": {
    "inharmonicity": {
        "mean": 0.00745981326327,
        "var": 2.20085148612e-05
    }
}
}