{
"metadata": {
    "version": {
        "essentia": "2.1-dev"
    }
},
"lowLevel": {
    "barkbands_kurtosis": {
        "mean": 15.4729509354,
        "var": 11.9973611832
    },
    "dissonance": {
        "mean": 0.37442368269,
        "var": 7.92767605162e-05
    },
    "hfc": {
        "mean": 35.3072166443,
        "var": 110.616981506
    },
    "spectral_centroid": {
        "mean": 474.885528564,
        "var": 18.1758289337
    },
    "spectral_complexity": {
        "mean": 11.1333332062,
        "var": 3.28888869286
    },
    "spectral_crest": {
        "mean": 17.34141922,
        "var": 0.196149975061
    },
    "spectral_energyband_high": {
        "mean": 2.76920616216e-07,
        "var": 2.11533366507e-14
    },
    "spectral_energyband_low": {
        "mean": 0.000514069863129,
        "var": 2.54724490389e-08
    },
    "spectral_kurtosis": {
        "mean": 220.844665527,
        "var": 6191.23144531
    },
    "spectral_rolloff": {
        "mean": 516.796875,
        "var": 0
    },
    "spectral_strongpeak": {
        "mean": 4.72853803635,
        "var": 0.813029766083
    },
    "mfcc": {
        "mean": [-838.947631836, 280.369567871, 54.4662094116, -35.2915229797, -22.4753398895, -11.0818090439, -38.1879348755, -39.1276054382, -3.65307211876, 11.0090694427, 7.11898994446, 2.18041539192, 8.27625274658],
        "var": [605.973388672, 119.380531311, 276.822540283, 68.8996734619, 132.059494019, 36.1066474915, 38.9421806335, 27.9770412445, 18.3328075409, 36.0161895752, 28.9625720978, 8.04915142059, 15.7363185883]
    },
    "sccoeffs": {
        "mean": [-0.629522204399, -0.504588901997, -0.721878647804, -0.747894108295, -0.852379739285, -0.857514619827],
        "var": [0.000327134068357, 0.000990612548776, 0.000860156840645, 0.000904385349713, 0.000366171094356, 0.000592982047237]
    }
},
"sfx": {
    "inharmonicity": {
        "mean": 4.66772053187e-06,
        "var": 1.79305736925e-11
    }
}
}