{"lowlevel.dissonance.mean": [0.29246819019317627], "sfx.inharmonicity.mean": [0.22858397662639618], "lowlevel.spectral_contrast.mean": [[0.5601656436920166, 1.1661739349365234, 1.218144416809082, 0.946252703666687, 0.9411656856536865, 0.6082181930541992]], "lowlevel.spectral_centroid.mean": [0.3707631826400757], "lowlevel.mfcc.mean": [[0.5511718988418579, 0.40073513984680176, 0.1223418116569519, 0.5425404906272888, 0.311900794506073, 0.20256024599075317, 0.3389551341533661, 0.3181743025779724, 0.15104380249977112, 0.35997679829597473, 0.46222764253616333, 0.6398191452026367, 0.9567561149597168]], "sfx.logattacktime.mean": [0.5642536878585815], "lowlevel.hfc.mean": [0.4760383367538452]}