{
"metadata": {
    "version": {
        "essentia": "2.1-dev"
    }
},
"lowLevel": {
    "barkbands_kurtosis": {
        "mean": 0.319048732519,
        "var": 0.603025853634
    },
    "dissonance": {
        "mean": 0.388198852539,
        "var": 0.000993535504676
    },
    "hfc": {
        "mean": 38.904460907,
        "var": 238.068954468
    },
    "spectral_centroid": {
        "mean": 976.614746094,
        "var": 16050.1591797
    },
    "spectral_complexity": {
        "mean": 11.8421049118,
        "var": 1.31717455387
    },
    "spectral_crest": {
        "mean": 13.6847438812,
        "var": 1.70129275322
    },
    "spectral_energyband_high": {
        "mean": 0.000238205582718,
        "var": 1.18725127507e-08
    },
    "spectral_energyband_low": {
        "mean": 1.31544229589e-05,
        "var": 9.66879423747e-11
    },
    "spectral_kurtosis": {
        "mean": 9.51446437836,
        "var": 3.91676163673
    },
    "spectral_rolloff": {
        "mean": 1889.2545166,
        "var": 297783.90625
    },
    "spectral_strongpeak": {
        "mean": 2.19320559502,
        "var": 0.305954366922
    },
    "mfcc": {
        "mean": [-689.114868164, 75.7249069214, -117.782730103, 12.7771759033, -32.069568634, -34.6288414001, -21.0845298767, -16.3172035217, -29.006980896, -11.7954301834, -7.89914417267, 0.853295981884, 17.1369533539],
        "var": [515.797485352, 64.5744171143, 82.4336013794, 43.7875022888, 31.1759185791, 36.9640045166, 25.1534461975, 46.2561340332, 31.7465629578, 31.6705474854, 58.7549743652, 33.0104217529, 49.5022888184]
    },
    "sccoeffs": {
        "mean": [-0.677231550217, -0.295870542526, -0.349633097649, -0.541846513748, -0.563556551933, -0.682354569435],
        "var": [0.00349198468029, 0.00142851076089, 0.000663979444653, 0.00109345244709, 0.000738867500331, 0.000656551797874]
    }
},
"sfx": {
    "inharmonicity": {
        "mean": 0.00649082288146,
        "var": 3.03169645122e-06
    }
}
}