{"lowlevel.dissonance.mean": [0.25672709941864014], "sfx.inharmonicity.mean": [0.33621516823768616], "lowlevel.spectral_contrast.mean": [[0.3792053461074829, 0.41765081882476807, 0.2754971981048584, 0.27878499031066895, 0.25258588790893555, 0.24902582168579102]], "lowlevel.spectral_centroid.mean": [0.32620543241500854], "lowlevel.mfcc.mean": [[0.22063779830932617, 0.45966896414756775, 0.6884711384773254, 0.5924919247627258, 0.6785975694656372, 0.6644936800003052, 0.6622769832611084, 0.5960805416107178, 0.5849069952964783, 0.5163816213607788, 0.5131425261497498, 0.5277585983276367, 0.5329985022544861]], "sfx.logattacktime.mean": [0.47946566343307495], "lowlevel.hfc.mean": [0.4652002453804016]}