{
"metadata": {
    "version": {
        "essentia": "2.1-dev"
    }
},
"lowLevel": {
    "barkbands_kurtosis": {
        "mean": 1.6359385252,
        "var": 9.96987915039
    },
    "dissonance": {
        "mean": 0.327400743961,
        "var": 0.00731723988429
    },
    "hfc": {
        "mean": 73.4905929565,
        "var": 486.880493164
    },
    "spectral_centroid": {
        "mean": 1045.67810059,
        "var": 1256.42175293
    },
    "spectral_complexity": {
        "mean": 2.875,
        "var": 0.109375
    },
    "spectral_crest": {
        "mean": 21.9205627441,
        "var": 1.1739115715
    },
    "spectral_energyband_high": {
        "mean": 7.78557989634e-07,
        "var": 5.7638159382e-14
    },
    "spectral_energyband_low": {
        "mean": 2.81283035974e-07,
        "var": 4.88901941934e-13
    },
    "spectral_kurtosis": {
        "mean": 73.4725494385,
        "var": 271.669372559
    },
    "spectral_rolloff": {
        "mean": 1561.98388672,
        "var": 133895.5
    },
    "spectral_strongpeak": {
        "mean": 8.44320678711,
        "var": 1.92764472961
    },
    "mfcc": {
        "mean": [-925.659057617, 87.4702529907, -122.947555542, -72.6037597656, -17.4080677032, -9.76774406433, 9.20488262177, 41.6414756775, 57.8606796265, 26.841545105, -37.0481491089, -60.3217163086, -17.1280231476],
        "var": [160.73664856, 71.9544067383, 124.190605164, 36.2531089783, 28.3472671509, 27.6493225098, 20.5908546448, 25.3547840118, 18.6650428772, 30.1223049164, 27.8561115265, 19.2561645508, 12.5301074982]
    },
    "sccoeffs": {
        "mean": [-0.838618695736, -0.823110461235, -0.26131862402, -0.427979171276, -0.68940871954, -0.872255563736],
        "var": [0.00425421399996, 0.00132014544215, 0.000466672645416, 0.000967177038547, 0.00160967628472, 0.000112458350486]
    }
},
"sfx": {
    "inharmonicity": {
        "mean": 0.000511761056259,
        "var": 5.08854753889e-08
    }
}
}