{"lowlevel.dissonance.mean": [0.4190189838409424], "sfx.inharmonicity.mean": [0.4089439809322357], "lowlevel.spectral_contrast.mean": [[0.7602541446685791, 0.7703167200088501, 0.91331946849823, 0.969924807548523, 0.6864414215087891, 0.43033885955810547]], "lowlevel.spectral_centroid.mean": [0.4374350309371948], "lowlevel.mfcc.mean": [[0.3919624090194702, 0.5334330797195435, -0.06906798481941223, -0.14271897077560425, 0.2765165865421295, 0.18924573063850403, 0.33404630422592163, 0.2075212597846985, 0.19272500276565552, 0.14868083596229553, 0.1788017749786377, 0.24153299629688263, 0.15799480676651]], "sfx.logattacktime.mean": [0.5790731310844421], "lowlevel.hfc.mean": [0.46737363934516907]}