{"lowlevel.dissonance.mean": [0.25711727142333984], "sfx.inharmonicity.mean": [0.2246917486190796], "lowlevel.spectral_contrast.mean": [[0.6828147172927856, 0.7381360530853271, 0.8475534915924072, 0.5670781135559082, 0.3650650978088379, 0.22599220275878906]], "lowlevel.spectral_centroid.mean": [0.32911109924316406], "lowlevel.mfcc.mean": [[0.278606653213501, 0.6747944355010986, 0.7223402261734009, 0.21293237805366516, 0.19257327914237976, 0.3244083523750305, 0.530979573726654, 0.6586077213287354, 0.7723605632781982, 0.6285039782524109, 0.3763628602027893, 0.1770208775997162, 0.2589016258716583]], "sfx.logattacktime.mean": [0.25855571031570435], "lowlevel.hfc.mean": [0.4651899039745331]}