{"lowlevel.dissonance.mean": [0.5039218664169312], "sfx.inharmonicity.mean": [0.33753538131713867], "lowlevel.spectral_contrast.mean": [[0.31397175788879395, 0.8133902549743652, 0.7540179491043091, 0.6775033473968506, 0.5879170894622803, 0.32213377952575684]], "lowlevel.spectral_centroid.mean": [0.3701459765434265], "lowlevel.mfcc.mean": [[0.2986319065093994, 0.24806569516658783, 0.1174357533454895, 0.19961076974868774, 0.3996365964412689, 0.34408247470855713, 0.3153518736362457, 0.5067076683044434, 0.8173485398292542, 0.7560757398605347, 1.0041654109954834, 1.228147029876709, 0.895574688911438]], "sfx.logattacktime.mean": [0.5384883880615234], "lowlevel.hfc.mean": [0.4689176678657532]}