{
"metadata": {
    "version": {
        "essentia": "2.1-dev"
    }
},
"lowLevel": {
    "barkbands_kurtosis": {
        "mean": -1.1821949482,
        "var": 0.0936447679996
    },
    "dissonance": {
        "mean": 0.390047490597,
        "var": 0.00179384055082
    },
    "hfc": {
        "mean": 17.4179859161,
        "var": 5.8730096817
    },
    "spectral_centroid": {
        "mean": 1091.05187988,
        "var": 10134.2675781
    },
    "spectral_complexity": {
        "mean": 4.89333343506,
        "var": 0.175288617611
    },
    "spectral_crest": {
        "mean": 13.1890554428,
        "var": 4.64709329605
    },
    "spectral_energyband_high": {
        "mean": 1.71629162651e-05,
        "var": 1.71807013061e-11
    },
    "spectral_energyband_low": {
        "mean": 1.12078012648e-07,
        "var": 8.77344021272e-15
    },
    "spectral_kurtosis": {
        "mean": 13.5131368637,
        "var": 3.65353870392
    },
    "spectral_rolloff": {
        "mean": 1721.22058105,
        "var": 2137.04443359
    },
    "spectral_strongpeak": {
        "mean": 2.40743947029,
        "var": 0.613888919353
    },
    "mfcc": {
        "mean": [-827.403991699, 46.7657966614, -135.79850769, -52.1012420654, -22.6905250549, -24.0208797455, -32.3873710632, -4.27759075165, 23.9429512024, 18.4122447968, 35.6409568787, 54.0347175598, 25.2592601776],
        "var": [52.829158783, 33.8945999146, 62.1438102722, 30.0771903992, 37.3762512207, 18.1772861481, 22.2601203918, 19.7119350433, 56.4208869934, 17.04545784, 20.6470737457, 18.6371822357, 37.1820297241]
    },
    "sccoeffs": {
        "mean": [-0.840983808041, -0.292558342218, -0.454517513514, -0.563493549824, -0.652195513248, -0.810082137585],
        "var": [0.00155481998809, 0.000740375951864, 0.00082878570538, 0.000625656335615, 0.000343616440659, 0.000417996139731]
    }
},
"sfx": {
    "inharmonicity": {
        "mean": 0.0029809831176,
        "var": 2.21811933443e-06
    }
}
}