{
"metadata": {
    "version": {
        "essentia": "2.1-dev"
    }
},
"lowLevel": {
    "average_loudness": 0.77616840601,
    "barkbands_kurtosis": {
        "mean": 64.4123840332,
        "var": 16512.3007812
    },
    "barkbands_skewness": {
        "mean": 4.7140789032,
        "var": 35.4625091553
    },
    "barkbands_spread": {
        "mean": 10.2691888809,
        "var": 135.951812744
    },
    "dissonance": {
        "mean": 0.432236045599,
        "var": 0.00345066585578
    },
    "hfc": {
        "mean": 8.02472400665,
        "var": 75.7735290527
    },
    "pitch": {
        "mean": 562.46295166,
        "var": 949702.875
    },
    "pitch_instantaneous_confidence": {
        "mean": 0.592994451523,
        "var": 0.161142840981
    },
    "pitch_salience": {
        "mean": 0.414837896824,
        "var": 0.061313290149
    },
    "silence_rate_20dB": {
        "mean": 1,
        "var": 0
    },
    "silence_rate_30dB": {
        "mean": 1,
        "var": 0
    },
    "silence_rate_60dB": {
        "mean": 0.525073766708,
        "var": 0.249371737242
    },
    "spectral_centroid": {
        "mean": 674.356384277,
        "var": 502599.40625
    },
    "spectral_complexity": {
        "mean": 2.32448387146,
        "var": 5.97141599655
    },
    "spectral_crest": {
        "mean": 16.4903659821,
        "var": 22.3423957825
    },
    "spectral_decrease": {
        "mean": -1.76492365167e-09,
        "var": 3.71487268047e-18
    },
    "spectral_energy": {
        "mean": 0.00738909794018,
        "var": 6.49359499221e-05
    },
    "spectral_energyband_high": {
        "mean": 7.90573812992e-06,
        "var": 7.86182646761e-11
    },
    "spectral_energyband_low": {
        "mean": 1.29892143264e-07,
        "var": 7.6638240025e-14
    },
    "spectral_energyband_middle_high": {
        "mean": 0.00374626368284,
        "var": 1.68719325302e-05
    },
    "spectral_energyband_middle_low": {
        "mean": 0.00363494409248,
        "var": 1.68753376784e-05
    },
    "spectral_flatness_db": {
        "mean": 0.331917673349,
        "var": 0.00938729569316
    },
    "spectral_flux": {
        "mean": 0.00712395273149,
        "var": 8.4806495579e-05
    },
    "spectral_kurtosis": {
        "mean": 7.26155328751,
        "var": 56.7383918762
    },
    "spectral_rms": {
        "mean": 0.00185156310908,
        "var": 3.78059007744e-06
    },
    "spectral_rolloff": {
        "mean": 1025.65283203,
        "var": 1670368.875
    },
    "spectral_skewness": {
        "mean": 2.27408194542,
        "var": 1.29095590115
    },
    "spectral_spread": {
        "mean": 18434946,
        "var": 2.1881195751e+14
    },
    "spectral_strongpeak": {
        "mean": 1.12715661526,
        "var": 1.69909524918
    },
    "zerocrossingrate": {
        "mean": 0.0467885769904,
        "var": 0.00062589085428
    },
    "barkbands": {
        "mean": [1.40762921319e-07, 5.04234058951e-08, 7.89208076668e-09, 5.38335998002e-09, 2.03039132174e-08, 3.38364571917e-08, 4.04907694929e-07, 0.00363142206334, 3.025275646e-06, 1.82744756216e-07, 1.23240363337e-06, 0.00159238046035, 8.29632597288e-07, 0.000273693469353, 0.00134168565273, 0.00040738430107, 7.29223465896e-05, 4.89787162223e-05, 6.51361233395e-06, 1.48993501625e-06, 4.53194661532e-06, 8.44515625431e-07, 4.00500681508e-07, 3.66028388044e-07, 4.84308372961e-07, 7.27486195728e-08, 3.81153220097e-10],
        "var": [2.32697602777e-14, 2.14445550483e-14, 4.25604918062e-15, 3.33358032612e-15, 4.51930363249e-14, 1.83171366123e-14, 7.2027448025e-13, 1.68412188941e-05, 2.88664699782e-11, 6.53636758434e-14, 3.47457956504e-12, 3.33245793627e-06, 1.9617382805e-12, 3.19966233064e-07, 2.45072806138e-06, 2.23106724206e-07, 9.7265875354e-09, 4.96700369723e-09, 1.22519036583e-10, 3.88923311959e-12, 2.79397165126e-11, 9.37156927582e-13, 2.05481072153e-13, 1.67326940606e-13, 3.30515562835e-13, 7.63530152325e-15, 2.86742030095e-19]
    },
    "mfcc": {
        "mean": [-986.781616211, 27.2892208099, -61.4979896545, -21.8079719543, -7.64196586609, -8.46959114075, -12.2302541733, 1.11887741089, 14.3670434952, 12.2738599777, 20.5841579437, 28.9826488495, 15.1553754807],
        "var": [22929.7773438, 475.631134033, 5035.87597656, 847.84576416, 225.852783203, 237.841659546, 374.057617188, 38.1142196655, 105.961753845, 54.0368690491, 239.649536133, 577.989807129, 121.946464539]
    },
    "sccoeffs": {
        "mean": [-0.775444984436, -0.602442443371, -0.691537737846, -0.74071854353, -0.788227975368, -0.867383122444],
        "var": [0.00659170467407, 0.0895047858357, 0.0516316927969, 0.0289518479258, 0.0169445425272, 0.0031471287366]
    },
    "scvalleys": {
        "mean": [-11.3782939911, -11.3496809006, -11.2841663361, -11.2071971893, -11.7460775375, -12.5906114578],
        "var": [0.99298375845, 3.79627466202, 5.8492732048, 7.28700590134, 6.76540517807, 4.11405944824]
    }
},
"rhythm": {
    "beats_loudness": {
        "mean": 0.00802839361131,
        "var": 6.72559399391e-05
    },
    "bpm": 83.7760696411,
    "confidence": 2.60609388351,
    "first_peak_bpm": {
        "mean": 83,
        "var": 0
    },
    "first_peak_spread": {
        "mean": 0.428571462631,
        "var": 0
    },
    "first_peak_weight": {
        "mean": 0.444444447756,
        "var": 0
    },
    "onset_rate": 0.255450040102,
    "second_peak_bpm": {
        "mean": 89,
        "var": 0
    },
    "second_peak_spread": {
        "mean": 0,
        "var": 0
    },
    "second_peak_weight": {
        "mean": 0.222222223878,
        "var": 0
    },
    "beats_loudness_band_ratio": {
        "mean": [0.373969256878, 0.00329319830053, 0.327000439167, 0.122695609927, 0.170807033777, 0.00322914728895],
        "var": [0.211534932256, 5.75918529648e-05, 0.0711733475327, 0.00827872939408, 0.0252963937819, 8.66989830683e-06]
    },
    "beats_position": [0.696598649025, 1.4164172411, 2.13623571396, 2.87927436829, 3.59909296036, 4.31891155243, 4.99229001999, 5.66566896439, 6.3622674942, 7.05886602402],
    "bpm_estimates": [83.3543319702, 83.354347229, 80.74949646, 83.3543319702, 83.3543319702, 86.1328277588, 86.1328277588],
    "bpm_intervals": [0.719818592072, 0.719818472862, 0.743038654327, 0.719818592072, 0.719818592072, 0.67337846756, 0.673378944397, 0.696598529816, 0.696598529816],
    "onset_times": [1.64861679077, 2.55419492722],
    "histogram": [[0, 0, 0, 0, 0, 0, 0, 0, 0, 0, 0, 0, 0, 0, 0, 0, 0, 0, 0, 0, 0, 0, 0, 0, 0, 0, 0, 0, 0, 0, 0, 0, 0, 0, 0, 0, 0, 0, 0, 0, 0, 0, 0, 0, 0, 0, 0, 0, 0, 0, 0, 0, 0, 0, 0, 0, 0, 0, 0, 0, 0, 0, 0, 0, 0, 0, 0, 0, 0, 0, 0, 0, 0, 0, 0, 0, 0, 0, 0, 0, 0, 0.111111111939, 0, 0.444444447756, 0, 0, 0.222222223878, 0, 0, 0.222222223878, 0, 0, 0, 0, 0, 0, 0, 0, 0, 0, 0, 0, 0, 0, 0, 0, 0, 0, 0, 0, 0, 0, 0, 0, 0, 0, 0, 0, 0, 0, 0, 0, 0, 0, 0, 0, 0, 0, 0, 0, 0, 0, 0, 0, 0, 0, 0, 0, 0, 0, 0, 0, 0, 0, 0, 0, 0, 0, 0, 0, 0, 0, 0, 0, 0, 0, 0, 0, 0, 0, 0, 0, 0, 0, 0, 0, 0, 0, 0, 0, 0, 0, 0, 0, 0, 0, 0, 0, 0, 0, 0, 0, 0, 0, 0, 0, 0, 0, 0, 0, 0, 0, 0, 0, 0, 0, 0, 0, 0, 0, 0, 0, 0, 0, 0, 0, 0, 0, 0, 0, 0, 0, 0, 0, 0, 0, 0, 0, 0, 0, 0, 0, 0, 0, 0, 0, 0, 0, 0, 0, 0, 0, 0, 0, 0, 0, 0, 0, 0, 0, 0, 0, 0, 0, 0, 0, 0, 0, 0, 0]]
},
"sfx": {
    "inharmonicity": {
        "mean": 0.0486081838608,
        "var": 0.00732368137687
    },
    "oddtoevenharmonicenergyratio": {
        "mean": inf,
        "var": inf
    },
    "pitch_after_max_to_before_max_energy_ratio": 0.640417218208,
    "pitch_centroid": 142.852737427,
    "pitch_max_to_total": 0.209439530969,
    "pitch_min_to_total": 0.973451316357,
    "tristimulus": {
        "mean": [0.291896492243, 0.45012742281, 0.255026251078],
        "var": [0.053237285465, 0.0497989095747, 0.0882716923952]
    }
},
"tonal": {
    "chords_changes_rate": 0.0588235296309,
    "chords_number_rate": 0.0352941192687,
    "chords_strength": {
        "mean": 0.505574166775,
        "var": 0.00309851882048
    },
    "key_strength": 0.546312272549,