{
"metadata": {
    "version": {
        "essentia": "2.1-dev"
    }
},
"lowLevel": {
    "average_loudness": 0.99068403244,
    "barkbands_kurtosis": {
        "mean": 2.10545921326,
        "var": 7.37750244141
    },
    "barkbands_skewness": {
        "mean": -1.31837129593,
        "var": 0.420081347227
    },
    "barkbands_spread": {
        "mean": 37.9604873657,
        "var": 554.580444336
    },
    "dissonance": {
        "mean": 0.495355010033,
        "var": 0.000124551021145
    },
    "hfc": {
        "mean": 41.988948822,
        "var": 5103.38085938
    },
    "pitch": {
        "mean": 2271.1003418,
        "var": 1465441.625
    },
    "pitch_instantaneous_confidence": {
        "mean": 0.343747109175,
        "var": 0.00626773480326
    },
    "pitch_salience": {
        "mean": 0.625797212124,
        "var": 0.00959145464003
    },
    "silence_rate_20dB": {
        "mean": 1,
        "var": 0
    },
    "silence_rate_30dB": {
        "mean": 1,
        "var": 0
    },
    "silence_rate_60dB": {
        "mean": 0.590163946152,
        "var": 0.241870611906
    },
    "spectral_centroid": {
        "mean": 3797.98535156,
        "var": 885468.75
    },
    "spectral_complexity": {
        "mean": 12.6065578461,
        "var": 186.041992188
    },
    "spectral_crest": {
        "mean": 6.13914823532,
        "var": 5.33443927765
    },
    "spectral_decrease": {
        "mean": -1.27097710134e-09,
        "var": 3.45944571796e-18
    },
    "spectral_energy": {
        "mean": 0.00860548391938,
        "var": 0.000180503644515
    },
    "spectral_energyband_high": {
        "mean": 0.00483786594123,
        "var": 6.95735725458e-05
    },
    "spectral_energyband_low": {
        "mean": 5.28748532815e-05,
        "var": 1.41965783573e-09
    },
    "spectral_energyband_middle_high": {
        "mean": 0.00341363670304,
        "var": 2.46118597715e-05
    },
    "spectral_energyband_middle_low": {
        "mean": 0.000195290529518,
        "var": 3.58811007573e-07
    },
    "spectral_flatness_db": {
        "mean": 0.153018996119,
        "var": 0.000868871458806
    },
    "spectral_flux": {
        "mean": 0.04358041659,
        "var": 0.00155781838112
    },
    "spectral_kurtosis": {
        "mean": 0.340452939272,
        "var": 0.326215922832
    },
    "spectral_rms": {
        "mean": 0.00218705064617,
        "var": 3.61240313396e-06
    },
    "spectral_rolloff": {
        "mean": 6328.99707031,
        "var": 1299764.875
    },
    "spectral_skewness": {
        "mean": 0.702364444733,
        "var": 0.0568764694035
    },
    "spectral_spread": {
        "mean": 9299707,
        "var": 4.34939284685e+12
    },
    "spectral_strongpeak": {
        "mean": 1.35281193256,
        "var": 4.29956150055
    },
    "zerocrossingrate": {
        "mean": 0.196305066347,
        "var": 0.0018909558421
    },
    "barkbands": {
        "mean": [0.000157895570737, 3.85419525628e-06, 1.78415348273e-07, 5.77670277835e-07, 1.69471768459e-05, 6.30174108665e-05, 4.3701249524e-05, 5.25988398294e-05, 1.5697123672e-05, 1.18731923067e-05, 1.55705092766e-05, 3.00833489746e-05, 7.25638747099e-05, 0.000119369564345, 0.000484205025714, 0.000624022330157, 0.00023723889899, 0.000673895992804, 0.000987316016108, 0.000382469675969, 0.000854216108564, 0.000991510110907, 0.00156063970644, 0.00085429061437, 0.000285053538391, 6.55347757856e-05, 1.16608475764e-06],
        "var": [1.92295068757e-08, 7.79533989442e-12, 6.39437558892e-13, 7.30867189686e-12, 5.87562754006e-09, 1.02162417193e-07, 1.44748462105e-08, 1.57016959434e-08, 1.84391080182e-09, 1.97660288137e-09, 2.5400417325e-09, 1.22078036568e-09, 2.12766124719e-08, 5.50520127263e-08, 9.84199118648e-07, 1.41624366279e-06, 1.04835898185e-07, 6.68694951855e-07, 2.69636325356e-06, 2.46883104182e-07, 1.71693113771e-06, 2.64273739958e-06, 8.04867886472e-06, 3.1207439406e-06, 4.30148588748e-07, 4.37437392975e-08, 2.12579068931e-11]
    },
    "mfcc": {
        "mean": [-733.272705078, -41.3385848999, -48.2021217346, 14.6071186066, -5.99098968506, -5.28596925735, -17.6264457703, 8.91477394104, -2.21527099609, 10.7428684235, 17.3391475677, 22.828754425, 20.4951972961],
        "var": [9304.98535156, 514.236083984, 220.716918945, 86.1987457275, 71.0140304565, 52.9605445862, 85.8782653809, 104.382881165, 55.4008865356, 39.3532333374, 88.0121765137, 96.55909729, 80.8001327515]
    },
    "sccoeffs": {
        "mean": [-0.573952496052, -0.808537304401, -0.820217907429, -0.770684301853, -0.772477686405, -0.758953988552],
        "var": [0.00812149886042, 0.00223277229816, 0.00116584287025, 0.00439431611449, 0.000884688575752, 0.000754892942496]
    },
    "scvalleys": {
        "mean": [-9.38060283661, -7.73569488525, -8.10584068298, -7.54607343674, -7.08327531815, -7.9676656723],
        "var": [0.673748970032, 0.839067399502, 0.65383797884, 0.702713727951, 0.776897370815, 1.44703650475]
    }
},
"rhythm": {
    "beats_loudness": {
        "mean": 0.00167591054924,
        "var": 1.36771268444e-06
    },
    "bpm": 107.666015625,
    "confidence": 0,
    "first_peak_bpm": {
        "mean": 108,
        "var": 0
    },
    "first_peak_spread": {
        "mean": 0,
        "var": 0
    },
    "first_peak_weight": {
        "mean": 1,
        "var": 0
    },
    "onset_rate": 0.723805189133,
    "second_peak_bpm": {
        "mean": 0,
        "var": 0
    },
    "second_peak_spread": {
        "mean": 0,
        "var": 0
    },
    "second_peak_weight": {
        "mean": 0,
        "var": 0
    },
    "beats_loudness_band_ratio": {
        "mean": [0.116423659027, 0.00490502826869, 0.0179667975754, 0.0213796421885, 0.308249026537, 0.539505243301],
        "var": [0.00727648241445, 1.29007666771e-08, 3.44589207089e-05, 2.36549863075e-06, 0.00353546836413, 0.0222473181784]
    },
    "beats_position": [0.545668900013, 1.10294783115],
    "bpm_estimates": [107.666015625],
    "bpm_intervals": [0.557278931141],
    "onset_times": [0.0116099771112],
    "histogram": [[0, 0, 0, 0, 0, 0, 0, 0, 0, 0, 0, 0, 0, 0, 0, 0, 0, 0, 0, 0, 0, 0, 0, 0, 0, 0, 0, 0, 0, 0, 0, 0, 0, 0, 0, 0, 0, 0, 0, 0, 0, 0, 0, 0, 0, 0, 0, 0, 0, 0, 0, 0, 0, 0, 0, 0, 0, 0, 0, 0, 0, 0, 0, 0, 0, 0, 0, 0, 0, 0, 0, 0, 0, 0, 0, 0, 0, 0, 0, 0, 0, 0, 0, 0, 0, 0, 0, 0, 0, 0, 0, 0, 0, 0, 0, 0, 0, 0, 0, 0, 0, 0, 0, 0, 0, 0, 0, 0, 1, 0, 0, 0, 0, 0, 0, 0, 0, 0, 0, 0, 0, 0, 0, 0, 0, 0, 0, 0, 0, 0, 0, 0, 0, 0, 0, 0, 0, 0, 0, 0, 0, 0, 0, 0, 0, 0, 0, 0, 0, 0, 0, 0, 0, 0, 0, 0, 0, 0, 0, 0, 0, 0, 0, 0, 0, 0, 0, 0, 0, 0, 0, 0, 0, 0, 0, 0, 0, 0, 0, 0, 0, 0, 0, 0, 0, 0, 0, 0, 0, 0, 0, 0, 0, 0, 0, 0, 0, 0, 0, 0, 0, 0, 0, 0, 0, 0, 0, 0, 0, 0, 0, 0, 0, 0, 0, 0, 0, 0, 0, 0, 0, 0, 0, 0, 0, 0, 0, 0, 0, 0, 0, 0, 0, 0, 0, 0, 0, 0, 0, 0, 0, 0, 0, 0, 0, 0, 0, 0, 0, 0]]
},
"sfx": {
    "inharmonicity": {
        "mean": 0.0522067509592,
        "var": 0.0078991940245
    },
    "oddtoevenharmonicenergyratio": {
        "mean": 1.07032954693,
        "var": 12.9917955399
    },
    "pitch_after_max_to_before_max_energy_ratio": 32.6474304199,
    "pitch_centroid": 35.6976776123,
    "pitch_max_to_total": 0.0163934417069,
    "pitch_min_to_total": 0.327868849039,
    "tristimulus": {
        "mean": [0.653936684132, 0.141486033797, 0.204577311873],
        "var": [0.20369464159, 0.0615819096565, 0.11513607949]
    }
},
"tonal": {
    "chords_changes_rate": 0,
    "chords_number_rate": 0.0322580635548,
    "chords_strength": {
        "mean": 0.361687272787,
        "var": 0.000197624685825
    },
    "key_strength": 0.514016866684,
    "tuning_diatonic_strength": 0.435378760099,
    "tuning_equal_tempered_deviation": 0.241903871298,
    "tuning_frequency": 441.272583008,
    "tuning_nontempered_energy_ratio": 0.921296477318,