{
"metadata": {
    "version": {
        "essentia": "2.1-dev"
    }
},
"lowLevel": {
    "barkbands_kurtosis": {
        "mean": 3.2487783432,
        "var": 5.0315322876
    },
    "dissonance": {
        "mean": 0.496929585934,
        "var": 1.605811849e-05
    },
    "hfc": {
        "mean": 146.522872925,
        "var": 5975.01123047
    },
    "spectral_centroid": {
        "mean": 4925.47021484,
        "var": 171019.0625
    },
    "spectral_complexity": {
        "mean": 33.5333328247,
        "var": 28.5155525208
    },
    "spectral_crest": {
        "mean": 5.04494428635,
        "var": 0.722876191139
    },
    "spectral_energyband_high": {
        "mean": 0.017042895779,
        "var": 8.12814323581e-05
    },
    "spectral_energyband_low": {
        "mean": 4.24659483542e-05,
        "var": 7.61564200591e-10
    },
    "spectral_kurtosis": {
        "mean": -0.297230929136,
        "var": 0.043240647763
    },
    "spectral_rolloff": {
        "mean": 7520.82958984,
        "var": 398174.4375
    },
    "spectral_strongpeak": {
        "mean": 3.83918118477,
        "var": 4.41469812393
    },
    "mfcc": {
        "mean": [-605.640319824, -64.365524292, -43.3486709595, 4.03649806976, -7.82263755798, -7.79261159897, -27.4433879852, -4.2629160881, -7.24496221542, 9.30124282837, 11.0903778076, 14.4894895554, 14.0140419006],
        "var": [1177.34558105, 414.484344482, 359.379669189, 53.4332923889, 43.2314949036, 111.501113892, 28.999414444, 41.125289917, 80.7852325439, 54.0706977844, 62.0676689148, 160.402374268, 151.707321167]
    },
    "sccoeffs": {
        "mean": [-0.629865288734, -0.759598970413, -0.812468528748, -0.680543661118, -0.738560497761, -0.73546653986],
        "var": [0.0045214202255, 0.00252732494846, 0.00129564548843, 0.00236551999114, 0.000405470840633, 0.000479242560687]
    }
},
"sfx": {
    "inharmonicity": {
        "mean": 0.10280174762,
        "var": 0.0111105032265
    }
}
}