{
"metadata": {
    "version": {
        "essentia": "2.1-dev"
    }
},
"lowLevel": {
    "average_loudness": 0.907538712025,
    "barkbands_kurtosis": {
        "mean": 1.98645722866,
        "var": 79.3929748535
    },
    "barkbands_skewness": {
        "mean": 0.162612125278,
        "var": 2.10990142822
    },
    "barkbands_spread": {
        "mean": 13.4162740707,
        "var": 127.318008423
    },
    "dissonance": {
        "mean": 0.382706135511,
        "var": 0.00687589077279
    },
    "hfc": {
        "mean": 7.89977312088,
        "var": 44.6538925171
    },
    "pitch": {
        "mean": 311.797332764,
        "var": 39815.9023438
    },
    "pitch_instantaneous_confidence": {
        "mean": 0.780817866325,
        "var": 0.0915607586503
    },
    "pitch_salience": {
        "mean": 0.74780601263,
        "var": 0.0455399602652
    },
    "silence_rate_20dB": {
        "mean": 1,
        "var": 0
    },
    "silence_rate_30dB": {
        "mean": 1,
        "var": 0
    },
    "silence_rate_60dB": {
        "mean": 0.357142865658,
        "var": 0.229591414332
    },
    "spectral_centroid": {
        "mean": 963.169372559,
        "var": 95397.40625
    },
    "spectral_complexity": {
        "mean": 6.49450540543,
        "var": 19.2390003204
    },
    "spectral_crest": {
        "mean": 9.64798641205,
        "var": 14.474064827
    },
    "spectral_decrease": {
        "mean": -1.81337189709e-09,
        "var": 2.10191618772e-18
    },
    "spectral_energy": {
        "mean": 0.00756061123684,
        "var": 3.69072040485e-05
    },
    "spectral_energyband_high": {
        "mean": 9.22462390918e-07,
        "var": 8.26188726807e-13
    },
    "spectral_energyband_low": {
        "mean": 4.4560412249e-08,
        "var": 1.284561294e-14
    },
    "spectral_energyband_middle_high": {
        "mean": 0.00576933519915,
        "var": 2.39358323597e-05
    },
    "spectral_energyband_middle_low": {
        "mean": 0.00180235668086,
        "var": 1.71205181232e-06
    },
    "spectral_flatness_db": {
        "mean": 0.32587453723,
        "var": 0.0165254604071
    },
    "spectral_flux": {
        "mean": 0.00715342536569,
        "var": 3.62192513421e-05
    },
    "spectral_kurtosis": {
        "mean": 40.6006278992,
        "var": 806.704956055
    },
    "spectral_rms": {
        "mean": 0.00223196833394,
        "var": 2.39452538153e-06
    },
    "spectral_rolloff": {
        "mean": 1395.16162109,
        "var": 384262.5
    },
    "spectral_skewness": {
        "mean": 4.13893938065,
        "var": 3.54374837875
    },
    "spectral_spread": {
        "mean": 7093247.5,
        "var": 1.31981115392e+14
    },
    "spectral_strongpeak": {
        "mean": 1.6990634203,
        "var": 1.84889340401
    },
    "zerocrossingrate": {
        "mean": 0.0487878806889,
        "var": 0.0020063680131
    },
    "barkbands": {
        "mean": [2.21889226992e-08, 1.3588570269e-08, 8.55426662838e-09, 4.17868051272e-08, 0.000879558327142, 0.000170021899976, 1.15354332308e-07, 0.000739898474421, 5.81223673635e-07, 0.00126396503765, 1.45493390846e-06, 0.00244525447488, 0.0010647107847, 0.000522380578332, 0.000213295963476, 0.000128731393488, 5.87631111557e-05, 6.54357863823e-05, 4.83180065203e-06, 7.87940166447e-07, 6.26409473625e-07, 9.34681239073e-08, 2.06850323536e-08, 6.29934149288e-09, 3.67864627648e-09, 1.00976982331e-09, 4.28272944886e-10],
        "var": [7.36170522261e-16, 6.47567572549e-15, 7.29613534337e-16, 6.46884652236e-15, 3.91427221302e-07, 1.44358525134e-08, 1.05956211958e-13, 3.28036975361e-07, 6.69985876674e-13, 9.65727736002e-07, 5.24020193557e-12, 4.21527647632e-06, 8.95404127732e-07, 2.38295541521e-07, 4.5751097133e-08, 1.78898176273e-08, 3.65698227256e-09, 5.19289855561e-09, 3.87117386758e-11, 8.65721285891e-13, 4.2062103041e-13, 1.15535903869e-14, 3.62368821058e-16, 2.96115604607e-17, 1.10212816898e-17, 2.29258897033e-18, 7.32619082685e-19]
    },
    "mfcc": {
        "mean": [-900.407531738, 121.240707397, -99.2542190552, -49.7318954468, -11.6911783218, -19.1017627716, -12.7458276749, -17.2222099304, -21.9737663269, -30.7607307434, -23.6042480469, -14.3191385269, -15.1354494095],
        "var": [19514.5917969, 4366.11035156, 4307.52001953, 880.558288574, 125.205444336, 211.402236938, 84.4092788696, 110.5598526, 152.419174194, 317.220672607, 191.690338135, 82.5210113525, 119.73891449]
    },
    "sccoeffs": {
        "mean": [-0.466311186552, -0.528173208237, -0.551113188267, -0.648811399937, -0.713453829288, -0.827610731125],
        "var": [0.0354644171894, 0.0415608175099, 0.044557467103, 0.0246474537998, 0.0162560697645, 0.00261650979519]
    },
    "scvalleys": {
        "mean": [-11.0005064011, -10.132109642, -9.48891735077, -9.49994468689, -10.905921936, -13.0579166412],
        "var": [1.27248001099, 2.04968571663, 3.66945362091, 4.22441387177, 2.82353115082, 1.11100149155]
    }
},
"rhythm": {
    "beats_loudness": {
        "mean": 0.0096976198256,
        "var": 3.43197207258e-05
    },
    "bpm": 144.580078125,
    "confidence": 0,
    "first_peak_bpm": {
        "mean": 144,
        "var": 0
    },
    "first_peak_spread": {
        "mean": 0.25,
        "var": 0
    },
    "first_peak_weight": {
        "mean": 0.375,
        "var": 0
    },
    "onset_rate": 2.15296983719,
    "second_peak_bpm": {
        "mean": 152,
        "var": 0
    },
    "second_peak_spread": {
        "mean": 0,
        "var": 0
    },
    "second_peak_weight": {
        "mean": 0.25,
        "var": 0
    },
    "beats_loudness_band_ratio": {
        "mean": [0.00238983472809, 0.216268256307, 0.102883540094, 0.537671923637, 0.136798545718, 0.00696331076324],
        "var": [4.40516560047e-05, 0.0359696000814, 0.00332638714463, 0.0400916598737, 0.0052216113545, 0.000306770176394]
    },
    "beats_position": [0.394739210606, 0.789478421211, 1.19582760334, 1.57895684242, 1.99691605568, 2.41487526894, 2.83283448219, 3.22757363319, 3.66875267029],
    "bpm_estimates": [147.656265259, 143.554672241, 143.554672241, 143.554672241],
    "bpm_intervals": [0.394739210606, 0.406349182129, 0.383129239082, 0.417959213257, 0.417959213257, 0.417959213257, 0.394739151001, 0.441179037094],
    "onset_times": [0.27863946557, 0.348299324512, 0.580498874187, 0.801088452339, 0.986848056316, 1.1261677742, 1.53251695633, 2.77478456497, 3.16952371597],
    "histogram": [[0, 0, 0, 0, 0, 0, 0, 0, 0, 0, 0, 0, 0, 0, 0, 0, 0, 0, 0, 0, 0, 0, 0, 0, 0, 0, 0, 0, 0, 0, 0, 0, 0, 0, 0, 0, 0, 0, 0, 0, 0, 0, 0, 0, 0, 0, 0, 0, 0, 0, 0, 0, 0, 0, 0, 0, 0, 0, 0, 0, 0, 0, 0, 0, 0, 0, 0, 0, 0, 0, 0, 0, 0, 0, 0, 0, 0, 0, 0, 0, 0, 0, 0, 0, 0, 0, 0, 0, 0, 0, 0, 0, 0, 0, 0, 0, 0, 0, 0, 0, 0, 0, 0, 0, 0, 0, 0, 0, 0, 0, 0, 0, 0, 0, 0, 0, 0, 0, 0, 0, 0, 0, 0, 0, 0, 0, 0, 0, 0, 0, 0, 0, 0, 0, 0, 0, 0.125, 0, 0, 0, 0, 0, 0, 0, 0.375, 0, 0, 0, 0.125, 0, 0, 0, 0.25, 0, 0, 0, 0, 0.125, 0, 0, 0, 0, 0, 0, 0, 0, 0, 0, 0, 0, 0, 0, 0, 0, 0, 0, 0, 0, 0, 0, 0, 0, 0, 0, 0, 0, 0, 0, 0, 0, 0, 0, 0, 0, 0, 0, 0, 0, 0, 0, 0, 0, 0, 0, 0, 0, 0, 0, 0, 0, 0, 0, 0, 0, 0, 0, 0, 0, 0, 0, 0, 0, 0, 0, 0, 0, 0, 0, 0, 0, 0, 0, 0, 0, 0, 0, 0, 0, 0, 0, 0, 0, 0, 0, 0, 0, 0, 0, 0, 0]]
},
"sfx": {
    "inharmonicity": {
        "mean": 0.0361209772527,
        "var": 0.0102759478614
    },
    "oddtoevenharmonicenergyratio": {
        "mean": 1.86968322329e+36,
        "var": inf
    },
    "pitch_after_max_to_before_max_energy_ratio": 1.95508635044,
    "pitch_centroid": 83.7430267334,
    "pitch_max_to_total": 0.0824175849557,
    "pitch_min_to_total": 0.0164835173637,
    "tristimulus": {
        "mean": [0.185785651207, 0.424834400415, 0.383885383606],
        "var": [0.0207567643374, 0.0110049257055, 0.0217606574297]
    }
},
"tonal": {
    "chords_changes_rate": 0.0760869532824,
    "chords_number_rate": 0.0434782616794,
    "chords_strength": {
        "mean": 0.40647482872,
        "var": 0.000571224954911
    },
    "key_strength": 0.631180763245,
    "tuning_diatonic_strength": 0.418408125639,