{
"metadata": {
    "version": {
        "essentia": "2.1-dev"
    }
},
"lowLevel": {
    "barkbands_kurtosis": {
        "mean": 0.00887098349631,
        "var": 0.0842660591006
    },
    "dissonance": {
        "mean": 0.37593382597,
        "var": 0.0031341870781
    },
    "hfc": {
        "mean": 14.3530759811,
        "var": 5.96748018265
    },
    "spectral_centroid": {
        "mean": 1067.44311523,
        "var": 2168.57739258
    },
    "spectral_complexity": {
        "mean": 10.1647062302,
        "var": 0.561106622219
    },
    "spectral_crest": {
        "mean": 8.90607452393,
        "var": 0.322672575712
    },
    "spectral_energyband_high": {
        "mean": 1.67000814599e-06,
        "var": 5.26932338908e-13
    },
    "spectral_energyband_low": {
        "mean": 7.07481291329e-08,
        "var": 2.53464326486e-14
    },
    "spectral_kurtosis": {
        "mean": 47.26612854,
        "var": 165.263458252
    },
    "spectral_rolloff": {
        "mean": 1491.36315918,
        "var": 14097.5
    },
    "spectral_strongpeak": {
        "mean": 2.95489454269,
        "var": 0.0772882178426
    },
    "mfcc": {
        "mean": [-792.093444824, 162.967407227, -153.068618774, -61.7705383301, -14.7340393066, -29.3638763428, -16.36444664, -23.4530353546, -28.404340744, -41.4583740234, -31.0917930603, -20.1666584015, -22.783241272],
        "var": [140.392242432, 87.2047805786, 125.185432434, 56.8561859131, 29.9620265961, 25.4160652161, 15.5574560165, 10.7207403183, 13.499997139, 28.4931755066, 12.1611328125, 8.96961212158, 27.9550876617]
    },
    "sccoeffs": {
        "mean": [-0.351480871439, -0.412123203278, -0.415806978941, -0.540017724037, -0.613173544407, -0.791547596455],
        "var": [0.00177860422991, 0.00102313794196, 0.000960495090112, 0.000909917056561, 0.000676779076457, 0.000621771207079]
    }
},
"sfx": {
    "inharmonicity": {
        "mean": 0.00319568230771,
        "var": 5.24015285919e-06
    }
}
}