{"lowlevel.dissonance.mean": [0.30362462997436523], "sfx.inharmonicity.mean": [0.31850314140319824], "lowlevel.spectral_contrast.mean": [[0.32190024852752686, 0.8745526075363159, 0.9277756214141846, 0.6747926473617554, 0.5051546096801758, 0.3594930171966553]], "lowlevel.spectral_centroid.mean": [0.35237568616867065], "lowlevel.mfcc.mean": [[0.3155099153518677, 0.30082952976226807, 0.17922809720039368, 0.24651125073432922, 0.23661689460277557, 0.19700965285301208, 0.39966797828674316, 0.4948638677597046, 0.5292059779167175, 0.4724753201007843, 0.795635461807251, 1.0157922506332397, 1.134556531906128]], "sfx.logattacktime.mean": [0.4005233645439148], "lowlevel.hfc.mean": [0.4724279046058655]}