{
"metadata": {
    "version": {
        "essentia": "2.1-dev"
    }
},
"lowLevel": {
    "average_loudness": 0.716745615005,
    "barkbands_kurtosis": {
        "mean": 126.855827332,
        "var": 171050.84375
    },
    "barkbands_skewness": {
        "mean": 5.41720294952,
        "var": 71.4236297607
    },
    "barkbands_spread": {
        "mean": 7.36390638351,
        "var": 165.860778809
    },
    "dissonance": {
        "mean": 0.372955083847,
        "var": 0.0127296671271
    },
    "hfc": {
        "mean": 15.2707462311,
        "var": 284.430267334
    },
    "pitch": {
        "mean": 435.400482178,
        "var": 607890.4375
    },
    "pitch_instantaneous_confidence": {
        "mean": 0.612901866436,
        "var": 0.163768321276
    },
    "pitch_salience": {
        "mean": 0.365052014589,
        "var": 0.0517797842622
    },
    "silence_rate_20dB": {
        "mean": 1,
        "var": 0
    },
    "silence_rate_30dB": {
        "mean": 1,
        "var": 0
    },
    "silence_rate_60dB": {
        "mean": 0.498349845409,
        "var": 0.249997451901
    },
    "spectral_centroid": {
        "mean": 529.807312012,
        "var": 218773.640625
    },
    "spectral_complexity": {
        "mean": 2.43894386292,
        "var": 6.52349996567
    },
    "spectral_crest": {
        "mean": 18.4869556427,
        "var": 20.0643997192
    },
    "spectral_decrease": {
        "mean": -4.63475213763e-09,
        "var": 2.45331065966e-17
    },
    "spectral_energy": {
        "mean": 0.0188777241856,
        "var": 0.000408791413065
    },
    "spectral_energyband_high": {
        "mean": 5.57218345421e-06,
        "var": 3.70533360938e-11
    },
    "spectral_energyband_low": {
        "mean": 2.42229873493e-07,
        "var": 1.92273836284e-13
    },
    "spectral_energyband_middle_high": {
        "mean": 0.0119729153812,
        "var": 0.000193052255781
    },
    "spectral_energyband_middle_low": {
        "mean": 0.00689883995801,
        "var": 4.90780257678e-05
    },
    "spectral_flatness_db": {
        "mean": 0.372691631317,
        "var": 0.0132751464844
    },
    "spectral_flux": {
        "mean": 0.00732873706147,
        "var": 8.78603750607e-05
    },
    "spectral_kurtosis": {
        "mean": 11.9466810226,
        "var": 132.475708008
    },
    "spectral_rms": {
        "mean": 0.00301921693608,
        "var": 9.30162059376e-06
    },
    "spectral_rolloff": {
        "mean": 667.671081543,
        "var": 1192548.5
    },
    "spectral_skewness": {
        "mean": 2.76858329773,
        "var": 2.0891623497
    },
    "spectral_spread": {
        "mean": 16421494,
        "var": 2.24429942505e+14
    },
    "spectral_strongpeak": {
        "mean": 2.53674507141,
        "var": 8.25077342987
    },
    "zerocrossingrate": {
        "mean": 0.0407642312348,
        "var": 0.000553887221031
    },
    "barkbands": {
        "mean": [4.25380761726e-07, 4.82820894376e-08, 8.27983726026e-09, 6.61044019523e-09, 3.6442237672e-08, 1.45880198943e-06, 0.00679859379306, 9.83403806458e-05, 3.43024936456e-07, 5.08426273882e-06, 0.0113952504471, 5.5852370906e-07, 0.000390327943023, 1.9368590074e-06, 6.69540313538e-05, 5.54050018309e-07, 5.26949515915e-05, 4.50371844636e-05, 1.14341628432e-05, 4.71283783554e-06, 2.06182494367e-06, 9.3957800118e-07, 3.38195405902e-07, 2.88397387749e-07, 2.73586778121e-07, 3.56088349918e-08, 8.66180682735e-10],
        "var": [1.11450302112e-12, 3.05089303261e-15, 3.9427064942e-16, 1.53882738694e-16, 4.90281008134e-15, 8.3559608885e-12, 4.76910827274e-05, 1.30043646962e-08, 2.12508870635e-13, 1.00677903514e-10, 0.000173601147253, 5.03867997673e-13, 3.21613072174e-07, 7.22605178818e-12, 1.69808220818e-08, 5.24919246524e-13, 1.28053478932e-08, 4.35028812973e-09, 2.58955079602e-10, 3.28532236138e-11, 6.37801790548e-12, 1.20922445234e-12, 1.56406978298e-13, 1.15797372776e-13, 1.09506581049e-13, 2.62926544245e-15, 1.98909288807e-18]
    },
    "mfcc": {
        "mean": [-974.095825195, 45.6933479309, -47.9283256531, -16.1063766479, -22.6132164001, -20.9874992371, -8.86283111572, -1.36799180508, -1.52359414101, -2.83539652824, 9.63876247406, 18.8310985565, 23.0207519531],
        "var": [24465.2890625, 1416.96105957, 3041.66308594, 491.645996094, 833.740539551, 724.886413574, 257.356079102, 66.898223877, 77.3169174194, 125.251853943, 62.5319519043, 175.686416626, 320.576660156]
    },
    "sccoeffs": {
        "mean": [-0.770493030548, -0.603325247765, -0.618349552155, -0.740975737572, -0.815231144428, -0.863480269909],
        "var": [0.00860147364438, 0.0785553008318, 0.0823013484478, 0.0268786158413, 0.0103352861479, 0.00276530743577]
    },
    "scvalleys": {
        "mean": [-11.1391763687, -10.6130962372, -11.0333309174, -11.3476028442, -11.5684089661, -12.4913692474],
        "var": [1.43750846386, 6.19915485382, 6.12674474716, 5.50444412231, 6.45500802994, 4.02151536942]
    }
},
"rhythm": {
    "beats_loudness": {
        "mean": 0.0226980466396,
        "var": 0.000432845437899
    },
    "bpm": 111.732666016,
    "confidence": 3.10391020775,
    "first_peak_bpm": {
        "mean": 112,
        "var": 0
    },
    "first_peak_spread": {
        "mean": 0.45454543829,
        "var": 0
    },
    "first_peak_weight": {
        "mean": 0.54545456171,
        "var": 0
    },
    "onset_rate": 0.428245425224,
    "second_peak_bpm": {
        "mean": 0,
        "var": 0
    },
    "second_peak_spread": {
        "mean": 0,
        "var": 0
    },
    "second_peak_weight": {
        "mean": 0,
        "var": 0
    },
    "beats_loudness_band_ratio": {
        "mean": [0.393424987793, 0.000431114953244, 0.246250018477, 0.349326342344, 0.00795199722052, 0.00287547358312],
        "var": [0.219227269292, 5.78042943289e-07, 0.0418348908424, 0.0924409031868, 4.4974964112e-05, 2.34397230088e-05]
    },
    "beats_position": [0.545668900013, 1.09133780003, 1.64861679077, 2.20589566231, 2.73995471001, 3.27401351929, 3.80807256699, 4.34213161469, 4.86458063126, 5.38702917099, 5.92108821869, 6.45514726639],
    "bpm_estimates": [109.956787109, 107.666000366, 107.666023254, 112.347129822, 112.347175598, 112.347129822, 112.347129822, 114.843742371, 114.843849182, 112.347129822, 112.347129822],
    "bpm_intervals": [0.545668900013, 0.557278990746, 0.557278871536, 0.534059047699, 0.53405880928, 0.534059047699, 0.534059047699, 0.522449016571, 0.522448539734, 0.534059047699, 0.534059047699],
    "onset_times": [2.17106580734, 2.34521532059, 7.00081634521],
    "histogram": [[0, 0, 0, 0, 0, 0, 0, 0, 0, 0, 0, 0, 0, 0, 0, 0, 0, 0, 0, 0, 0, 0, 0, 0, 0, 0, 0, 0, 0, 0, 0, 0, 0, 0, 0, 0, 0, 0, 0, 0, 0, 0, 0, 0, 0, 0, 0, 0, 0, 0, 0, 0, 0, 0, 0, 0, 0, 0, 0, 0, 0, 0, 0, 0, 0, 0, 0, 0, 0, 0, 0, 0, 0, 0, 0, 0, 0, 0, 0, 0, 0, 0, 0, 0, 0, 0, 0, 0, 0, 0, 0, 0, 0, 0, 0, 0, 0, 0, 0, 0, 0, 0, 0, 0, 0, 0, 0, 0, 0.181818187237, 0, 0.0909090936184, 0, 0.54545456171, 0, 0, 0.181818187237, 0, 0, 0, 0, 0, 0, 0, 0, 0, 0, 0, 0, 0, 0, 0, 0, 0, 0, 0, 0, 0, 0, 0, 0, 0, 0, 0, 0, 0, 0, 0, 0, 0, 0, 0, 0, 0, 0, 0, 0, 0, 0, 0, 0, 0, 0, 0, 0, 0, 0, 0, 0, 0, 0, 0, 0, 0, 0, 0, 0, 0, 0, 0, 0, 0, 0, 0, 0, 0, 0, 0, 0, 0, 0, 0, 0, 0, 0, 0, 0, 0, 0, 0, 0, 0, 0, 0, 0, 0, 0, 0, 0, 0, 0, 0, 0, 0, 0, 0, 0, 0, 0, 0, 0, 0, 0, 0, 0, 0, 0, 0, 0, 0, 0, 0, 0, 0, 0, 0, 0, 0, 0, 0, 0, 0, 0, 0, 0, 0, 0, 0, 0, 0, 0]]
},
"sfx": {
    "inharmonicity": {
        "mean": 0.045215215534,
        "var": 0.00659304345027
    },
    "oddtoevenharmonicenergyratio": {
        "mean": inf,
        "var": inf
    },
    "pitch_after_max_to_before_max_energy_ratio": 0.68621057272,
    "pitch_centroid": 175.083770752,
    "pitch_max_to_total": 0.996699690819,
    "pitch_min_to_total": 0.0165016502142,
    "tristimulus": {
        "mean": [0.294860333204, 0.42525601387, 0.276583373547],
        "var": [0.0415389724076, 0.0385641865432, 0.090739056468]
    }
},
"tonal": {
    "chords_changes_rate": 0.125,
    "chords_number_rate": 0.0526315793395,