{
"metadata": {
    "version": {
        "essentia": "2.1-dev"
    }
},
"lowLevel": {
    "barkbands_kurtosis": {
        "mean": 0.180839389563,
        "var": 0.638903915882
    },
    "dissonance": {
        "mean": 0.28079366684,
        "var": 0.00512026250362
    },
    "hfc": {
        "mean": 30.8125171661,
        "var": 96.1223297119
    },
    "spectral_centroid": {
        "mean": 795.353820801,
        "var": 3705.16577148
    },
    "spectral_complexity": {
        "mean": 4.86666679382,
        "var": 1.38222336769
    },
    "spectral_crest": {
        "mean": 16.406244278,
        "var": 4.13098287582
    },
    "spectral_energyband_high": {
        "mean": 1.12387633635e-05,
        "var": 1.12426049373e-11
    },
    "spectral_energyband_low": {
        "mean": 1.80283905138e-07,
        "var": 2.3021882862e-14
    },
    "spectral_kurtosis": {
        "mean": 21.1288585663,
        "var": 28.3965854645
    },
    "spectral_rolloff": {
        "mean": 965.117370605,
        "var": 1496.56982422
    },
    "spectral_strongpeak": {
        "mean": 5.11018133163,
        "var": 3.54312419891
    },
    "mfcc": {
        "mean": [-818.049499512, 81.0917434692, -101.935791016, -37.3429679871, -50.8572502136, -47.4675483704, -23.1018848419, -8.10943508148, -8.59143924713, -11.5624608994, 12.6486330032, 30.5761222839, 39.1607208252],
        "var": [270.367828369, 68.4822540283, 267.516387939, 36.1983757019, 64.845161438, 33.7933349609, 87.5148239136, 26.2118206024, 42.687625885, 77.1948852539, 94.4833755493, 42.7586975098, 84.4144821167]
    },
    "sccoeffs": {
        "mean": [-0.841807425022, -0.330640345812, -0.333778917789, -0.582898378372, -0.719114661217, -0.813764750957],
        "var": [0.00160539604258, 0.000692240719218, 0.00107838097028, 0.00251334556378, 0.00186903041322, 0.000241881061811]
    }
},
"sfx": {
    "inharmonicity": {
        "mean": 0.00315092387609,
        "var": 2.09493919101e-06
    }
}
}