{
"metadata": {
    "version": {
        "essentia": "2.1-dev"
    }
},
"lowLevel": {
    "barkbands_kurtosis": {
        "mean": 20.3608264923,
        "var": 145.812988281
    },
    "dissonance": {
        "mean": 0.250734388828,
        "var": 0.00867315661162
    },
    "hfc": {
        "mean": 23.0231990814,
        "var": 28.0306301117
    },
    "spectral_centroid": {
        "mean": 788.65826416,
        "var": 883.089782715
    },
    "spectral_complexity": {
        "mean": 2.78538823128,
        "var": 0.186818704009
    },
    "spectral_crest": {
        "mean": 23.602437973,
        "var": 0.602176010609
    },
    "spectral_energyband_high": {
        "mean": 4.94230278036e-07,
        "var": 1.40921914979e-13
    },
    "spectral_energyband_low": {
        "mean": 1.09230363421e-07,
        "var": 6.91486654381e-15
    },
    "spectral_kurtosis": {
        "mean": 61.1861610413,
        "var": 215.174331665
    },
    "spectral_rolloff": {
        "mean": 778.144775391,
        "var": 16002.0742188
    },
    "spectral_strongpeak": {
        "mean": 4.93454790115,
        "var": 0.196443721652
    },
    "mfcc": {
        "mean": [-961.114379883, 80.758140564, -99.8886260986, -64.718460083, -20.1142730713, -13.1109113693, 5.94937944412, 15.7918195724, 37.6956138611, 48.9712219238, 18.8713340759, -18.5443687439, -46.6229057312],
        "var": [518.623901367, 57.8971214294, 143.824203491, 35.2514915466, 16.3028316498, 24.9273204803, 25.1608428955, 36.0710334778, 34.0905532837, 26.1295127869, 22.8529033661, 14.3219165802, 17.4310779572]
    },
    "sccoeffs": {
        "mean": [-0.83788305521, -0.872545957565, -0.250483155251, -0.557004928589, -0.71884816885, -0.874200046062],
        "var": [0.00213378784247, 0.00152835750487, 0.000183265816304, 0.00126270926557, 0.000905680353753, 0.000105247490865]
    }
},
"sfx": {
    "inharmonicity": {
        "mean": 0.000196706867428,
        "var": 3.39987202835e-08
    }
}
}