{
"metadata": {
    "version": {
        "essentia": "2.1-dev"
    }
},
"lowLevel": {
    "barkbands_kurtosis": {
        "mean": -1.16594028473,
        "var": 0.144152596593
    },
    "dissonance": {
        "mean": 0.411864221096,
        "var": 0.00060885224957
    },
    "hfc": {
        "mean": 63.0643119812,
        "var": 666.044677734
    },
    "spectral_centroid": {
        "mean": 1128.37084961,
        "var": 20754.296875
    },
    "spectral_complexity": {
        "mean": 12.8048782349,
        "var": 0.766804933548
    },
    "spectral_crest": {
        "mean": 12.2683706284,
        "var": 0.26069483161
    },
    "spectral_energyband_high": {
        "mean": 0.000336803757818,
        "var": 6.59836345562e-08
    },
    "spectral_energyband_low": {
        "mean": 3.6407236621e-05,
        "var": 4.08285005804e-09
    },
    "spectral_kurtosis": {
        "mean": 11.9345149994,
        "var": 9.93914890289
    },
    "spectral_rolloff": {
        "mean": 2370.22753906,
        "var": 26167.09375
    },
    "spectral_strongpeak": {
        "mean": 2.06664061546,
        "var": 0.258040457964
    },
    "mfcc": {
        "mean": [-654.622253418, 90.4199523926, -131.248153687, 13.3131532669, -13.4316005707, -30.7728900909, -29.9196891785, -24.1637535095, -15.625702858, -13.9076929092, -11.5744476318, 0.478312969208, 3.16056156158],
        "var": [494.472045898, 192.149597168, 116.926460266, 113.230728149, 54.1177177429, 116.628883362, 29.0566768646, 50.5731544495, 53.8693962097, 49.1501502991, 29.7868232727, 55.0251464844, 36.8175430298]
    },
    "sccoeffs": {
        "mean": [-0.683799386024, -0.284567952156, -0.409379959106, -0.463329225779, -0.536036252975, -0.678684234619],
        "var": [0.0051725236699, 0.00207229470834, 0.00245751696639, 0.000409418775234, 0.000440133240772, 0.000775042106397]
    }
},
"sfx": {
    "inharmonicity": {
        "mean": 0.00775571726263,
        "var": 4.18084118792e-06
    }
}
}