{
"metadata": {
    "version": {
        "essentia": "2.1-dev"
    }
},
"lowLevel": {
    "average_loudness": 0.943574130535,
    "barkbands_kurtosis": {
        "mean": 130.405303955,
        "var": 276964.1875
    },
    "barkbands_skewness": {
        "mean": 3.4977107048,
        "var": 69.9797973633
    },
    "barkbands_spread": {
        "mean": 13.9704370499,
        "var": 100.330619812
    },
    "dissonance": {
        "mean": 0.344276756048,
        "var": 0.015557830222
    },
    "hfc": {
        "mean": 33.3744316101,
        "var": 1328.28076172
    },
    "pitch": {
        "mean": 367.00201416,
        "var": 232166.390625
    },
    "pitch_instantaneous_confidence": {
        "mean": 0.845901072025,
        "var": 0.0734116584063
    },
    "pitch_salience": {
        "mean": 0.510459244251,
        "var": 0.0462433621287
    },
    "silence_rate_20dB": {
        "mean": 1,
        "var": 0
    },
    "silence_rate_30dB": {
        "mean": 1,
        "var": 0
    },
    "silence_rate_60dB": {
        "mean": 0.442307680845,
        "var": 0.246671438217
    },
    "spectral_centroid": {
        "mean": 707.788452148,
        "var": 256664.796875
    },
    "spectral_complexity": {
        "mean": 7.24358987808,
        "var": 38.0048027039
    },
    "spectral_crest": {
        "mean": 15.1228542328,
        "var": 21.5437145233
    },
    "spectral_decrease": {
        "mean": -7.19317627684e-09,
        "var": 6.33053962107e-17
    },
    "spectral_energy": {
        "mean": 0.0301758423448,
        "var": 0.00110877363477
    },
    "spectral_energyband_high": {
        "mean": 0.000178091417183,
        "var": 6.26738767551e-08
    },
    "spectral_energyband_low": {
        "mean": 3.05052017211e-05,
        "var": 2.38441488776e-09
    },
    "spectral_energyband_middle_high": {
        "mean": 0.0120001062751,
        "var": 0.000171083869645
    },
    "spectral_energyband_middle_low": {
        "mean": 0.0179928839207,
        "var": 0.000417201430537
    },
    "spectral_flatness_db": {
        "mean": 0.374704807997,
        "var": 0.00996578577906
    },
    "spectral_flux": {
        "mean": 0.0115970736369,
        "var": 9.31758040679e-05
    },
    "spectral_kurtosis": {
        "mean": 22.2485694885,
        "var": 658.330505371
    },
    "spectral_rms": {
        "mean": 0.00404356233776,
        "var": 1.30894432004e-05
    },
    "spectral_rolloff": {
        "mean": 1450.17834473,
        "var": 1174216.125
    },
    "spectral_skewness": {
        "mean": 3.61703801155,
        "var": 3.93298172951
    },
    "spectral_spread": {
        "mean": 5521747,
        "var": 2.53999332721e+13
    },
    "spectral_strongpeak": {
        "mean": 1.14536321163,
        "var": 1.09989190102
    },
    "zerocrossingrate": {
        "mean": 0.0367869846523,
        "var": 0.000638269237243
    },
    "barkbands": {
        "mean": [4.4659631385e-05, 6.68741677146e-06, 1.07911674263e-07, 8.14057372622e-08, 5.36890547664e-06, 0.0138259530067, 3.49707784153e-06, 2.62782828031e-06, 0.00415490474552, 1.8025218651e-06, 0.00192446017172, 7.21904143575e-07, 0.00068020314211, 0.00121519388631, 0.00116948853247, 0.0016083837254, 0.00371140404604, 0.000724531593733, 0.000688793603331, 0.000311333424179, 6.81069432176e-05, 2.22650742217e-05, 2.43216254603e-06, 1.87005991847e-06, 8.40712289119e-07, 1.7963800758e-07, 1.31324162655e-09],
        "var": [7.58355422903e-09, 1.0269856493e-10, 1.07871018026e-14, 1.57942405086e-14, 2.45339887295e-10, 0.000234275838011, 4.12864104016e-10, 8.39936037389e-11, 3.02274474961e-05, 1.79019611635e-11, 5.09676237925e-06, 5.96437482736e-12, 8.4891246388e-07, 1.50793630382e-06, 2.09323957279e-06, 3.75074046133e-06, 1.99002570298e-05, 5.85390466767e-07, 7.49293235458e-07, 1.59363310104e-07, 1.35638487109e-08, 1.0030564157e-09, 9.765798413e-12, 5.62851328045e-12, 1.16987528605e-12, 5.54059395748e-14, 6.16244717345e-18]
    },
    "mfcc": {
        "mean": [-845.322387695, 83.185218811, -53.9922561646, 15.1387767792, -4.96415185928, -17.9518222809, -17.1403064728, -12.2532873154, -5.7382774353, -2.05133605003, 0.25621843338, 5.76600074768, 5.03801393509],
        "var": [44093.5234375, 895.498718262, 7391.18652344, 185.706680298, 222.318252563, 421.216186523, 339.312225342, 290.385620117, 238.59312439, 219.551132202, 185.95300293, 71.918510437, 33.1223106384]
    },
    "sccoeffs": {
        "mean": [-0.6314868927, -0.440126717091, -0.546967387199, -0.636575579643, -0.698847234249, -0.778190553188],
        "var": [0.00844256300479, 0.048486802727, 0.0333590991795, 0.0389067828655, 0.0321534611285, 0.0119576053694]
    },
    "scvalleys": {
        "mean": [-9.52997016907, -9.51540565491, -10.0792560577, -10.2785873413, -10.3585443497, -12.1464071274],
        "var": [0.998163104057, 3.52144598961, 3.78599905968, 4.99014663696, 6.40144872665, 2.52936816216]
    }
},
"rhythm": {
    "beats_loudness": {
        "mean": 0.0385953448713,
        "var": 0.00117693492211
    },
    "bpm": 152.69468689,
    "confidence": 0,
    "first_peak_bpm": {
        "mean": 152,
        "var": 0
    },
    "first_peak_spread": {
        "mean": 0.199999988079,
        "var": 0
    },
    "first_peak_weight": {
        "mean": 0.571428596973,
        "var": 0
    },
    "onset_rate": 0.838047266006,
    "second_peak_bpm": {
        "mean": 157,
        "var": 0
    },
    "second_peak_spread": {
        "mean": 0,
        "var": 0
    },
    "second_peak_weight": {
        "mean": 0.285714298487,
        "var": 0
    },
    "beats_loudness_band_ratio": {
        "mean": [0.143357902765, 0.416888296604, 0.132824927568, 0.0709778368473, 0.209196269512, 0.026827165857],
        "var": [0.0686511024833, 0.0107534201816, 0.0027418739628, 0.00193756376393, 0.018936028704, 0.00037541842903]
    },
    "beats_position": [0.441179126501, 0.835918366909, 1.23065757751, 1.62539684772, 2.00852608681, 2.39165520668, 2.7863945961, 3.19274377823],
    "bpm_estimates": [151.999069214, 151.999084473, 151.999069214, 156.605117798, 156.605163574, 151.999023438, 147.656265259],
    "bpm_intervals": [0.394739240408, 0.394739210606, 0.39473927021, 0.383129239082, 0.383129119873, 0.39473938942, 0.406349182129],
    "onset_times": [0.417959183455, 2.73995471001, 3.58748292923],
    "histogram": [[0, 0, 0, 0, 0, 0, 0, 0, 0, 0, 0, 0, 0, 0, 0, 0, 0, 0, 0, 0, 0, 0, 0, 0, 0, 0, 0, 0, 0, 0, 0, 0, 0, 0, 0, 0, 0, 0, 0, 0, 0, 0, 0, 0, 0, 0, 0, 0, 0, 0, 0, 0, 0, 0, 0, 0, 0, 0, 0, 0, 0, 0, 0, 0, 0, 0, 0, 0, 0, 0, 0, 0, 0, 0, 0, 0, 0, 0, 0, 0, 0, 0, 0, 0, 0, 0, 0, 0, 0, 0, 0, 0, 0, 0, 0, 0, 0, 0, 0, 0, 0, 0, 0, 0, 0, 0, 0, 0, 0, 0, 0, 0, 0, 0, 0, 0, 0, 0, 0, 0, 0, 0, 0, 0, 0, 0, 0, 0, 0, 0, 0, 0, 0, 0, 0, 0, 0, 0, 0, 0, 0, 0, 0, 0, 0, 0, 0, 0, 0.142857149243, 0, 0, 0, 0.571428596973, 0, 0, 0, 0, 0.285714298487, 0, 0, 0, 0, 0, 0, 0, 0, 0, 0, 0, 0, 0, 0, 0, 0, 0, 0, 0, 0, 0, 0, 0, 0, 0, 0, 0, 0, 0, 0, 0, 0, 0, 0, 0, 0, 0, 0, 0, 0, 0, 0, 0, 0, 0, 0, 0, 0, 0, 0, 0, 0, 0, 0, 0, 0, 0, 0, 0, 0, 0, 0, 0, 0, 0, 0, 0, 0, 0, 0, 0, 0, 0, 0, 0, 0, 0, 0, 0, 0, 0, 0, 0, 0, 0, 0, 0, 0, 0, 0, 0, 0]]
},
"sfx": {
    "inharmonicity": {
        "mean": 0.014616725035,
        "var": 0.00115937530063
    },
    "oddtoevenharmonicenergyratio": {
        "mean": 2.18129709384e+36,
        "var": inf
    },
    "pitch_after_max_to_before_max_energy_ratio": 3.85498094559,
    "pitch_centroid": 71.6743850708,
    "pitch_max_to_total": 0.10897435993,
    "pitch_min_to_total": 0.0448717959225,
    "tristimulus": {
        "mean": [0.337788909674, 0.308136880398, 0.354074269533],
        "var": [0.0515158846974, 0.0206100959331, 0.0694656744599]
    }
},
"tonal": {
    "chords_changes_rate": 0.0632911399007,
    "chords_number_rate": 0.0506329126656,
    "chords_strength": {
        "mean": 0.384378612041,
        "var": 1.89562961168e-05
    },
    "key_strength": 0.613609135151,
    "tuning_diatonic_strength": 0.451039075851,
    "tuning_equal_tempered_deviation": 0.0909850299358,