{
"metadata": {
    "version": {
        "essentia": "2.1-dev"
    }
},
"lowLevel": {
    "barkbands_kurtosis": {
        "mean": -0.60732626915,
        "var": 0.045734744519
    },
    "dissonance": {
        "mean": 0.417027801275,
        "var": 0.00154772272799
    },
    "hfc": {
        "mean": 79.8932647705,
        "var": 471.016113281
    },
    "spectral_centroid": {
        "mean": 1520.93823242,
        "var": 18045.6699219
    },
    "spectral_complexity": {
        "mean": 9.03846168518,
        "var": 4.19081687927
    },
    "spectral_crest": {
        "mean": 9.55691337585,
        "var": 2.31224989891
    },
    "spectral_energyband_high": {
        "mean": 0.000359772879165,
        "var": 3.11770449457e-08
    },
    "spectral_energyband_low": {
        "mean": 2.07463166646e-08,
        "var": 3.11576940362e-16
    },
    "spectral_kurtosis": {
        "mean": 18.125125885,
        "var": 83.2151641846
    },
    "spectral_rolloff": {
        "mean": 2266.98974609,
        "var": 88914.4609375
    },
    "spectral_strongpeak": {
        "mean": 5.73677825928,
        "var": 0.867807269096
    },
    "mfcc": {
        "mean": [-742.242431641, 15.0522270203, -194.999252319, -4.87125825882, -48.473487854, -28.3279514313, -39.0315513611, -16.9241371155, -15.5312099457, 2.52705383301, 32.6694984436, 48.0320587158, 42.782283783],
        "var": [751.779296875, 428.594360352, 62.8026123047, 75.369178772, 43.0192642212, 26.142244339, 40.4578399658, 16.744474411, 24.2630290985, 11.091258049, 10.6234426498, 15.7877597809, 10.6010799408]
    },
    "sccoeffs": {
        "mean": [-0.886590123177, -0.371477305889, -0.32445988059, -0.421651095152, -0.533193826675, -0.62507212162],
        "var": [0.00124267162755, 0.000862382352352, 0.0004852724378, 0.00106256466825, 0.00109031714965, 0.00288644526154]
    }
},
"sfx": {
    "inharmonicity": {
        "mean": 0.00424090959132,
        "var": 5.6856347328e-06
    }
}
}