{
"metadata": {
    "version": {
        "essentia": "2.1-dev"
    }
},
"lowLevel": {
    "average_loudness": 0.939425885677,
    "barkbands_kurtosis": {
        "mean": 1.63099586964,
        "var": 27.9609298706
    },
    "barkbands_skewness": {
        "mean": 0.79443103075,
        "var": 1.70494389534
    },
    "barkbands_spread": {
        "mean": 23.7091426849,
        "var": 568.27166748
    },
    "dissonance": {
        "mean": 0.439742952585,
        "var": 0.00264268368483
    },
    "hfc": {
        "mean": 42.678276062,
        "var": 1834.5291748
    },
    "pitch": {
        "mean": 453.803375244,
        "var": 44634.3242188
    },
    "pitch_instantaneous_confidence": {
        "mean": 0.660858571529,
        "var": 0.15039306879
    },
    "pitch_salience": {
        "mean": 0.672922670841,
        "var": 0.0623014345765
    },
    "silence_rate_20dB": {
        "mean": 1,
        "var": 0
    },
    "silence_rate_30dB": {
        "mean": 1,
        "var": 0
    },
    "silence_rate_60dB": {
        "mean": 0.451282054186,
        "var": 0.247626274824
    },
    "spectral_centroid": {
        "mean": 1455.84155273,
        "var": 728127.1875
    },
    "spectral_complexity": {
        "mean": 4.87179470062,
        "var": 22.2860908508
    },
    "spectral_crest": {
        "mean": 11.3291044235,
        "var": 21.3156909943
    },
    "spectral_decrease": {
        "mean": -6.31502272697e-09,
        "var": 3.82803934279e-17
    },
    "spectral_energy": {
        "mean": 0.0277053695172,
        "var": 0.000740812974982
    },
    "spectral_energyband_high": {
        "mean": 0.000191896921024,
        "var": 4.88361848738e-08
    },
    "spectral_energyband_low": {
        "mean": 1.47273127027e-08,
        "var": 3.79473645576e-16
    },
    "spectral_energyband_middle_high": {
        "mean": 0.0246548186988,
        "var": 0.000599007122219
    },
    "spectral_energyband_middle_low": {
        "mean": 0.00285878893919,
        "var": 7.68698828324e-06
    },
    "spectral_flatness_db": {
        "mean": 0.286913990974,
        "var": 0.0270509012043
    },
    "spectral_flux": {
        "mean": 0.0116365784779,
        "var": 0.000451957370387
    },
    "spectral_kurtosis": {
        "mean": 11.0949172974,
        "var": 150.729003906
    },
    "spectral_rms": {
        "mean": 0.0037989479024,
        "var": 1.259763485e-05
    },
    "spectral_rolloff": {
        "mean": 2321.16992188,
        "var": 4274222.5
    },
    "spectral_skewness": {
        "mean": 2.11104607582,
        "var": 1.72073757648
    },
    "spectral_spread": {
        "mean": 15424333,
        "var": 2.57303336976e+14
    },
    "spectral_strongpeak": {
        "mean": 3.08037161827,
        "var": 8.56533241272
    },
    "zerocrossingrate": {
        "mean": 0.1019481197,
        "var": 0.00467254268005
    },
    "barkbands": {
        "mean": [1.33826967286e-08, 5.00119279323e-09, 2.54587328996e-09, 2.63050159433e-09, 8.5129441274e-09, 1.64409016179e-07, 0.000359105179086, 0.00249742763117, 2.041189191e-06, 3.01095525401e-07, 0.00964523479342, 0.000190549879335, 3.09154984279e-06, 0.00716240890324, 4.59228431282e-06, 0.00393194099888, 0.00216286233626, 0.000929036061279, 0.000623226806056, 8.79068975337e-05, 8.43994712341e-05, 1.83769916475e-05, 2.00364183911e-06, 6.14482246419e-07, 8.03077000455e-08, 1.92308320379e-08, 1.20990717445e-09],
        "var": [2.5968322862e-16, 6.62583185009e-17, 4.49873194183e-17, 6.15927286785e-17, 8.13535917624e-16, 8.28531037181e-14, 1.55799142476e-07, 5.73975603402e-06, 2.63954663682e-10, 2.98429553638e-12, 9.15170967346e-05, 8.44087466589e-08, 1.91701349239e-10, 5.13751074322e-05, 4.14528550374e-10, 1.75542609213e-05, 5.21738138559e-06, 1.10110102014e-06, 4.95495839914e-07, 9.75746683451e-09, 9.98719595913e-09, 5.26265697687e-10, 7.83418035305e-12, 6.60043038021e-13, 1.00496088502e-14, 7.50674267416e-16, 6.72408088909e-18]
    },
    "mfcc": {
        "mean": [-920.758239746, 11.4946603775, -106.690254211, -4.42285013199, -26.4637413025, -16.030456543, -21.5604324341, -9.33181858063, -8.21757030487, 1.79729235172, 18.4807014465, 27.2742366791, 24.531036377],
        "var": [37818.9453125, 455.366760254, 9254.87890625, 124.055168152, 590.633544922, 219.403518677, 396.003936768, 81.3077545166, 75.9413375854, 9.78921318054, 251.098342896, 545.802612305, 436.94619751]
    },
    "sccoeffs": {
        "mean": [-0.852739870548, -0.599909842014, -0.584376037121, -0.638509869576, -0.704864501953, -0.756876051426],
        "var": [0.00314296153374, 0.0665833950043, 0.0818073004484, 0.0566111057997, 0.0354103595018, 0.0217746756971]
    },
    "scvalleys": {
        "mean": [-11.7616815567, -10.671954155, -10.9600095749, -10.5864067078, -11.2360305786, -13.0243692398],
        "var": [2.30594396591, 6.38906478882, 6.4380903244, 8.76713943481, 7.821164608, 3.11777210236]
    }
},
"rhythm": {
    "beats_loudness": {
        "mean": 0.0329426191747,
        "var": 0.000754066102672
    },
    "bpm": 106.949180603,
    "confidence": 0,
    "first_peak_bpm": {
        "mean": 105,
        "var": 0
    },
    "first_peak_spread": {
        "mean": 0.400000035763,
        "var": 0
    },
    "first_peak_weight": {
        "mean": 0.5,
        "var": 0
    },
    "onset_rate": 0.88862913847,
    "second_peak_bpm": {
        "mean": 110,
        "var": 0
    },
    "second_peak_spread": {
        "mean": 0,
        "var": 0
    },
    "second_peak_weight": {
        "mean": 0.166666671634,
        "var": 0
    },
    "beats_loudness_band_ratio": {
        "mean": [0.237773016095, 0.00174436962698, 0.110923409462, 0.428032815456, 0.176905423403, 0.0465981252491],
        "var": [0.141563743353, 9.17444231163e-06, 0.0101467547938, 0.0691340565681, 0.014809849672, 0.00206832401454]
    },
    "beats_position": [0.545668900013, 1.10294783115, 1.67183673382, 2.24072551727, 2.80961441994, 3.36689329147, 3.9125623703],
    "bpm_estimates": [107.666015625, 105.46875, 105.468772888, 105.46875, 107.666023254, 109.956756592],
    "bpm_intervals": [0.557278931141, 0.568888902664, 0.568888783455, 0.568888902664, 0.557278871536, 0.545669078827],
    "onset_times": [1.45124721527, 1.63700675964, 1.78793644905, 3.33206343651],
    "histogram": [[0, 0, 0, 0, 0, 0, 0, 0, 0, 0, 0, 0, 0, 0, 0, 0, 0, 0, 0, 0, 0, 0, 0, 0, 0, 0, 0, 0, 0, 0, 0, 0, 0, 0, 0, 0, 0, 0, 0, 0, 0, 0, 0, 0, 0, 0, 0, 0, 0, 0, 0, 0, 0, 0, 0, 0, 0, 0, 0, 0, 0, 0, 0, 0, 0, 0, 0, 0, 0, 0, 0, 0, 0, 0, 0, 0, 0, 0, 0, 0, 0, 0, 0, 0, 0, 0, 0, 0, 0, 0, 0, 0, 0, 0, 0, 0, 0, 0, 0, 0, 0, 0, 0, 0, 0, 0.5, 0, 0, 0.333333343267, 0, 0.166666671634, 0, 0, 0, 0, 0, 0, 0, 0, 0, 0, 0, 0, 0, 0, 0, 0, 0, 0, 0, 0, 0, 0, 0, 0, 0, 0, 0, 0, 0, 0, 0, 0, 0, 0, 0, 0, 0, 0, 0, 0, 0, 0, 0, 0, 0, 0, 0, 0, 0, 0, 0, 0, 0, 0, 0, 0, 0, 0, 0, 0, 0, 0, 0, 0, 0, 0, 0, 0, 0, 0, 0, 0, 0, 0, 0, 0, 0, 0, 0, 0, 0, 0, 0, 0, 0, 0, 0, 0, 0, 0, 0, 0, 0, 0, 0, 0, 0, 0, 0, 0, 0, 0, 0, 0, 0, 0, 0, 0, 0, 0, 0, 0, 0, 0, 0, 0, 0, 0, 0, 0, 0, 0, 0, 0, 0, 0, 0, 0, 0, 0, 0, 0, 0, 0, 0, 0, 0, 0, 0]]
},
"sfx": {
    "inharmonicity": {
        "mean": 0.057487860322,
        "var": 0.00692501431331
    },
    "oddtoevenharmonicenergyratio": {
        "mean": 1.05835676193,
        "var": 0.292750656605
    },
    "pitch_after_max_to_before_max_energy_ratio": 2.63133072853,
    "pitch_centroid": 101.080375671,
    "pitch_max_to_total": 0.302564114332,
    "pitch_min_to_total": 0.953846156597,
    "tristimulus": {
        "mean": [0.166477411985, 0.471308976412, 0.362213641405],
        "var": [0.0140844173729, 0.0278020780534, 0.0404319092631]
    }
},
"tonal": {
    "chords_changes_rate": 0.0918367356062,
    "chords_number_rate": 0.0408163256943,
    "chords_strength": {
        "mean": 0.472266346216,
        "var": 0.00689173676074
    },
    "key_strength": 0.746560811996,
    "tuning_diatonic_strength": 0.511432468891,
    "tuning_equal_tempered_deviation": 0.138631418347,
    "tuning_frequency": 438.224517822,