{
"metadata": {
    "version": {
        "essentia": "2.1-dev"
    }
},
"lowLevel": {
    "barkbands_kurtosis": {
        "mean": -1.20100104809,
        "var": 0.0107550695539
    },
    "dissonance": {
        "mean": 0.389861404896,
        "var": 0.00152687716763
    },
    "hfc": {
        "mean": 13.1325025558,
        "var": 3.28418087959
    },
    "spectral_centroid": {
        "mean": 1132.66430664,
        "var": 9020.796875
    },
    "spectral_complexity": {
        "mean": 10.7663555145,
        "var": 1.26316702366
    },
    "spectral_crest": {
        "mean": 7.20316886902,
        "var": 0.156957104802
    },
    "spectral_energyband_high": {
        "mean": 4.19653588324e-05,
        "var": 2.60378218986e-10
    },
    "spectral_energyband_low": {
        "mean": 4.64042477688e-06,
        "var": 8.56586936798e-12
    },
    "spectral_kurtosis": {
        "mean": 11.4521017075,
        "var": 6.68396663666
    },
    "spectral_rolloff": {
        "mean": 1977.23278809,
        "var": 379.723388672
    },
    "spectral_strongpeak": {
        "mean": 2.63428163528,
        "var": 1.68068218231
    },
    "mfcc": {
        "mean": [-706.678833008, 130.205718994, -71.2221374512, -2.35331702232, -2.51345515251, -12.7437047958, -32.5113143921, -36.7595710754, -12.056139946, 7.12560939789, -9.08039188385, -6.40911054611, -15.6327819824],
        "var": [85.4033584595, 54.5375480652, 29.0122089386, 60.1012420654, 23.3921604156, 31.2968273163, 60.3415222168, 94.2024307251, 38.5827941895, 26.1645717621, 39.6285400391, 22.1463108063, 37.3657836914]
    },
    "sccoeffs": {
        "mean": [-0.484503269196, -0.448524624109, -0.488425880671, -0.460465073586, -0.641451776028, -0.689398169518],
        "var": [0.00205372762866, 0.000648059532978, 0.000542951747775, 0.00047139232629, 0.000144347563037, 0.000943798862863]
    }
},
"sfx": {
    "inharmonicity": {
        "mean": 0.0236133635044,
        "var": 6.62000311422e-05
    }
}
}