{"lowlevel.dissonance.mean": [0.43792855739593506], "sfx.inharmonicity.mean": [0.44907650351524353], "lowlevel.spectral_contrast.mean": [[0.315568208694458, 0.3058295249938965, 1.014917254447937, 0.8906131982803345, 0.6015267372131348, 0.43607211112976074]], "lowlevel.spectral_centroid.mean": [0.39233481884002686], "lowlevel.mfcc.mean": [[0.33538591861724854, 0.17484065890312195, 0.1255628764629364, 0.21208305656909943, 0.3055323362350464, 0.4500890076160431, 0.5421079397201538, 0.8028002977371216, 0.9547735452651978, 0.6075190901756287, 0.17419901490211487, -0.07099401950836182, 0.5463039875030518]], "sfx.logattacktime.mean": [0.45533931255340576], "lowlevel.hfc.mean": [0.475075900554657]}