{
"metadata": {
    "version": {
        "essentia": "2.1-dev"
    }
},
"lowLevel": {
    "barkbands_kurtosis": {
        "mean": 0.0757577121258,
        "var": 0.869708240032
    },
    "dissonance": {
        "mean": 0.364962428808,
        "var": 0.00467735389248
    },
    "hfc": {
        "mean": 39.3450698853,
        "var": 72.940322876
    },
    "spectral_centroid": {
        "mean": 1189.7598877,
        "var": 3344.26098633
    },
    "spectral_complexity": {
        "mean": 3.86440682411,
        "var": 0.139806568623
    },
    "spectral_crest": {
        "mean": 17.2201766968,
        "var": 2.75167751312
    },
    "spectral_energyband_high": {
        "mean": 5.50536387891e-05,
        "var": 2.64312738363e-10
    },
    "spectral_energyband_low": {
        "mean": 1.34588660217e-07,
        "var": 8.42950417855e-15
    },
    "spectral_kurtosis": {
        "mean": 11.7817287445,
        "var": 13.2221927643
    },
    "spectral_rolloff": {
        "mean": 1785.30566406,
        "var": 13068.2871094
    },
    "spectral_strongpeak": {
        "mean": 5.50178194046,
        "var": 0.611298441887
    },
    "mfcc": {
        "mean": [-819.934326172, 9.09212779999, -116.988670349, -43.5544013977, -38.0121078491, -10.7793874741, -2.44701051712, 28.1385231018, 38.9653778076, 10.5088624954, -24.9498558044, -42.9337158203, -3.24184370041],
        "var": [153.335098267, 119.278015137, 51.2857246399, 38.5593185425, 32.4450302124, 45.3602600098, 27.5664691925, 40.5093917847, 24.1792297363, 31.2878875732, 32.1139907837, 45.5202484131, 36.709777832]
    },
    "sccoeffs": {
        "mean": [-0.827173113823, -0.81712436676, -0.335664480925, -0.467881053686, -0.665045678616, -0.749876022339],
        "var": [0.00174153316766, 0.00127570412587, 0.000392665795516, 0.000780870090239, 0.000850999145769, 0.000723588105757]
    }
},
"sfx": {
    "inharmonicity": {
        "mean": 0.000532393285539,
        "var": 1.3095633733e-07
    }
}
}