{
"metadata": {
    "version": {
        "essentia": "2.1-dev"
    }
},
"lowLevel": {
    "barkbands_kurtosis": {
        "mean": 2.9714422226,
        "var": 41.4790802002
    },
    "dissonance": {
        "mean": 0.328765392303,
        "var": 0.00667932629585
    },
    "hfc": {
        "mean": 89.2577362061,
        "var": 3064.34375
    },
    "spectral_centroid": {
        "mean": 766.321655273,
        "var": 39412.5664062
    },
    "spectral_complexity": {
        "mean": 16.1428565979,
        "var": 23.2938747406
    },
    "spectral_crest": {
        "mean": 11.4525308609,
        "var": 7.01188182831
    },
    "spectral_energyband_high": {
        "mean": 0.000135309324833,
        "var": 1.39906415342e-08
    },
    "spectral_energyband_low": {
        "mean": 1.86254401342e-05,
        "var": 2.72273870117e-10
    },
    "spectral_kurtosis": {
        "mean": 60.0768013,
        "var": 8594.8828125
    },
    "spectral_rolloff": {
        "mean": 1377.50976562,
        "var": 304451.15625
    },
    "spectral_strongpeak": {
        "mean": 4.16945552826,
        "var": 1.99310278893
    },
    "mfcc": {
        "mean": [-667.987915039, 171.940429688, -93.9126358032, -15.1771678925, -36.9579200745, -30.5713386536, -26.3681526184, -21.004119873, -25.3167819977, -10.9350938797, 0.171194896102, 5.48760223389, 5.44974327087],
        "var": [9005.57617188, 1260.71240234, 2477.0559082, 608.312194824, 87.8286819458, 100.061637878, 48.6426620483, 53.7776985168, 20.9307727814, 34.1610717773, 40.198059082, 25.9338626862, 35.9881706238]
    },
    "sccoeffs": {
        "mean": [-0.56380289793, -0.267211675644, -0.423827707767, -0.503717362881, -0.607823073864, -0.756454765797],
        "var": [0.00189632491674, 0.00418572127819, 0.0032221423462, 0.00328496214934, 0.00889099389315, 0.00452116550878]
    }
},
"sfx": {
    "inharmonicity": {
        "mean": 0.0110487462953,
        "var": 3.64397892554e-05
    }
}
}