{"lowlevel.dissonance.mean": [0.6030158996582031], "sfx.inharmonicity.mean": [0.9382120370864868], "lowlevel.spectral_contrast.mean": [[0.8976178169250488, 0.6524293422698975, 0.7241448163986206, 0.7297471761703491, 0.8615818023681641, 0.8765490055084229]], "lowlevel.spectral_centroid.mean": [0.4283866286277771], "lowlevel.mfcc.mean": [[0.666653037071228, 0.5857750177383423, 0.15761804580688477, 0.6459933519363403, 0.5269237160682678, 0.35243743658065796, 0.0452440083026886, 0.1044328510761261, -0.018933594226837158, 0.25722700357437134, 0.6822382211685181, 0.8993361592292786, 0.5665944814682007]], "sfx.logattacktime.mean": [0.42557379603385925], "lowlevel.hfc.mean": [0.48831483721733093]}