{
"metadata": {
    "version": {
        "essentia": "2.1-dev"
    }
},
"lowLevel": {
    "barkbands_kurtosis": {
        "mean": -0.136000350118,
        "var": 0.668769657612
    },
    "dissonance": {
        "mean": 0.481857061386,
        "var": 0.000222213726374
    },
    "hfc": {
        "mean": 173.739303589,
        "var": 19396.0253906
    },
    "spectral_centroid": {
        "mean": 2306.83227539,
        "var": 159919.453125
    },
    "spectral_complexity": {
        "mean": 38.4179115295,
        "var": 38.5417709351
    },
    "spectral_crest": {
        "mean": 5.32659387589,
        "var": 4.44901037216
    },
    "spectral_energyband_high": {
        "mean": 0.00861610937864,
        "var": 5.88339680689e-05
    },
    "spectral_energyband_low": {
        "mean": 4.20976466557e-05,
        "var": 5.18888321199e-10
    },
    "spectral_kurtosis": {
        "mean": 2.12018084526,
        "var": 2.96647667885
    },
    "spectral_rolloff": {
        "mean": 3610.82861328,
        "var": 371458.0625
    },
    "spectral_strongpeak": {
        "mean": 3.33575057983,
        "var": 11.0898075104
    },
    "mfcc": {
        "mean": [-567.256896973, 43.2686500549, -80.2626800537, 40.5072593689, -15.8418426514, -0.492791652679, -38.0519332886, -14.5608072281, -37.9974975586, -10.2396364212, 0.175253972411, 9.965675354, -4.86379384995],
        "var": [2720.12207031, 754.021362305, 95.8041229248, 122.828971863, 69.3507232666, 48.0317687988, 47.6775779724, 36.3251152039, 40.1110038757, 42.9466896057, 48.7105636597, 81.1151580811, 38.249206543]
    },
    "sccoeffs": {
        "mean": [-0.378719002008, -0.656580507755, -0.661348044872, -0.638311326504, -0.650748670101, -0.637813985348],
        "var": [0.00357225467451, 0.00212423107587, 0.00215598591603, 0.0013879443286, 0.000982689554803, 0.000746646488551]
    }
},
"sfx": {
    "inharmonicity": {
        "mean": 0.151172459126,
        "var": 0.00675614736974
    }
}
}