{
"metadata": {
    "version": {
        "essentia": "2.1-dev"
    }
},
"lowLevel": {
    "average_loudness": 0.0866861119866,
    "barkbands_kurtosis": {
        "mean": 0.765148460865,
        "var": 3.56598567963
    },
    "barkbands_skewness": {
        "mean": 0.481771439314,
        "var": 0.963842511177
    },
    "barkbands_spread": {
        "mean": 18.6643180847,
        "var": 53.8319129944
    },
    "dissonance": {
        "mean": 0.452511131763,
        "var": 0.00112378550693
    },
    "hfc": {
        "mean": 49.7657852173,
        "var": 11263.8740234
    },
    "pitch": {
        "mean": 298.690338135,
        "var": 126071.5625
    },
    "pitch_instantaneous_confidence": {
        "mean": 0.478078991175,
        "var": 0.0102723343298
    },
    "pitch_salience": {
        "mean": 0.537858068943,
        "var": 0.00408677104861
    },
    "silence_rate_20dB": {
        "mean": 1,
        "var": 0
    },
    "silence_rate_30dB": {
        "mean": 0.921487629414,
        "var": 0.0723485127091
    },
    "silence_rate_60dB": {
        "mean": 0.516528904438,
        "var": 0.249727338552
    },
    "spectral_centroid": {
        "mean": 1134.82495117,
        "var": 711946.5625
    },
    "spectral_complexity": {
        "mean": 14.8760328293,
        "var": 252.273696899
    },
    "spectral_crest": {
        "mean": 8.58464431763,
        "var": 14.5818777084
    },
    "spectral_decrease": {
        "mean": -4.63374805193e-09,
        "var": 8.33434097984e-17
    },
    "spectral_energy": {
        "mean": 0.0220027361065,
        "var": 0.00191781378817
    },
    "spectral_energyband_high": {
        "mean": 0.00240830075927,
        "var": 3.10469949909e-05
    },
    "spectral_energyband_low": {
        "mean": 5.19923851243e-05,
        "var": 9.8661834258e-10
    },
    "spectral_energyband_middle_high": {
        "mean": 0.0148714911193,
        "var": 0.000999346026219
    },
    "spectral_energyband_middle_low": {
        "mean": 0.00468565849587,
        "var": 9.50096582528e-05
    },
    "spectral_flatness_db": {
        "mean": 0.230969563127,
        "var": 0.00256165768951
    },
    "spectral_flux": {
        "mean": 0.0483628585935,
        "var": 0.00362626858987
    },
    "spectral_kurtosis": {
        "mean": 26.7655086517,
        "var": 724.27142334
    },
    "spectral_rms": {
        "mean": 0.00305296108127,
        "var": 1.21455104818e-05
    },
    "spectral_rolloff": {
        "mean": 1886.73754883,
        "var": 1822265.25
    },
    "spectral_skewness": {
        "mean": 3.10440921783,
        "var": 4.87445068359
    },
    "spectral_spread": {
        "mean": 2856459.75,
        "var": 1.18015000576e+12
    },
    "spectral_strongpeak": {
        "mean": 1.18850529194,
        "var": 4.93684720993
    },
    "zerocrossingrate": {
        "mean": 0.0644369870424,
        "var": 0.00175456120633
    },
    "barkbands": {
        "mean": [8.87051937752e-05, 3.14309295391e-06, 2.1322587429e-07, 0.000401358352974, 0.00258774659596, 0.00042524447781, 0.000191653234651, 0.000929724832531, 0.000146379054058, 3.43283791153e-05, 1.401674308e-05, 0.00196431996301, 0.00105024105869, 0.000711155647878, 0.00125015946105, 0.00141509098466, 0.00278543075547, 0.0026627946645, 0.0022937275935, 0.00120334816165, 0.000760069233365, 0.000781898968853, 0.000240076929913, 5.65530972381e-05, 5.10261588715e-06, 2.65200213789e-07, 1.25944688012e-09],
        "var": [8.58823856476e-09, 1.34813922179e-11, 4.93819124047e-13, 1.82204018984e-07, 6.03710468567e-05, 9.16836768283e-07, 1.51067098386e-07, 1.26182328586e-06, 1.66967865312e-07, 1.30790285269e-08, 3.55380769257e-09, 4.177180017e-05, 6.14414148004e-06, 4.66766732643e-06, 1.60345844051e-05, 9.12211908144e-06, 4.12549452449e-05, 3.81756653951e-05, 2.86086578853e-05, 6.72705164106e-06, 3.68250493921e-06, 3.99485497837e-06, 3.4557783124e-07, 2.42305642217e-08, 1.86565374261e-10, 5.5378265992e-13, 2.35351115332e-17]
    },
    "mfcc": {
        "mean": [-771.411499023, 119.784423828, -53.5618553162, 28.0257492065, 4.42027616501, -7.00428009033, -27.3523159027, -19.6626625061, -25.5191440582, -9.82057666779, 7.52214717865, 16.3587932587, 2.6345641613],
        "var": [22616.3828125, 2712.28320312, 1321.23254395, 476.939147949, 488.381195068, 114.14894104, 127.671638489, 58.746006012, 101.847946167, 33.82604599, 62.2832450867, 65.8695755005, 53.0422286987]
    },
    "sccoeffs": {
        "mean": [-0.453025996685, -0.679453015327, -0.700279593468, -0.720373749733, -0.706230521202, -0.703506469727],
        "var": [0.00458344025537, 0.00431533297524, 0.00235950620845, 0.00383764179423, 0.0019377412973, 0.0112450104207]
    },
    "scvalleys": {
        "mean": [-8.81220149994, -6.81428527832, -8.57620334625, -7.62399435043, -8.58612155914, -12.2135162354],
        "var": [0.520347952843, 0.742877840996, 1.5412530899, 1.80848181248, 4.89819097519, 6.79949140549]
    }
},
"rhythm": {
    "beats_loudness": {
        "mean": 0.0142855942249,
        "var": 0.000573433469981
    },
    "bpm": 108.525047302,
    "confidence": 0,
    "first_peak_bpm": {
        "mean": 108,
        "var": 0
    },
    "first_peak_spread": {
        "mean": 0.375,
        "var": 0
    },
    "first_peak_weight": {
        "mean": 0.625,
        "var": 0
    },
    "onset_rate": 0.178698793054,
    "second_peak_bpm": {
        "mean": 0,
        "var": 0
    },
    "second_peak_spread": {
        "mean": 0,
        "var": 0
    },
    "second_peak_weight": {
        "mean": 0,
        "var": 0
    },
    "beats_loudness_band_ratio": {
        "mean": [0.281848102808, 0.116678923368, 0.242760792375, 0.118372112513, 0.220261663198, 0.0721519812942],
        "var": [0.0384005494416, 0.00235437625088, 0.033781811595, 0.00265634758398, 0.0348980538547, 0.00956801418215]
    },
    "beats_position": [0.522448956966, 1.06811785698, 1.6137868166, 2.15945577621, 2.71673464775, 3.27401351929, 3.83129239082, 4.38857126236, 4.94585037231],
    "bpm_estimates": [109.956787109, 109.95677948, 109.95677948, 107.666023254, 107.666023254, 107.666023254, 107.666023254, 107.665977478],
    "bpm_intervals": [0.545668900013, 0.545668959618, 0.545668959618, 0.557278871536, 0.557278871536, 0.557278871536, 0.557278871536, 0.557279109955],
    "onset_times": [0.0116099771112],
    "histogram": [[0, 0, 0, 0, 0, 0, 0, 0, 0, 0, 0, 0, 0, 0, 0, 0, 0, 0, 0, 0, 0, 0, 0, 0, 0, 0, 0, 0, 0, 0, 0, 0, 0, 0, 0, 0, 0, 0, 0, 0, 0, 0, 0, 0, 0, 0, 0, 0, 0, 0, 0, 0, 0, 0, 0, 0, 0, 0, 0, 0, 0, 0, 0, 0, 0, 0, 0, 0, 0, 0, 0, 0, 0, 0, 0, 0, 0, 0, 0, 0, 0, 0, 0, 0, 0, 0, 0, 0, 0, 0, 0, 0, 0, 0, 0, 0, 0, 0, 0, 0, 0, 0, 0, 0, 0, 0, 0, 0, 0.625, 0, 0.375, 0, 0, 0, 0, 0, 0, 0, 0, 0, 0, 0, 0, 0, 0, 0, 0, 0, 0, 0, 0, 0, 0, 0, 0, 0, 0, 0, 0, 0, 0, 0, 0, 0, 0, 0, 0, 0, 0, 0, 0, 0, 0, 0, 0, 0, 0, 0, 0, 0, 0, 0, 0, 0, 0, 0, 0, 0, 0, 0, 0, 0, 0, 0, 0, 0, 0, 0, 0, 0, 0, 0, 0, 0, 0, 0, 0, 0, 0, 0, 0, 0, 0, 0, 0, 0, 0, 0, 0, 0, 0, 0, 0, 0, 0, 0, 0, 0, 0, 0, 0, 0, 0, 0, 0, 0, 0, 0, 0, 0, 0, 0, 0, 0, 0, 0, 0, 0, 0, 0, 0, 0, 0, 0, 0, 0, 0, 0, 0, 0, 0, 0, 0, 0, 0, 0, 0, 0, 0, 0]]
},
"sfx": {
    "inharmonicity": {
        "mean": 0.0867275521159,
        "var": 0.00527589488775
    },
    "oddtoevenharmonicenergyratio": {
        "mean": 0.73251670599,
        "var": 3.62087774277
    },
    "pitch_after_max_to_before_max_energy_ratio": 4.08092975616,
    "pitch_centroid": 92.6024856567,
    "pitch_max_to_total": 0.0661156997085,
    "pitch_min_to_total": 0.87190079689,
    "tristimulus": {
        "mean": [0.24689629674, 0.329755485058, 0.423348218203],
        "var": [0.0294062886387, 0.0217855349183, 0.0452280789614]
    }
},
"tonal": {
    "chords_changes_rate": 0.0163934417069,
    "chords_number_rate": 0.024590164423,
    "chords_strength": {
        "mean": 0.512142241001,
        "var": 0.00267546088435
    },
    "key_strength": 0.628118693829,
    "tuning_diatonic_strength": 0.580896496773,
    "tuning_equal_tempered_deviation": 0.222373232245,