{"lowlevel.dissonance.mean": [0.47575175762176514], "sfx.inharmonicity.mean": [0.4879591763019562], "lowlevel.spectral_contrast.mean": [[0.1186908483505249, 1.1226117610931396, 1.24860680103302, 1.2650749683380127, 1.037479281425476, 0.6265625953674316]], "lowlevel.spectral_centroid.mean": [0.4490395486354828], "lowlevel.mfcc.mean": [[0.473738431930542, 0.3101709485054016, -0.40277186036109924, 0.15157757699489594, 0.18035244941711426, 0.31157541275024414, 0.4111449718475342, 0.22247454524040222, 0.19391334056854248, 0.3303755521774292, 0.9589273929595947, 1.0192217826843262, 1.1165518760681152]], "sfx.logattacktime.mean": [0.445418119430542], "lowlevel.hfc.mean": [0.48459479212760925]}