{
"metadata": {
    "version": {
        "essentia": "2.1-dev"
    }
},
"lowLevel": {
    "barkbands_kurtosis": {
        "mean": 0.591446518898,
        "var": 0.0934054329991
    },
    "dissonance": {
        "mean": 0.39435133338,
        "var": 0.00255405413918
    },
    "hfc": {
        "mean": 56.5087394714,
        "var": 367.012145996
    },
    "spectral_centroid": {
        "mean": 1278.26940918,
        "var": 7006.61962891
    },
    "spectral_complexity": {
        "mean": 7.98148155212,
        "var": 1.49965560436
    },
    "spectral_crest": {
        "mean": 10.9440088272,
        "var": 1.19500827789
    },
    "spectral_energyband_high": {
        "mean": 5.8354675275e-05,
        "var": 2.83671663937e-09
    },
    "spectral_energyband_low": {
        "mean": 1.97570422245e-08,
        "var": 2.51464441463e-16
    },
    "spectral_kurtosis": {
        "mean": 36.5218048096,
        "var": 160.978805542
    },
    "spectral_rolloff": {
        "mean": 1708.50012207,
        "var": 42324.9570312
    },
    "spectral_strongpeak": {
        "mean": 6.81108617783,
        "var": 4.45156908035
    },
    "mfcc": {
        "mean": [-785.588378906, 68.3778762817, -199.162612915, -30.2720069885, -36.4562072754, -20.6552753448, -14.9543237686, -25.8475093842, -27.0736103058, -15.2910718918, 19.3366165161, 23.3996200562, 29.9822216034],
        "var": [773.700256348, 205.701049805, 181.620239258, 166.64440918, 58.5679969788, 27.1892852783, 40.6158370972, 16.0685863495, 19.8173503876, 30.5226078033, 16.8594989777, 8.98089790344, 16.298494339]
    },
    "sccoeffs": {
        "mean": [-0.89712625742, -0.359302520752, -0.358009934425, -0.417766153812, -0.542732179165, -0.75155800581],
        "var": [0.000773995125201, 0.00159388210159, 0.00157954089809, 0.00197877804749, 0.00193564419169, 0.000776356318966]
    }
},
"sfx": {
    "inharmonicity": {
        "mean": 0.00414847675711,
        "var": 4.28370003647e-06
    }
}
}