{"lowlevel.dissonance.mean": [0.13931477069854736], "sfx.inharmonicity.mean": [0.24778005480766296], "lowlevel.spectral_contrast.mean": [[0.9171775579452515, 1.1727418899536133, 0.9293450117111206, 0.7926887273788452, 0.7014796733856201, 0.476917028427124]], "lowlevel.spectral_centroid.mean": [0.3518332242965698], "lowlevel.mfcc.mean": [[0.48466718196868896, 0.5440747737884521, 0.3488127291202545, 0.5198454856872559, 0.3129439651966095, 0.224229633808136, 0.3997521698474884, 0.19870597124099731, 0.02247670292854309, 0.22475707530975342, 0.569139838218689, 0.6619804501533508, 0.43116235733032227]], "sfx.logattacktime.mean": [0.4576314091682434], "lowlevel.hfc.mean": [0.4780886471271515]}