{"lowlevel.dissonance.mean": [0.350649356842041], "sfx.inharmonicity.mean": [0.44816306233406067], "lowlevel.spectral_contrast.mean": [[0.7083039283752441, 0.6407190561294556, 0.5512669086456299, 0.6517164707183838, 0.7405915260314941, 0.7450637817382812]], "lowlevel.spectral_centroid.mean": [0.414812296628952], "lowlevel.mfcc.mean": [[0.4895240068435669, 0.40051984786987305, 0.4788554906845093, 0.6713576316833496, 0.31634941697120667, 0.3181242346763611, 0.15708127617835999, 0.16808095574378967, 0.3069358170032501, 0.6407188773155212, 0.8382357358932495, 0.6072344779968262, 0.36220240592956543]], "sfx.logattacktime.mean": [0.29416343569755554], "lowlevel.hfc.mean": [0.5239798426628113]}