{
"metadata": {
    "version": {
        "essentia": "2.1-dev"
    }
},
"lowLevel": {
    "average_loudness": 0.99068403244,
    "barkbands_kurtosis": {
        "mean": 7.20475721359,
        "var": 246.440155029
    },
    "barkbands_skewness": {
        "mean": 1.30625629425,
        "var": 4.35498285294
    },
    "barkbands_spread": {
        "mean": 17.9112586975,
        "var": 155.742172241
    },
    "dissonance": {
        "mean": 0.386222988367,
        "var": 0.00540832011029
    },
    "hfc": {
        "mean": 124.029350281,
        "var": 74073.4921875
    },
    "pitch": {
        "mean": 558.31439209,
        "var": 979758.375
    },
    "pitch_instantaneous_confidence": {
        "mean": 0.630999207497,
        "var": 0.0292295664549
    },
    "pitch_salience": {
        "mean": 0.411427289248,
        "var": 0.0242124702781
    },
    "silence_rate_20dB": {
        "mean": 0.942857146263,
        "var": 0.0538776218891
    },
    "silence_rate_30dB": {
        "mean": 0.814285695553,
        "var": 0.15122435987
    },
    "silence_rate_60dB": {
        "mean": 0.742857158184,
        "var": 0.191020146012
    },
    "spectral_centroid": {
        "mean": 1026.96447754,
        "var": 1161169.875
    },
    "spectral_complexity": {
        "mean": 11.1142854691,
        "var": 343.701293945
    },
    "spectral_crest": {
        "mean": 13.4926156998,
        "var": 39.8297691345
    },
    "spectral_decrease": {
        "mean": -1.29627002465e-08,
        "var": 9.48895435425e-16
    },
    "spectral_energy": {
        "mean": 0.0601740889251,
        "var": 0.0188036952168
    },
    "spectral_energyband_high": {
        "mean": 0.00927240494639,
        "var": 0.000473954743939
    },
    "spectral_energyband_low": {
        "mean": 1.90886239579e-05,
        "var": 6.41641295651e-10
    },
    "spectral_energyband_middle_high": {
        "mean": 0.0257759578526,
        "var": 0.00318511226214
    },
    "spectral_energyband_middle_low": {
        "mean": 0.0255774594843,
        "var": 0.0061967978254
    },
    "spectral_flatness_db": {
        "mean": 0.253406077623,
        "var": 0.00650134682655
    },
    "spectral_flux": {
        "mean": 0.0742238387465,
        "var": 0.016998341307
    },
    "spectral_kurtosis": {
        "mean": 13.7140207291,
        "var": 106.292770386
    },
    "spectral_rms": {
        "mean": 0.0036897144746,
        "var": 4.50924126199e-05
    },
    "spectral_rolloff": {
        "mean": 1741.7286377,
        "var": 3042602
    },
    "spectral_skewness": {
        "mean": 2.90928149223,
        "var": 2.38610553741
    },
    "spectral_spread": {
        "mean": 6653508.5,
        "var": 8.43133904486e+12
    },
    "spectral_strongpeak": {
        "mean": 1.20458126068,
        "var": 7.8721575737
    },
    "zerocrossingrate": {
        "mean": 0.0598284043372,
        "var": 0.00289054447785
    },
    "barkbands": {
        "mean": [3.44879190379e-05, 4.34483263234e-06, 4.09875639207e-07, 7.64062206144e-05, 0.02362973243, 0.000296657439321, 0.0004068435519, 0.000507865508553, 0.000645246705972, 0.000284162262687, 0.000102504556708, 0.0010851745028, 0.000856419035699, 0.000890569703188, 0.00154955172911, 0.00395064335316, 0.00263408198953, 0.0050012092106, 0.00762409577146, 0.00426022196189, 0.00273652421311, 0.00175769266207, 0.00148475856986, 0.00030382964178, 4.41948832304e-05, 5.99598479312e-06, 4.46857825409e-07],
        "var": [1.43348310999e-09, 1.54170690103e-10, 1.56618598299e-12, 4.26223181194e-08, 0.00571641605347, 1.72114505403e-06, 1.58592661137e-06, 1.76610819835e-06, 2.29000920626e-06, 8.67278401984e-07, 1.53580387519e-07, 5.90453601035e-06, 3.21794027514e-06, 5.01252179674e-06, 1.68053375091e-05, 0.000118508804007, 6.605758972e-05, 0.000132516535814, 0.000339158199495, 0.000105869585241, 4.65738885396e-05, 1.90934060811e-05, 1.61244170158e-05, 6.12211124462e-07, 1.18951319905e-08, 2.90943519277e-10, 5.55383733794e-12]
    },
    "mfcc": {
        "mean": [-876.548583984, 67.8867416382, 1.38741612434, 30.1155033112, -13.3818778992, -10.1708965302, -20.5829544067, -16.1491851807, -9.80790710449, 7.18262243271, 13.7951536179, 5.13040876389, -5.24514055252],
        "var": [52481.984375, 1175.36315918, 2131.9206543, 231.218612671, 179.815734863, 37.8684501648, 128.252960205, 130.89364624, 241.039260864, 239.664505005, 364.488555908, 150.64781189, 145.013870239]
    },
    "sccoeffs": {
        "mean": [-0.549529671669, -0.684850931168, -0.771912157536, -0.749131858349, -0.744185268879, -0.745395839214],
        "var": [0.0277585294098, 0.00396633520722, 0.00473114755005, 0.00816578045487, 0.0104041919112, 0.0110553083941]
    },
    "scvalleys": {
        "mean": [-8.97170162201, -8.53229236603, -9.67238330841, -9.93541145325, -10.4291086197, -12.096701622],
        "var": [1.2621307373, 3.91166520119, 4.48215866089, 7.88026666641, 9.98140335083, 9.24366283417]
    }
},
"rhythm": {
    "beats_loudness": {
        "mean": 0.000657802680507,
        "var": 4.11396626987e-07
    },
    "bpm": 117.453826904,
    "confidence": 0,
    "first_peak_bpm": {
        "mean": 117,
        "var": 0
    },
    "first_peak_spread": {
        "mean": 0,
        "var": 0
    },
    "first_peak_weight": {
        "mean": 1,
        "var": 0
    },
    "onset_rate": 0.628706634045,
    "second_peak_bpm": {
        "mean": 0,
        "var": 0
    },
    "second_peak_spread": {
        "mean": 0,
        "var": 0
    },
    "second_peak_weight": {
        "mean": 0,
        "var": 0
    },
    "beats_loudness_band_ratio": {
        "mean": [0.0720380917192, 0.125594258308, 0.571585834026, 0.0925617739558, 0.109528928995, 0.047453276813],
        "var": [3.02529097098e-05, 0.00209608674049, 0.0680623427033, 0.00560845062137, 0.0108734816313, 0.00135186582338]
    },
    "beats_position": [0.49922901392, 1.01006805897],
    "bpm_estimates": [117.453826904],
    "bpm_intervals": [0.510839045048],
    "onset_times": [0.0232199542224],
    "histogram": [[0, 0, 0, 0, 0, 0, 0, 0, 0, 0, 0, 0, 0, 0, 0, 0, 0, 0, 0, 0, 0, 0, 0, 0, 0, 0, 0, 0, 0, 0, 0, 0, 0, 0, 0, 0, 0, 0, 0, 0, 0, 0, 0, 0, 0, 0, 0, 0, 0, 0, 0, 0, 0, 0, 0, 0, 0, 0, 0, 0, 0, 0, 0, 0, 0, 0, 0, 0, 0, 0, 0, 0, 0, 0, 0, 0, 0, 0, 0, 0, 0, 0, 0, 0, 0, 0, 0, 0, 0, 0, 0, 0, 0, 0, 0, 0, 0, 0, 0, 0, 0, 0, 0, 0, 0, 0, 0, 0, 0, 0, 0, 0, 0, 0, 0, 0, 0, 1, 0, 0, 0, 0, 0, 0, 0, 0, 0, 0, 0, 0, 0, 0, 0, 0, 0, 0, 0, 0, 0, 0, 0, 0, 0, 0, 0, 0, 0, 0, 0, 0, 0, 0, 0, 0, 0, 0, 0, 0, 0, 0, 0, 0, 0, 0, 0, 0, 0, 0, 0, 0, 0, 0, 0, 0, 0, 0, 0, 0, 0, 0, 0, 0, 0, 0, 0, 0, 0, 0, 0, 0, 0, 0, 0, 0, 0, 0, 0, 0, 0, 0, 0, 0, 0, 0, 0, 0, 0, 0, 0, 0, 0, 0, 0, 0, 0, 0, 0, 0, 0, 0, 0, 0, 0, 0, 0, 0, 0, 0, 0, 0, 0, 0, 0, 0, 0, 0, 0, 0, 0, 0, 0, 0, 0, 0, 0, 0, 0, 0, 0, 0]]
},
"sfx": {
    "inharmonicity": {
        "mean": 0.132290095091,
        "var": 0.00787036493421
    },
    "oddtoevenharmonicenergyratio": {
        "mean": 1.46352446079,
        "var": 16.3301200867
    },
    "pitch_after_max_to_before_max_energy_ratio": 2.93616771698,
    "pitch_centroid": 20.4159088135,
    "pitch_max_to_total": 0.114285714924,
    "pitch_min_to_total": 0.0714285746217,
    "tristimulus": {
        "mean": [0.273777008057, 0.438995689154, 0.287227332592],
        "var": [0.0693610087037, 0.0724074468017, 0.0661325827241]
    }
},
"tonal": {
    "chords_changes_rate": 0.0277777779847,
    "chords_number_rate": 0.0555555559695,
    "chords_strength": {
        "mean": 0.459010452032,
        "var": 0.000471933541121
    },
    "key_strength": 0.565335929394,
    "tuning_diatonic_strength": 0.459842115641,
    "tuning_equal_tempered_deviation": 0.358976125717,
    "tuning_frequency": 445.112548828,
    "tuning_nontempered_energy_ratio": 0.990172505379,