{
"metadata": {
    "version": {
        "essentia": "2.1-dev"
    }
},
"lowLevel": {
    "barkbands_kurtosis": {
        "mean": -0.112152658403,
        "var": 1.37251102924
    },
    "dissonance": {
        "mean": 0.485801130533,
        "var": 7.33912238502e-05
    },
    "hfc": {
        "mean": 574.555419922,
        "var": 87282.25
    },
    "spectral_centroid": {
        "mean": 2383.57495117,
        "var": 849698.9375
    },
    "spectral_complexity": {
        "mean": 45.4000015259,
        "var": 28.1066665649
    },
    "spectral_crest": {
        "mean": 9.55851840973,
        "var": 26.3670940399
    },
    "spectral_energyband_high": {
        "mean": 0.0430689789355,
        "var": 0.000757897039875
    },
    "spectral_energyband_low": {
        "mean": 4.00022327085e-05,
        "var": 1.75787662204e-09
    },
    "spectral_kurtosis": {
        "mean": 2.34716701508,
        "var": 4.91380214691
    },
    "spectral_rolloff": {
        "mean": 4072.64697266,
        "var": 1329513.75
    },
    "spectral_strongpeak": {
        "mean": 4.16736030579,
        "var": 20.6358509064
    },
    "mfcc": {
        "mean": [-488.665100098, 26.2437038422, -57.6272926331, 32.9553604126, -18.8950424194, -8.72704696655, -28.6397209167, -14.9289712906, -31.7132167816, -13.4937438965, -15.2000675201, -11.7339229584, -19.6348381042],
        "var": [1619.73950195, 1523.54077148, 139.239593506, 161.46131897, 59.1689682007, 31.1450614929, 56.9162712097, 27.5965766907, 24.6005821228, 76.7437591553, 177.999191284, 161.401672363, 38.8751831055]
    },
    "sccoeffs": {
        "mean": [-0.272520005703, -0.678302228451, -0.689532279968, -0.676785707474, -0.619160234928, -0.647939562798],
        "var": [0.0129297561944, 0.00458510778844, 0.0009185145027, 0.00107138289604, 0.00215206039138, 0.00308710243553]
    }
},
"sfx": {
    "inharmonicity": {
        "mean": 0.0624567344785,
        "var": 0.00599929364398
    }
}
}