{
"metadata": {
    "version": {
        "essentia": "2.1-dev"
    }
},
"lowLevel": {
    "barkbands_kurtosis": {
        "mean": -1.2788066864,
        "var": 0.0128863686696
    },
    "dissonance": {
        "mean": 0.383820325136,
        "var": 0.00195691525005
    },
    "hfc": {
        "mean": 17.2422733307,
        "var": 10.0259962082
    },
    "spectral_centroid": {
        "mean": 1122.73620605,
        "var": 4029.17211914
    },
    "spectral_complexity": {
        "mean": 11.7321424484,
        "var": 2.73182368279
    },
    "spectral_crest": {
        "mean": 7.18118190765,
        "var": 0.239740356803
    },
    "spectral_energyband_high": {
        "mean": 3.58286670235e-05,
        "var": 1.48140694156e-10
    },
    "spectral_energyband_low": {
        "mean": 4.22874700234e-06,
        "var": 4.5677953607e-12
    },
    "spectral_kurtosis": {
        "mean": 13.3295526505,
        "var": 5.87718343735
    },
    "spectral_rolloff": {
        "mean": 1977.21228027,
        "var": 1483.890625
    },
    "spectral_strongpeak": {
        "mean": 3.29453802109,
        "var": 1.35563647747
    },
    "mfcc": {
        "mean": [-699.485168457, 136.496643066, -74.7691040039, -3.72344255447, -2.6826736927, -12.9375104904, -37.6694869995, -34.6113395691, -15.4240598679, 6.64905309677, -8.21919631958, -9.86430931091, -12.013176918],
        "var": [156.198379517, 54.4864578247, 14.5920963287, 59.4230918884, 39.595954895, 33.9242477417, 21.0036411285, 59.5813179016, 47.5645179749, 26.2464485168, 32.4017562866, 27.7847003937, 14.8328847885]
    },
    "sccoeffs": {
        "mean": [-0.459396600723, -0.432920187712, -0.474993467331, -0.446550309658, -0.631279170513, -0.701771080494],
        "var": [0.00202869134955, 0.000825666531455, 0.00053047115216, 0.000409876665799, 0.000188005986274, 0.000440583506133]
    }
},
"sfx": {
    "inharmonicity": {
        "mean": 0.0246478822082,
        "var": 4.73457293992e-05
    }
}
}