{
"metadata": {
    "version": {
        "essentia": "2.1-dev"
    }
},
"lowLevel": {
    "average_loudness": 0.825994074345,
    "barkbands_kurtosis": {
        "mean": 3.96412348747,
        "var": 294.138427734
    },
    "barkbands_skewness": {
        "mean": 0.570864200592,
        "var": 2.59446549416
    },
    "barkbands_spread": {
        "mean": 12.5428552628,
        "var": 24.9221324921
    },
    "dissonance": {
        "mean": 0.353679388762,
        "var": 0.00617880793288
    },
    "hfc": {
        "mean": 2.41725897789,
        "var": 4.96441173553
    },
    "pitch": {
        "mean": 214.588088989,
        "var": 616.46282959
    },
    "pitch_instantaneous_confidence": {
        "mean": 0.863579213619,
        "var": 0.025824630633
    },
    "pitch_salience": {
        "mean": 0.546823263168,
        "var": 0.0145530318841
    },
    "silence_rate_20dB": {
        "mean": 1,
        "var": 0
    },
    "silence_rate_30dB": {
        "mean": 1,
        "var": 0
    },
    "silence_rate_60dB": {
        "mean": 0.587234020233,
        "var": 0.242390200496
    },
    "spectral_centroid": {
        "mean": 767.566650391,
        "var": 143785.71875
    },
    "spectral_complexity": {
        "mean": 4.2127661705,
        "var": 10.0228204727
    },
    "spectral_crest": {
        "mean": 10.433804512,
        "var": 20.1774234772
    },
    "spectral_decrease": {
        "mean": -5.72049019265e-10,
        "var": 2.74274246914e-19
    },
    "spectral_energy": {
        "mean": 0.00237829540856,
        "var": 4.74465468869e-06
    },
    "spectral_energyband_high": {
        "mean": 2.26547831517e-06,
        "var": 3.94169029014e-12
    },
    "spectral_energyband_low": {
        "mean": 2.50664402301e-06,
        "var": 3.29128434576e-12
    },
    "spectral_energyband_middle_high": {
        "mean": 0.00110416777898,
        "var": 1.01996511148e-06
    },
    "spectral_energyband_middle_low": {
        "mean": 0.00126877904404,
        "var": 1.37285940127e-06
    },
    "spectral_flatness_db": {
        "mean": 0.283244609833,
        "var": 0.00385925057344
    },
    "spectral_flux": {
        "mean": 0.00287536671385,
        "var": 2.17341835196e-06
    },
    "spectral_kurtosis": {
        "mean": 20.2378158569,
        "var": 146.424530029
    },
    "spectral_rms": {
        "mean": 0.00122448534239,
        "var": 8.20924640266e-07
    },
    "spectral_rolloff": {
        "mean": 1254.51318359,
        "var": 401382.1875
    },
    "spectral_skewness": {
        "mean": 3.73395395279,
        "var": 0.996203541756
    },
    "spectral_spread": {
        "mean": 5489039.5,
        "var": 2.33731826647e+13
    },
    "spectral_strongpeak": {
        "mean": 1.14086687565,
        "var": 0.96591180563
    },
    "zerocrossingrate": {
        "mean": 0.0519884489477,
        "var": 0.000575021724217
    },
    "barkbands": {
        "mean": [2.18309924094e-06, 7.23806977021e-07, 2.39495989263e-07, 8.81429002675e-07, 0.00047906851978, 4.30247268923e-07, 0.00025955226738, 2.25047955382e-07, 0.000528562697582, 9.04343141883e-06, 1.8121585299e-07, 8.5913008661e-05, 1.70065268321e-05, 0.000661942409351, 0.000179099472007, 0.000123724923469, 1.2765424799e-05, 7.68223617342e-06, 5.28092232344e-06, 1.76892729087e-06, 5.72875592297e-07, 1.02629837784e-06, 1.36091344416e-07, 2.18309494926e-07, 5.91398503502e-08, 1.18226912704e-08, 2.33661173743e-10],
        "var": [4.88451813718e-12, 2.48312682265e-13, 8.36750644901e-14, 3.16100357695e-12, 2.09072695156e-07, 3.03432517827e-13, 5.41109308472e-08, 7.82276939624e-14, 2.7327169505e-07, 6.27318613722e-11, 4.08786638437e-14, 5.94875171345e-09, 2.25877039295e-10, 3.64824614962e-07, 2.90150818927e-08, 1.44579006545e-08, 1.49331047528e-10, 6.26528898207e-11, 3.46343162483e-11, 4.18034096922e-12, 4.31843146312e-13, 9.99753773691e-13, 1.75650526703e-14, 4.8918544725e-14, 4.06322805941e-15, 1.29587954412e-16, 4.96774787537e-20]
    },
    "mfcc": {
        "mean": [-892.367553711, 130.713043213, -35.2524833679, -6.50293111801, 3.34566926956, -4.50531435013, -25.1054286957, -17.5645542145, -8.49551010132, 2.14392018318, 3.829662323, -5.91297292709, -3.55022001266],
        "var": [17767.8339844, 2216.65698242, 2574.65283203, 332.97668457, 82.5601196289, 81.4039535522, 285.559417725, 131.525772095, 86.0838165283, 36.784778595, 39.3950119019, 139.205886841, 108.800392151]
    },
    "sccoeffs": {
        "mean": [-0.600154578686, -0.561841785908, -0.609942615032, -0.629221141338, -0.75437605381, -0.805932879448],
        "var": [0.0137203987688, 0.014897312969, 0.0172170810401, 0.0278748758137, 0.0111665884033, 0.0048710857518]
    },
    "scvalleys": {
        "mean": [-8.82303524017, -9.66047382355, -10.1669549942, -10.3574352264, -11.2958259583, -12.7426214218],
        "var": [0.608010828495, 1.87305867672, 2.38429713249, 3.34915471077, 2.60028171539, 1.09236979485]
    }
},
"rhythm": {
    "beats_loudness": {
        "mean": 0.00279125687666,
        "var": 4.71381599709e-06
    },
    "bpm": 88.3561782837,
    "confidence": 0,
    "first_peak_bpm": {
        "mean": 89,
        "var": 0
    },
    "first_peak_spread": {
        "mean": 0.16666662693,
        "var": 0
    },
    "first_peak_weight": {
        "mean": 0.83333337307,
        "var": 0
    },
    "onset_rate": 1.84306752682,
    "second_peak_bpm": {
        "mean": 0,
        "var": 0
    },
    "second_peak_spread": {
        "mean": 0,
        "var": 0
    },
    "second_peak_weight": {
        "mean": 0,
        "var": 0
    },
    "beats_loudness_band_ratio": {
        "mean": [0.159280747175, 0.197571501136, 0.314069271088, 0.262024313211, 0.09931268543, 0.00279637612402],
        "var": [0.0816999897361, 0.00287614180706, 0.0173240918666, 0.0137653872371, 0.00395306153223, 4.05693481298e-06]
    },
    "beats_position": [0.684988677502, 1.369977355, 2.06657600403, 2.73995471001, 3.41333317757, 4.08671188354, 4.76009082794],
    "bpm_estimates": [87.5926895142, 86.1328125, 89.1029052734, 89.102935791, 89.1029052734, 89.1028747559],
    "bpm_intervals": [0.684988677502, 0.696598649025, 0.673378705978, 0.67337846756, 0.673378705978, 0.673378944397],
    "onset_times": [0.0348299331963, 0.127709746361, 0.197369620204, 0.487619042397, 0.522448956966, 4.33052158356, 4.51628112793, 4.82975053787, 4.9806804657, 5.23609972],
    "histogram": [[0, 0, 0, 0, 0, 0, 0, 0, 0, 0, 0, 0, 0, 0, 0, 0, 0, 0, 0, 0, 0, 0, 0, 0, 0, 0, 0, 0, 0, 0, 0, 0, 0, 0, 0, 0, 0, 0, 0, 0, 0, 0, 0, 0, 0, 0, 0, 0, 0, 0, 0, 0, 0, 0, 0, 0, 0, 0, 0, 0, 0, 0, 0, 0, 0, 0, 0, 0, 0, 0, 0, 0, 0, 0, 0, 0, 0, 0, 0, 0, 0, 0, 0, 0, 0, 0, 0.166666671634, 0, 0.166666671634, 0.666666686535, 0, 0, 0, 0, 0, 0, 0, 0, 0, 0, 0, 0, 0, 0, 0, 0, 0, 0, 0, 0, 0, 0, 0, 0, 0, 0, 0, 0, 0, 0, 0, 0, 0, 0, 0, 0, 0, 0, 0, 0, 0, 0, 0, 0, 0, 0, 0, 0, 0, 0, 0, 0, 0, 0, 0, 0, 0, 0, 0, 0, 0, 0, 0, 0, 0, 0, 0, 0, 0, 0, 0, 0, 0, 0, 0, 0, 0, 0, 0, 0, 0, 0, 0, 0, 0, 0, 0, 0, 0, 0, 0, 0, 0, 0, 0, 0, 0, 0, 0, 0, 0, 0, 0, 0, 0, 0, 0, 0, 0, 0, 0, 0, 0, 0, 0, 0, 0, 0, 0, 0, 0, 0, 0, 0, 0, 0, 0, 0, 0, 0, 0, 0, 0, 0, 0, 0, 0, 0, 0, 0, 0, 0, 0, 0, 0, 0, 0, 0, 0, 0, 0, 0, 0, 0, 0, 0, 0, 0, 0, 0]]
},
"sfx": {
    "inharmonicity": {
        "mean": 0.0397416986525,
        "var": 0.00325788930058
    },
    "oddtoevenharmonicenergyratio": {
        "mean": 1.52040326595,
        "var": 15.3989267349
    },
    "pitch_after_max_to_before_max_energy_ratio": 0.0257695876062,
    "pitch_centroid": 114.604011536,
    "pitch_max_to_total": 0.957446813583,
    "pitch_min_to_total": 0.974468111992,
    "tristimulus": {
        "mean": [0.180588513613, 0.385228484869, 0.434182822704],
        "var": [0.00823772605509, 0.0250906888396, 0.0383672825992]
    }
},
"tonal": {
    "chords_changes_rate": 0.00847457628697,
    "chords_number_rate": 0.0169491525739,
    "chords_strength": {
        "mean": 0.413471519947,
        "var": 0.00396577548236
    },
    "key_strength": 0.567247390747,