{
"metadata": {
    "version": {
        "essentia": "2.1-dev"
    }
},
"lowLevel": {
    "barkbands_kurtosis": {
        "mean": 0.0420626178384,
        "var": 0.699914693832
    },
    "dissonance": {
        "mean": 0.486798197031,
        "var": 0.000118086456496
    },
    "hfc": {
        "mean": 194.623519897,
        "var": 55186.8789062
    },
    "spectral_centroid": {
        "mean": 2984.64941406,
        "var": 606679.25
    },
    "spectral_complexity": {
        "mean": 42.71875,
        "var": 31.9521484375
    },
    "spectral_crest": {
        "mean": 4.99521303177,
        "var": 0.900471806526
    },
    "spectral_energyband_high": {
        "mean": 0.0171434674412,
        "var": 0.000794614898041
    },
    "spectral_energyband_low": {
        "mean": 4.82113027829e-05,
        "var": 3.24269744389e-09
    },
    "spectral_kurtosis": {
        "mean": 2.03930711746,
        "var": 1.94489812851
    },
    "spectral_rolloff": {
        "mean": 4505.14941406,
        "var": 1943125.75
    },
    "spectral_strongpeak": {
        "mean": 3.25427699089,
        "var": 6.40605354309
    },
    "mfcc": {
        "mean": [-587.41784668, 5.22974872589, -108.096298218, 5.47240781784, -35.9547653198, 15.6898908615, -0.765521764755, 19.3573322296, -10.8956623077, 1.93670403957, -11.7809333801, -10.5936222076, -13.2220563889],
        "var": [4323.0546875, 185.858047485, 1488.55029297, 75.7320556641, 130.722183228, 70.6930236816, 66.6996078491, 231.610488892, 73.9930877686, 68.1705093384, 74.5154342651, 53.6136360168, 37.8410797119]
    },
    "sccoeffs": {
        "mean": [-0.595665514469, -0.690605580807, -0.663481712341, -0.692226886749, -0.703731775284, -0.629352033138],
        "var": [0.00823418796062, 0.00276746344753, 0.00569192040712, 0.00191478349734, 0.000737955444492, 0.00228111888282]
    }
},
"sfx": {
    "inharmonicity": {
        "mean": 0.181391522288,
        "var": 0.0133733097464
    }
}
}