{"lowlevel.dissonance.mean": [0.5008255243301392], "sfx.inharmonicity.mean": [0.4303244352340698], "lowlevel.spectral_contrast.mean": [[0.18944108486175537, 1.1117910146713257, 1.3443233966827393, 1.2538487911224365, 1.0367423295974731, 0.6206841468811035]], "lowlevel.spectral_centroid.mean": [0.4442293345928192], "lowlevel.mfcc.mean": [[0.5276727676391602, 0.4344951808452606, -0.4284285008907318, 0.06978121399879456, 0.23829129338264465, 0.19989067316055298, 0.1845625340938568, -0.05786263942718506, 0.024454265832901, 0.0420815646648407, 0.10002663731575012, 0.19027569890022278, 0.5787993669509888]], "sfx.logattacktime.mean": [0.38096314668655396], "lowlevel.hfc.mean": [0.4772776663303375]}