{
"metadata": {
    "version": {
        "essentia": "2.1-dev"
    }
},
"lowLevel": {
    "average_loudness": 0.978054821491,
    "barkbands_kurtosis": {
        "mean": 0.507584750652,
        "var": 10.356180191
    },
    "barkbands_skewness": {
        "mean": -0.202838003635,
        "var": 0.68353331089
    },
    "barkbands_spread": {
        "mean": 12.3411054611,
        "var": 192.437286377
    },
    "dissonance": {
        "mean": 0.404831767082,
        "var": 0.00314224790782
    },
    "hfc": {
        "mean": 25.4484519958,
        "var": 249.707794189
    },
    "pitch": {
        "mean": 381.494232178,
        "var": 19521.6542969
    },
    "pitch_instantaneous_confidence": {
        "mean": 0.852327644825,
        "var": 0.0729484409094
    },
    "pitch_salience": {
        "mean": 0.839244484901,
        "var": 0.0260156746954
    },
    "silence_rate_20dB": {
        "mean": 1,
        "var": 0
    },
    "silence_rate_30dB": {
        "mean": 1,
        "var": 0
    },
    "silence_rate_60dB": {
        "mean": 0.202531650662,
        "var": 0.161512881517
    },
    "spectral_centroid": {
        "mean": 1268.03308105,
        "var": 93061.1875
    },
    "spectral_complexity": {
        "mean": 7.22151899338,
        "var": 14.2990255356
    },
    "spectral_crest": {
        "mean": 8.94834899902,
        "var": 9.7417755127
    },
    "spectral_decrease": {
        "mean": -4.67810945537e-09,
        "var": 7.97025329732e-18
    },
    "spectral_energy": {
        "mean": 0.0199644956738,
        "var": 0.000145999118104
    },
    "spectral_energyband_high": {
        "mean": 3.23107597069e-05,
        "var": 1.33256627954e-09
    },
    "spectral_energyband_low": {
        "mean": 1.34082727143e-08,
        "var": 3.79767063083e-16
    },
    "spectral_energyband_middle_high": {
        "mean": 0.0152167323977,
        "var": 9.27640576265e-05
    },
    "spectral_energyband_middle_low": {
        "mean": 0.00472000753507,
        "var": 6.57358032186e-06
    },
    "spectral_flatness_db": {
        "mean": 0.361634910107,
        "var": 0.0156825203449
    },
    "spectral_flux": {
        "mean": 0.0100768711418,
        "var": 0.000308027199935
    },
    "spectral_kurtosis": {
        "mean": 27.0280056,
        "var": 400.6640625
    },
    "spectral_rms": {
        "mean": 0.00390179501846,
        "var": 4.25354346589e-06
    },
    "spectral_rolloff": {
        "mean": 1867.80187988,
        "var": 766516.8125
    },
    "spectral_skewness": {
        "mean": 3.39339399338,
        "var": 1.94027113914
    },
    "spectral_spread": {
        "mean": 5322476,
        "var": 9.07720953692e+13
    },
    "spectral_strongpeak": {
        "mean": 2.78352832794,
        "var": 2.99272322655
    },
    "zerocrossingrate": {
        "mean": 0.0564026646316,
        "var": 0.00132234278135
    },
    "barkbands": {
        "mean": [1.39556952661e-08, 4.00237309961e-09, 2.00470262612e-09, 3.31573923873e-09, 6.46780264901e-08, 0.00136038556229, 5.75683770876e-06, 8.18169425543e-08, 0.00333577999845, 2.00068152481e-05, 2.17846736632e-05, 0.00637722900137, 0.00358175695874, 0.00130828889087, 0.00246153515764, 0.000735014560632, 0.000450814928627, 0.00018281917437, 8.87766364031e-05, 2.17647520913e-05, 1.10796399895e-05, 1.29025977458e-06, 2.20035119014e-07, 3.70320485388e-08, 1.62788111879e-08, 2.45698350554e-09, 4.09233119614e-10],
        "var": [3.76453655482e-16, 6.92898758889e-17, 3.14200055816e-17, 8.20126548638e-17, 1.18356320296e-13, 5.35013896297e-07, 1.82650283787e-10, 5.79625120145e-14, 3.39601479027e-06, 2.47312859081e-09, 7.73366437556e-09, 1.7868283976e-05, 5.42334692e-06, 1.1327450693e-06, 2.72318402494e-06, 3.24074335367e-07, 1.36955435437e-07, 2.59884593845e-08, 8.99995278303e-09, 6.15686057692e-10, 1.43504638728e-10, 8.70780531015e-12, 1.18726507575e-13, 1.77123726639e-15, 2.5325554557e-16, 1.84171597949e-17, 8.9895269616e-19]
    },
    "mfcc": {
        "mean": [-848.726867676, 84.3685379028, -153.65953064, -36.0806846619, -23.1659622192, -22.0803508759, -21.5572147369, -29.6783924103, -23.2280235291, -17.7264537811, -14.7803659439, -9.7472448349, 3.11176395416],
        "var": [19081.7207031, 1454.1427002, 5789.32373047, 406.867126465, 168.319503784, 160.241119385, 129.845001221, 186.612457275, 127.75075531, 81.9477386475, 64.2315444946, 35.4214477539, 17.9209804535]
    },
    "sccoeffs": {
        "mean": [-0.853891909122, -0.487060934305, -0.463749170303, -0.535584151745, -0.655694305897, -0.786302566528],
        "var": [0.00169968244154, 0.0326721705496, 0.0415370427072, 0.0288748890162, 0.0149132236838, 0.00387778924778]
    },
    "scvalleys": {
        "mean": [-11.2696666718, -9.98610973358, -8.99066352844, -9.12933731079, -10.1810836792, -12.4800853729],
        "var": [0.780389726162, 2.02923440933, 3.0636510849, 3.25688004494, 2.65366268158, 1.36275923252]
    }
},
"rhythm": {
    "beats_loudness": {
        "mean": 0.0236875340343,
        "var": 3.84058512282e-05
    },
    "bpm": 79.1056594849,
    "confidence": 0,
    "first_peak_bpm": {
        "mean": 80,
        "var": 0
    },
    "first_peak_spread": {
        "mean": 0.333333313465,
        "var": 0
    },
    "first_peak_weight": {
        "mean": 0.666666686535,
        "var": 0
    },
    "onset_rate": 0.275737017393,
    "second_peak_bpm": {
        "mean": 0,
        "var": 0
    },
    "second_peak_spread": {
        "mean": 0,
        "var": 0
    },
    "second_peak_weight": {
        "mean": 0,
        "var": 0
    },
    "beats_loudness_band_ratio": {
        "mean": [6.67696895107e-07, 0.0741533488035, 0.183934077621, 0.556553184986, 0.181327313185, 0.00537182949483],
        "var": [1.07430828556e-13, 0.000241109490162, 0.000341422972269, 0.00194546079729, 0.0014627519995, 5.56261647944e-06]
    },
    "beats_position": [0.754648506641, 1.50929701328, 2.26394557953, 3.03020405769],
    "bpm_estimates": [79.5072097778, 79.5072097778, 78.3025588989],
    "bpm_intervals": [0.754648506641, 0.754648566246, 0.766258478165],
    "onset_times": [0.348299324512],
    "histogram": [[0, 0, 0, 0, 0, 0, 0, 0, 0, 0, 0, 0, 0, 0, 0, 0, 0, 0, 0, 0, 0, 0, 0, 0, 0, 0, 0, 0, 0, 0, 0, 0, 0, 0, 0, 0, 0, 0, 0, 0, 0, 0, 0, 0, 0, 0, 0, 0, 0, 0, 0, 0, 0, 0, 0, 0, 0, 0, 0, 0, 0, 0, 0, 0, 0, 0, 0, 0, 0, 0, 0, 0, 0, 0, 0, 0, 0, 0, 0.333333343267, 0, 0.666666686535, 0, 0, 0, 0, 0, 0, 0, 0, 0, 0, 0, 0, 0, 0, 0, 0, 0, 0, 0, 0, 0, 0, 0, 0, 0, 0, 0, 0, 0, 0, 0, 0, 0, 0, 0, 0, 0, 0, 0, 0, 0, 0, 0, 0, 0, 0, 0, 0, 0, 0, 0, 0, 0, 0, 0, 0, 0, 0, 0, 0, 0, 0, 0, 0, 0, 0, 0, 0, 0, 0, 0, 0, 0, 0, 0, 0, 0, 0, 0, 0, 0, 0, 0, 0, 0, 0, 0, 0, 0, 0, 0, 0, 0, 0, 0, 0, 0, 0, 0, 0, 0, 0, 0, 0, 0, 0, 0, 0, 0, 0, 0, 0, 0, 0, 0, 0, 0, 0, 0, 0, 0, 0, 0, 0, 0, 0, 0, 0, 0, 0, 0, 0, 0, 0, 0, 0, 0, 0, 0, 0, 0, 0, 0, 0, 0, 0, 0, 0, 0, 0, 0, 0, 0, 0, 0, 0, 0, 0, 0, 0, 0, 0, 0, 0, 0, 0, 0, 0, 0]]
},
"sfx": {
    "inharmonicity": {
        "mean": 0.0256264489144,
        "var": 0.00472081825137
    },
    "oddtoevenharmonicenergyratio": {
        "mean": 0.862852931023,
        "var": 0.223497673869
    },
    "pitch_after_max_to_before_max_energy_ratio": 14.6298923492,
    "pitch_centroid": 78.0859527588,
    "pitch_max_to_total": 0,
    "pitch_min_to_total": 0.0379746817052,
    "tristimulus": {
        "mean": [0.121119827032, 0.532528042793, 0.346352040768],
        "var": [0.00684882886708, 0.00906118378043, 0.0159270092845]
    }
},
"tonal": {
    "chords_changes_rate": 0.0625,
    "chords_number_rate": 0.0375000014901,
    "chords_strength": {
        "mean": 0.399966031313,
        "var": 0.000207120596315
    },
    "key_strength": 0.739875018597,
    "tuning_diatonic_strength": 0.423809021711,
    "tuning_equal_tempered_deviation": 0.0347181484103,
    "tuning_frequency": 435.700531006,
    "tuning_nontempered_energy_ratio": 0.620645403862,