{
"metadata": {
    "version": {
        "essentia": "2.1-dev"
    }
},
"lowLevel": {
    "barkbands_kurtosis": {
        "mean": 0.166905298829,
        "var": 0.157983347774
    },
    "dissonance": {
        "mean": 0.39920142293,
        "var": 0.00167583231814
    },
    "hfc": {
        "mean": 32.9418678284,
        "var": 84.5292739868
    },
    "spectral_centroid": {
        "mean": 1270.4432373,
        "var": 3167.55566406
    },
    "spectral_complexity": {
        "mean": 9.14049625397,
        "var": 1.70753884315
    },
    "spectral_crest": {
        "mean": 8.4809551239,
        "var": 1.73044610023
    },
    "spectral_energyband_high": {
        "mean": 4.21567892772e-05,
        "var": 1.32603694691e-09
    },
    "spectral_energyband_low": {
        "mean": 1.45202987412e-08,
        "var": 3.56339905237e-16
    },
    "spectral_kurtosis": {
        "mean": 28.904542923,
        "var": 146.106735229
    },
    "spectral_rolloff": {
        "mean": 1761.09680176,
        "var": 18479.7304688
    },
    "spectral_strongpeak": {
        "mean": 3.54840874672,
        "var": 1.29096090794
    },
    "mfcc": {
        "mean": [-777.213867188, 100.081214905, -193.428009033, -40.9057884216, -28.6798000336, -27.6285800934, -26.70860672, -36.1586608887, -27.3038101196, -21.276058197, -18.2456321716, -12.1329078674, 3.75133895874],
        "var": [494.461425781, 146.480178833, 50.0675163269, 111.562171936, 69.7671813965, 49.5633277893, 33.3068275452, 9.7865228653, 31.8874378204, 25.3396472931, 19.4383983612, 13.2418575287, 17.1339855194]
    },
    "sccoeffs": {
        "mean": [-0.860404014587, -0.402065634727, -0.365319818258, -0.451528161764, -0.59272557497, -0.758217453957],
        "var": [0.00114049913827, 0.0006985917571, 0.00155947206076, 0.00134622177575, 0.00064228172414, 0.00122777861543]
    }
},
"sfx": {
    "inharmonicity": {
        "mean": 0.00193122727796,
        "var": 7.05664160705e-06
    }
}
}