{
"metadata": {
    "version": {
        "essentia": "2.1-dev"
    }
},
"lowLevel": {
    "average_loudness": 0.99068403244,
    "barkbands_kurtosis": {
        "mean": 30.3820896149,
        "var": 2030.39147949
    },
    "barkbands_skewness": {
        "mean": 2.50708842278,
        "var": 11.4250488281
    },
    "barkbands_spread": {
        "mean": 18.5813083649,
        "var": 307.284301758
    },
    "dissonance": {
        "mean": 0.405845552683,
        "var": 0.0075105605647
    },
    "hfc": {
        "mean": 14.8914775848,
        "var": 2580.89111328
    },
    "pitch": {
        "mean": 552.881103516,
        "var": 1035660.3125
    },
    "pitch_instantaneous_confidence": {
        "mean": 0.537277340889,
        "var": 0.0806882083416
    },
    "pitch_salience": {
        "mean": 0.608273386955,
        "var": 0.0225750505924
    },
    "silence_rate_20dB": {
        "mean": 1,
        "var": 0
    },
    "silence_rate_30dB": {
        "mean": 1,
        "var": 0
    },
    "silence_rate_60dB": {
        "mean": 0.891891896725,
        "var": 0.0964206680655
    },
    "spectral_centroid": {
        "mean": 2536.80224609,
        "var": 10976435
    },
    "spectral_complexity": {
        "mean": 5.21621608734,
        "var": 221.412750244
    },
    "spectral_crest": {
        "mean": 10.909327507,
        "var": 23.1097755432
    },
    "spectral_decrease": {
        "mean": -9.09799013904e-10,
        "var": 1.0569781696e-17
    },
    "spectral_energy": {
        "mean": 0.00478447275236,
        "var": 0.000283801928163
    },
    "spectral_energyband_high": {
        "mean": 0.0016183728585,
        "var": 3.27644520439e-05
    },
    "spectral_energyband_low": {
        "mean": 4.85170457978e-05,
        "var": 3.83703699924e-08
    },
    "spectral_energyband_middle_high": {
        "mean": 0.00247761118226,
        "var": 7.78708126745e-05
    },
    "spectral_energyband_middle_low": {
        "mean": 0.000736926100217,
        "var": 6.94578102411e-06
    },
    "spectral_flatness_db": {
        "mean": 0.226288765669,
        "var": 0.0138898026198
    },
    "spectral_flux": {
        "mean": 0.0237724483013,
        "var": 0.00400156807154
    },
    "spectral_kurtosis": {
        "mean": 3.15191555023,
        "var": 54.5599937439
    },
    "spectral_rms": {
        "mean": 0.000740518094972,
        "var": 4.11941073253e-06
    },
    "spectral_rolloff": {
        "mean": 4291.51025391,
        "var": 33124134
    },
    "spectral_skewness": {
        "mean": 1.29055893421,
        "var": 1.75543582439
    },
    "spectral_spread": {
        "mean": 11969674,
        "var": 1.05898508812e+14
    },
    "spectral_strongpeak": {
        "mean": 0.17478428781,
        "var": 0.253121852875
    },
    "zerocrossingrate": {
        "mean": 0.158796980977,
        "var": 0.027198150754
    },
    "barkbands": {
        "mean": [4.01928801352e-08, 1.99987493943e-06, 2.44086240855e-05, 4.24105564889e-05, 6.07132533332e-05, 7.04716003384e-05, 0.00015522413014, 0.000120558121125, 0.000227372394875, 0.000330848357407, 0.00017199802096, 0.000429796258686, 0.00010121880041, 5.26417861693e-05, 7.05915372237e-05, 0.000131676235469, 0.000160279480042, 0.000394038564991, 0.000343083840562, 0.000699816038832, 0.000517330889124, 0.000208738681977, 0.000199997681193, 0.000180094459211, 8.9124427177e-05, 1.3054362924e-08, 1.46430432224e-08],
        "var": [3.26062012676e-14, 9.43904052142e-11, 1.08361302154e-08, 2.52551064506e-08, 9.91143878082e-08, 7.34418748038e-08, 2.7445531714e-07, 1.43417366871e-07, 1.15483885565e-06, 1.82075154953e-06, 4.03426270168e-07, 3.38883228324e-06, 1.20312506624e-07, 2.89586434832e-08, 5.33845927464e-08, 1.98561394882e-07, 3.11239631401e-07, 2.5333870326e-06, 1.54517442752e-06, 7.71790109866e-06, 4.61859008283e-06, 5.68783661947e-07, 3.78694466008e-07, 2.81141041114e-07, 7.77067015179e-08, 6.02920720009e-15, 7.58774655249e-15]
    },
    "mfcc": {
        "mean": [-1023.44500732, 22.6298103333, 2.42380404472, -0.428263902664, -12.0461387634, -11.9584093094, -8.30576515198, -6.53789710999, -6.309715271, -5.10815191269, -4.88263607025, -0.322152674198, -0.891191840172],
        "var": [39033.7695312, 922.180847168, 275.662017822, 35.3912582397, 261.406585693, 169.421798706, 93.9491577148, 58.5581436157, 51.7527809143, 27.4229869843, 38.1930160522, 8.87435626984, 19.5806484222]
    },
    "sccoeffs": {
        "mean": [-0.730039536953, -0.768140852451, -0.882670223713, -0.896663784981, -0.901735901833, -0.892606794834],
        "var": [0.0132018700242, 0.0113833835348, 0.00370911532082, 0.00231682485901, 0.0024723620154, 0.00375848286785]
    },
    "scvalleys": {
        "mean": [-14.2713871002, -13.2854661942, -13.5923776627, -14.1816921234, -14.1941795349, -14.6750669479],
        "var": [26.2563266754, 35.6480407715, 35.3432121277, 31.7616958618, 32.1873664856, 28.2906455994]
    }
},
"rhythm": {
    "bpm": 0,
    "confidence": 0,
    "first_peak_bpm": {
        "mean": 0,
        "var": 0
    },
    "first_peak_spread": {
        "mean": 0,
        "var": 0
    },
    "first_peak_weight": {
        "mean": 0,
        "var": 0
    },
    "onset_rate": 1.20003271103,
    "second_peak_bpm": {
        "mean": 0,
        "var": 0
    },
    "second_peak_spread": {
        "mean": 0,
        "var": 0
    },
    "second_peak_weight": {
        "mean": 0,
        "var": 0
    },
    "beats_position": [],
    "bpm_estimates": [],
    "bpm_intervals": [],
    "onset_times": [0.0116099771112],
    "histogram": [[0, 0, 0, 0, 0, 0, 0, 0, 0, 0, 0, 0, 0, 0, 0, 0, 0, 0, 0, 0, 0, 0, 0, 0, 0, 0, 0, 0, 0, 0, 0, 0, 0, 0, 0, 0, 0, 0, 0, 0, 0, 0, 0, 0, 0, 0, 0, 0, 0, 0, 0, 0, 0, 0, 0, 0, 0, 0, 0, 0, 0, 0, 0, 0, 0, 0, 0, 0, 0, 0, 0, 0, 0, 0, 0, 0, 0, 0, 0, 0, 0, 0, 0, 0, 0, 0, 0, 0, 0, 0, 0, 0, 0, 0, 0, 0, 0, 0, 0, 0, 0, 0, 0, 0, 0, 0, 0, 0, 0, 0, 0, 0, 0, 0, 0, 0, 0, 0, 0, 0, 0, 0, 0, 0, 0, 0, 0, 0, 0, 0, 0, 0, 0, 0, 0, 0, 0, 0, 0, 0, 0, 0, 0, 0, 0, 0, 0, 0, 0, 0, 0, 0, 0, 0, 0, 0, 0, 0, 0, 0, 0, 0, 0, 0, 0, 0, 0, 0, 0, 0, 0, 0, 0, 0, 0, 0, 0, 0, 0, 0, 0, 0, 0, 0, 0, 0, 0, 0, 0, 0, 0, 0, 0, 0, 0, 0, 0, 0, 0, 0, 0, 0, 0, 0, 0, 0, 0, 0, 0, 0, 0, 0, 0, 0, 0, 0, 0, 0, 0, 0, 0, 0, 0, 0, 0, 0, 0, 0, 0, 0, 0, 0, 0, 0, 0, 0, 0, 0, 0, 0, 0, 0, 0, 0, 0, 0, 0, 0, 0, 0]]
},
"sfx": {
    "inharmonicity": {
        "mean": 0.0915642753243,
        "var": 0.00913064740598
    },
    "oddtoevenharmonicenergyratio": {
        "mean": 2.6210873127,
        "var": 7.6923456192
    },
    "pitch_after_max_to_before_max_energy_ratio": 2.89373087883,
    "pitch_centroid": 13.6385240555,
    "pitch_max_to_total": 0,
    "pitch_min_to_total": 0.918918907642,
    "tristimulus": {
        "mean": [0.285734295845, 0.446114867926, 0.268150836229],
        "var": [0.0599809847772, 0.0639828965068, 0.0670591145754]
    }
},
"tonal": {
    "chords_changes_rate": 0,
    "chords_number_rate": 0.0526315793395,
    "chords_strength": {
        "mean": 0.64909863472,
        "var": 3.5527136788e-15
    },
    "key_strength": 0.572862267494,
    "tuning_diatonic_strength": 0.521366894245,
    "tuning_equal_tempered_deviation": 0.309056222439,
    "tuning_frequency": 451.84777832,
    "tuning_nontempered_energy_ratio": 0.94597274065,
    "hpcp": {
        "mean": [0.0722740665078, 0.0651113390923, 0.0597938783467, 0.062046866864, 0.0678683146834, 0.0682842135429, 0.0568936951458, 0.0501608997583, 0.0669443532825, 0.0731118172407, 0.0784435495734, 0.13827355206, 0.292008638382, 0.286267012358, 0.134090647101, 0.068519808352, 0.0795664265752, 0.112318426371, 0.0721224173903, 0.0362827777863, 0.0412318408489, 0.0522532835603, 0.0572380572557, 0.0472867488861, 0.04388333112, 0.0419385693967, 0.0391717776656, 0.13728582859, 0.505450606346, 0.559483349323, 0.225765734911, 0.0907041952014, 0.0682495981455, 0.0599272064865, 0.0682580247521, 0.0799989923835],