{
"metadata": {
    "version": {
        "essentia": "2.1-dev"
    }
},
"lowLevel": {
    "barkbands_kurtosis": {
        "mean": -0.839951753616,
        "var": 0.0445365719497
    },
    "dissonance": {
        "mean": 0.482949018478,
        "var": 0.000315467797918
    },
    "hfc": {
        "mean": 170.69934082,
        "var": 5081.68408203
    },
    "spectral_centroid": {
        "mean": 3253.53051758,
        "var": 314101
    },
    "spectral_complexity": {
        "mean": 51,
        "var": 74
    },
    "spectral_crest": {
        "mean": 4.69825363159,
        "var": 0.429934829473
    },
    "spectral_energyband_high": {
        "mean": 0.0185163412243,
        "var": 8.92023745109e-05
    },
    "spectral_energyband_low": {
        "mean": 0.000582825043239,
        "var": 1.62384822033e-07
    },
    "spectral_kurtosis": {
        "mean": 0.187644407153,
        "var": 1.85632765293
    },
    "spectral_rolloff": {
        "mean": 5476.61132812,
        "var": 1552499.625
    },
    "spectral_strongpeak": {
        "mean": 1.70653688908,
        "var": 0.494696229696
    },
    "mfcc": {
        "mean": [-515.67376709, 22.281829834, -27.215681076, -1.58004570007, -29.4037418365, -19.4755039215, 0.905801475048, -1.97937262058, -9.10988998413, -6.05858230591, -11.8159360886, -0.751547515392, -0.892422378063],
        "var": [621.863098145, 187.436523438, 19.1971130371, 45.840511322, 73.0541152954, 0.573617815971, 66.0484390259, 43.0535316467, 135.597366333, 54.8010101318, 68.7456359863, 1.49047660828, 5.99015665054]
    },
    "sccoeffs": {
        "mean": [-0.596624851227, -0.781302034855, -0.785122394562, -0.794342339039, -0.778007030487, -0.78180283308],
        "var": [0.0068552759476, 0.00104661646765, 0.00133673858363, 0.000474943895824, 0.000540582055692, 7.37549053156e-05]
    }
},
"sfx": {
    "inharmonicity": {
        "mean": 0.0832780227065,
        "var": 0.0138704590499
    }
}
}