{
"metadata": {
    "version": {
        "essentia": "2.1-dev"
    }
},
"lowLevel": {
    "average_loudness": 0.706468105316,
    "barkbands_kurtosis": {
        "mean": 5.67448854446,
        "var": 562.121398926
    },
    "barkbands_skewness": {
        "mean": 0.613192617893,
        "var": 3.03626298904
    },
    "barkbands_spread": {
        "mean": 11.2269515991,
        "var": 43.4991416931
    },
    "dissonance": {
        "mean": 0.337695091963,
        "var": 0.0095035508275
    },
    "hfc": {
        "mean": 9.32113647461,
        "var": 100.528594971
    },
    "pitch": {
        "mean": 225.119949341,
        "var": 10855.5683594
    },
    "pitch_instantaneous_confidence": {
        "mean": 0.849939644337,
        "var": 0.0379458926618
    },
    "pitch_salience": {
        "mean": 0.563847005367,
        "var": 0.0112451380119
    },
    "silence_rate_20dB": {
        "mean": 1,
        "var": 0
    },
    "silence_rate_30dB": {
        "mean": 1,
        "var": 0
    },
    "silence_rate_60dB": {
        "mean": 0.483985751867,
        "var": 0.249743208289
    },
    "spectral_centroid": {
        "mean": 699.932983398,
        "var": 173278.15625
    },
    "spectral_complexity": {
        "mean": 6,
        "var": 27.3096084595
    },
    "spectral_crest": {
        "mean": 11.2844581604,
        "var": 31.0076980591
    },
    "spectral_decrease": {
        "mean": -2.12338946426e-09,
        "var": 5.16598735726e-18
    },
    "spectral_energy": {
        "mean": 0.00885961018503,
        "var": 8.9970191766e-05
    },
    "spectral_energyband_high": {
        "mean": 1.76358771569e-05,
        "var": 3.75788622442e-10
    },
    "spectral_energyband_low": {
        "mean": 4.05267201131e-06,
        "var": 8.55164619673e-11
    },
    "spectral_energyband_middle_high": {
        "mean": 0.00426304293796,
        "var": 2.16686421481e-05
    },
    "spectral_energyband_middle_low": {
        "mean": 0.00457484973595,
        "var": 2.36134765146e-05
    },
    "spectral_flatness_db": {
        "mean": 0.307187229395,
        "var": 0.00691304868087
    },
    "spectral_flux": {
        "mean": 0.00454654591158,
        "var": 1.8057111447e-05
    },
    "spectral_kurtosis": {
        "mean": 22.9523677826,
        "var": 763.992004395
    },
    "spectral_rms": {
        "mean": 0.00220002769493,
        "var": 3.80340202355e-06
    },
    "spectral_rolloff": {
        "mean": 1240.65026855,
        "var": 650857.875
    },
    "spectral_skewness": {
        "mean": 3.89099955559,
        "var": 3.27597594261
    },
    "spectral_spread": {
        "mean": 6120870,
        "var": 2.42836171653e+13
    },
    "spectral_strongpeak": {
        "mean": 2.0213508606,
        "var": 4.55715560913
    },
    "zerocrossingrate": {
        "mean": 0.0456377901137,
        "var": 0.000715832458809
    },
    "barkbands": {
        "mean": [2.56224984696e-06, 1.03158083675e-06, 7.7613628946e-07, 2.87374359687e-06, 0.00179296941496, 6.70767076372e-06, 0.00120759301353, 1.22475182707e-06, 0.00156329688616, 6.09238959441e-05, 8.64101821207e-07, 0.000254784623394, 4.99509878864e-05, 0.00233181100339, 0.000813272607047, 0.000632254581433, 7.23139601178e-05, 2.86346730718e-05, 1.27126277221e-05, 7.32710259399e-06, 5.25779660165e-06, 7.95724827185e-06, 6.70314364015e-07, 1.28075168959e-06, 4.99920531638e-07, 7.18647186204e-08, 5.54636836458e-10],
        "var": [8.80931525643e-12, 3.61752966992e-12, 1.18759186513e-11, 1.46701498172e-10, 4.06965591537e-06, 3.39469430344e-09, 1.56346766289e-06, 6.25438936752e-11, 2.72782335742e-06, 6.00350125168e-09, 5.5800368666e-12, 8.48903738415e-08, 2.86655921222e-09, 6.73267641105e-06, 7.55247242523e-07, 4.67787998559e-07, 5.67507640881e-09, 1.00000818737e-09, 2.36309805057e-10, 8.27100471446e-11, 4.67427936635e-11, 1.14403944651e-10, 6.39703296845e-13, 2.05128665789e-12, 3.44370230032e-13, 6.9201084072e-15, 1.5655314365e-18]
    },
    "mfcc": {
        "mean": [-869.016052246, 118.983734131, -20.326379776, -1.37176764011, -2.42811393738, -9.13848018646, -28.0727920532, -19.5111122131, -7.58907842636, -3.7182135582, -3.26144790649, -5.86300706863, -8.5645647049],
        "var": [32888.1015625, 2054.68408203, 3583.05297852, 441.217071533, 219.74899292, 158.623718262, 372.220947266, 163.764389038, 34.6677818298, 31.984954834, 39.1059951782, 64.0116043091, 104.935600281]
    },
    "sccoeffs": {
        "mean": [-0.555935978889, -0.535762429237, -0.605290472507, -0.63344758749, -0.760843396187, -0.801185190678],
        "var": [0.0223848223686, 0.0273941550404, 0.0259867310524, 0.0435297042131, 0.0168589502573, 0.00857989117503]
    },
    "scvalleys": {
        "mean": [-8.78911781311, -9.54051589966, -10.09233284, -10.4546051025, -11.2051267624, -12.5047292709],
        "var": [0.988982200623, 2.48397302628, 3.62226438522, 4.88482284546, 4.44144296646, 2.47575926781]
    }
},
"rhythm": {
    "beats_loudness": {
        "mean": 0.010163962841,
        "var": 9.68184249359e-05
    },
    "bpm": 119.092712402,
    "confidence": 3.36568903923,
    "first_peak_bpm": {
        "mean": 120,
        "var": 0
    },
    "first_peak_spread": {
        "mean": 0.399999976158,
        "var": 0
    },
    "first_peak_weight": {
        "mean": 0.54545456171,
        "var": 0
    },
    "onset_rate": 0.462817192078,
    "second_peak_bpm": {
        "mean": 115,
        "var": 0
    },
    "second_peak_spread": {
        "mean": 0,
        "var": 0
    },
    "second_peak_weight": {
        "mean": 0.0909090936184,
        "var": 0
    },
    "beats_loudness_band_ratio": {
        "mean": [0.133437097073, 0.2875469625, 0.327042877674, 0.187176480889, 0.114083044231, 0.00437575997785],
        "var": [0.0265452358872, 0.030565649271, 0.0333892665803, 0.0176942758262, 0.00702474685386, 2.96294874715e-05]
    },
    "beats_position": [0.510838985443, 1.03328800201, 1.54412698746, 2.0549659729, 2.56580495834, 3.06503391266, 3.56426286697, 4.06349182129, 4.5627207756, 5.06195020676, 5.5727891922, 6.07201814651],
    "bpm_estimates": [117.453842163, 117.453842163, 117.453842163, 120.185333252, 120.185333252, 120.185333252, 120.185333252, 120.185218811, 117.453842163, 120.185333252],
    "bpm_intervals": [0.522449016571, 0.510838985443, 0.510838985443, 0.510838985443, 0.499228954315, 0.499228954315, 0.499228954315, 0.499228954315, 0.499229431152, 0.510838985443, 0.499228954315],
    "onset_times": [0.0348299331963, 0.487619042397, 6.08362817764],
    "histogram": [[0, 0, 0, 0, 0, 0, 0, 0, 0, 0, 0, 0, 0, 0, 0, 0, 0, 0, 0, 0, 0, 0, 0, 0, 0, 0, 0, 0, 0, 0, 0, 0, 0, 0, 0, 0, 0, 0, 0, 0, 0, 0, 0, 0, 0, 0, 0, 0, 0, 0, 0, 0, 0, 0, 0, 0, 0, 0, 0, 0, 0, 0, 0, 0, 0, 0, 0, 0, 0, 0, 0, 0, 0, 0, 0, 0, 0, 0, 0, 0, 0, 0, 0, 0, 0, 0, 0, 0, 0, 0, 0, 0, 0, 0, 0, 0, 0, 0, 0, 0, 0, 0, 0, 0, 0, 0, 0, 0, 0, 0, 0, 0, 0, 0, 0, 0.0909090936184, 0, 0.363636374474, 0, 0, 0.54545456171, 0, 0, 0, 0, 0, 0, 0, 0, 0, 0, 0, 0, 0, 0, 0, 0, 0, 0, 0, 0, 0, 0, 0, 0, 0, 0, 0, 0, 0, 0, 0, 0, 0, 0, 0, 0, 0, 0, 0, 0, 0, 0, 0, 0, 0, 0, 0, 0, 0, 0, 0, 0, 0, 0, 0, 0, 0, 0, 0, 0, 0, 0, 0, 0, 0, 0, 0, 0, 0, 0, 0, 0, 0, 0, 0, 0, 0, 0, 0, 0, 0, 0, 0, 0, 0, 0, 0, 0, 0, 0, 0, 0, 0, 0, 0, 0, 0, 0, 0, 0, 0, 0, 0, 0, 0, 0, 0, 0, 0, 0, 0, 0, 0, 0, 0, 0, 0, 0, 0, 0, 0, 0, 0, 0, 0, 0, 0, 0, 0]]
},
"sfx": {
    "inharmonicity": {
        "mean": 0.0248629301786,
        "var": 0.00129384256434
    },
    "oddtoevenharmonicenergyratio": {
        "mean": 0.729764163494,
        "var": 2.68098020554
    },
    "pitch_after_max_to_before_max_energy_ratio": 3.69465017319,
    "pitch_centroid": 137.577545166,
    "pitch_max_to_total": 0.0711743757129,
    "pitch_min_to_total": 0.0569395013154,
    "tristimulus": {
        "mean": [0.271920233965, 0.366226822138, 0.361853182316],
        "var": [0.0302992071956, 0.0198970641941, 0.0565485954285]
    }
},
"tonal": {
    "chords_changes_rate": 0.0283687934279,
    "chords_number_rate": 0.021276595071,