{
"metadata": {
    "version": {
        "essentia": "2.1-dev"
    }
},
"lowLevel": {
    "barkbands_kurtosis": {
        "mean": -1.42264676094,
        "var": 0.00374331208877
    },
    "dissonance": {
        "mean": 0.38558831811,
        "var": 0.00142328336369
    },
    "hfc": {
        "mean": 20.9369354248,
        "var": 15.8263101578
    },
    "spectral_centroid": {
        "mean": 1065.18505859,
        "var": 2698.79785156
    },
    "spectral_complexity": {
        "mean": 11.4414415359,
        "var": 0.606931507587
    },
    "spectral_crest": {
        "mean": 7.24966096878,
        "var": 0.248377427459
    },
    "spectral_energyband_high": {
        "mean": 3.80428900826e-05,
        "var": 1.39748421168e-10
    },
    "spectral_energyband_low": {
        "mean": 3.71603869098e-06,
        "var": 8.83997996332e-12
    },
    "spectral_kurtosis": {
        "mean": 15.2769680023,
        "var": 5.57697629929
    },
    "spectral_rolloff": {
        "mean": 1970.19116211,
        "var": 2221.26293945
    },
    "spectral_strongpeak": {
        "mean": 4.39042043686,
        "var": 1.08447897434
    },
    "mfcc": {
        "mean": [-694.47052002, 147.863250732, -76.4350891113, -15.7561950684, -6.37174129486, -11.5915317535, -44.3668251038, -31.1690425873, -10.8395853043, -6.10626792908, -7.61356830597, -12.4273471832, -17.2707214355],
        "var": [129.494628906, 29.4102535248, 36.6705055237, 34.2853546143, 23.8930435181, 40.1223373413, 33.1118621826, 21.5628871918, 23.4021816254, 21.0515117645, 27.23346138, 26.6898174286, 23.3271751404]
    },
    "sccoeffs": {
        "mean": [-0.411968439817, -0.403348594904, -0.466306269169, -0.435367226601, -0.638729333878, -0.712608456612],
        "var": [0.00183588429354, 0.000822623260319, 0.000502898648847, 0.000414548092522, 0.000136433867738, 0.000429587060353]
    }
},
"sfx": {
    "inharmonicity": {
        "mean": 0.0231787990779,
        "var": 2.86277318082e-05
    }
}
}