{"lowlevel.dissonance.mean": [0.49159789085388184], "sfx.inharmonicity.mean": [0.4815528392791748], "lowlevel.spectral_contrast.mean": [[0.49532341957092285, 0.5493996143341064, 0.6294445991516113, 0.5170185565948486, 0.38154077529907227, 0.3147733211517334]], "lowlevel.spectral_centroid.mean": [0.4442770183086395], "lowlevel.mfcc.mean": [[0.2068309783935547, 0.38305750489234924, 0.2683737576007843, 0.019607096910476685, 0.3741561472415924, 0.3826788067817688, 0.35949432849884033, 0.36146724224090576, 0.38898059725761414, 0.3343515396118164, 0.36719822883605957, 0.34425288438796997, 0.32454782724380493]], "sfx.logattacktime.mean": [0.5752564668655396], "lowlevel.hfc.mean": [0.4652184844017029]}