{
"metadata": {
    "version": {
        "essentia": "2.1-dev"
    }
},
"lowLevel": {
    "barkbands_kurtosis": {
        "mean": -1.15231978893,
        "var": 0.53114926815
    },
    "dissonance": {
        "mean": 0.284053176641,
        "var": 0.00561180058867
    },
    "hfc": {
        "mean": 81.3257904053,
        "var": 632.426391602
    },
    "spectral_centroid": {
        "mean": 943.919067383,
        "var": 2305.84765625
    },
    "spectral_complexity": {
        "mean": 2.9571428299,
        "var": 0.0410204157233
    },
    "spectral_crest": {
        "mean": 17.9470367432,
        "var": 3.54971265793
    },
    "spectral_energyband_high": {
        "mean": 1.85622911886e-06,
        "var": 2.97702943027e-12
    },
    "spectral_energyband_low": {
        "mean": 1.35281325697e-07,
        "var": 9.33613012881e-15
    },
    "spectral_kurtosis": {
        "mean": 89.9056854248,
        "var": 226.324523926
    },
    "spectral_rolloff": {
        "mean": 1410.21740723,
        "var": 2306.20800781
    },
    "spectral_strongpeak": {
        "mean": 6.49307012558,
        "var": 0.916718184948
    },
    "mfcc": {
        "mean": [-912.41394043, 98.0907058716, -121.146278381, -75.9833679199, -29.8809146881, -10.2145938873, 3.47059702873, 5.92860507965, 33.3831787109, 50.1904296875, 40.5092124939, 10.0757770538, -50.6646308899],
        "var": [446.133361816, 171.156158447, 86.0212249756, 50.3362312317, 34.1215133667, 21.8122901917, 34.5350952148, 32.3093452454, 24.884847641, 66.0810699463, 28.492609024, 63.7616500854, 14.4887313843]
    },
    "sccoeffs": {
        "mean": [-0.844431877136, -0.826302647591, -0.219883278012, -0.360267609358, -0.809288442135, -0.856546163559],
        "var": [0.00231847842224, 0.00253663235344, 0.00058418745175, 0.000941574922763, 0.000300120504107, 0.000301208143355]
    }
},
"sfx": {
    "inharmonicity": {
        "mean": 0.00108876090962,
        "var": 6.06699018135e-07
    }
}
}