{
"metadata": {
    "version": {
        "essentia": "2.1-dev"
    }
},
"lowLevel": {
    "average_loudness": 0.970436453819,
    "barkbands_kurtosis": {
        "mean": 0.973688304424,
        "var": 283.558990479
    },
    "barkbands_skewness": {
        "mean": 0.90481454134,
        "var": 1.51125907898
    },
    "barkbands_spread": {
        "mean": 7.47348737717,
        "var": 109.793670654
    },
    "dissonance": {
        "mean": 0.313594281673,
        "var": 0.00951619260013
    },
    "hfc": {
        "mean": 66.2034835815,
        "var": 1515.26794434
    },
    "pitch": {
        "mean": 737.168579102,
        "var": 55599.7382812
    },
    "pitch_instantaneous_confidence": {
        "mean": 0.901296079159,
        "var": 0.0502521023154
    },
    "pitch_salience": {
        "mean": 0.471617817879,
        "var": 0.00744867138565
    },
    "silence_rate_20dB": {
        "mean": 1,
        "var": 0
    },
    "silence_rate_30dB": {
        "mean": 0.806201577187,
        "var": 0.156241625547
    },
    "silence_rate_60dB": {
        "mean": 0.182170540094,
        "var": 0.148984313011
    },
    "spectral_centroid": {
        "mean": 950.545715332,
        "var": 136360
    },
    "spectral_complexity": {
        "mean": 2.42248058319,
        "var": 1.30600452423
    },
    "spectral_crest": {
        "mean": 17.3597412109,
        "var": 12.5620994568
    },
    "spectral_decrease": {
        "mean": -1.67780669358e-08,
        "var": 8.97274309474e-17
    },
    "spectral_energy": {
        "mean": 0.06932900846,
        "var": 0.0015423016157
    },
    "spectral_energyband_high": {
        "mean": 1.53699227212e-06,
        "var": 2.89430025086e-12
    },
    "spectral_energyband_low": {
        "mean": 1.30742506599e-07,
        "var": 1.02916595263e-14
    },
    "spectral_energyband_middle_high": {
        "mean": 0.0243373606354,
        "var": 0.000261934590526
    },
    "spectral_energyband_middle_low": {
        "mean": 0.0449911169708,
        "var": 0.000573142198846
    },
    "spectral_flatness_db": {
        "mean": 0.565796196461,
        "var": 0.0383955799043
    },
    "spectral_flux": {
        "mean": 0.0124259181321,
        "var": 0.000274154299404
    },
    "spectral_kurtosis": {
        "mean": 73.9078521729,
        "var": 1306.27502441
    },
    "spectral_rms": {
        "mean": 0.00735437264666,
        "var": 1.35512555062e-05
    },
    "spectral_rolloff": {
        "mean": 1437.46411133,
        "var": 392501.9375
    },
    "spectral_skewness": {
        "mean": 6.86031675339,
        "var": 5.94782590866
    },
    "spectral_spread": {
        "mean": 4420635,
        "var": 5.19714111488e+13
    },
    "spectral_strongpeak": {
        "mean": 5.29212999344,
        "var": 7.05933380127
    },
    "zerocrossingrate": {
        "mean": 0.0382676236331,
        "var": 0.000453902408481
    },
    "barkbands": {
        "mean": [1.86564292903e-07, 3.56605376339e-08, 9.47398248741e-09, 7.17358927815e-09, 3.82377969288e-08, 3.29591571813e-08, 5.01834023225e-08, 1.77002632995e-07, 0.0449881628156, 4.35535002907e-06, 8.96788989735e-08, 7.61145713568e-07, 0.0241129156202, 2.32325623983e-06, 2.0979982196e-07, 0.000212082406506, 3.94226475464e-07, 4.9091559049e-06, 7.73923090946e-07, 1.22505514355e-06, 1.67451617017e-07, 1.07888624257e-07, 4.83677666807e-08, 4.87718665454e-08, 4.0515097055e-08, 2.67830451151e-08, 2.41337083651e-09],
        "var": [4.42261278869e-14, 7.66517859876e-16, 1.07912923922e-16, 7.6631679543e-17, 1.77193765676e-15, 8.83957813343e-16, 2.74037562458e-15, 4.37329581999e-14, 0.000573077180889, 3.14002643331e-11, 6.93746665339e-15, 6.96425556113e-13, 0.000256630126387, 9.05357473019e-12, 2.30161077914e-14, 1.06963376822e-07, 7.38324264465e-14, 2.00582848942e-11, 1.19435505323e-12, 2.32270973288e-12, 1.87973992112e-14, 8.40097695592e-15, 2.93868742512e-15, 1.80644366144e-15, 1.11407469519e-15, 7.35594486917e-16, 1.52856359755e-17]
    },
    "mfcc": {
        "mean": [-950.08996582, 82.2854309082, -99.6015548706, -62.2918014526, -24.0563220978, -7.2615480423, 3.72054767609, 5.58657407761, 28.5737724304, 42.906539917, 34.8962974548, 8.97200870514, -41.6193733215],
        "var": [6775.13720703, 1265.31408691, 2166.35302734, 897.994567871, 192.723342896, 61.2256889343, 31.886510849, 33.5639228821, 134.982803345, 302.894317627, 170.958465576, 60.0703239441, 396.842498779]
    },
    "sccoeffs": {
        "mean": [-0.830104827881, -0.837234735489, -0.334415346384, -0.45102930069, -0.821359395981, -0.861334204674],
        "var": [0.0035493185278, 0.002743516583, 0.06072871387, 0.037235904485, 0.00101746909786, 0.000567215669435]
    },
    "scvalleys": {
        "mean": [-10.4892492294, -10.2023839951, -9.90633296967, -9.60274410248, -10.49122715, -12.0451440811],
        "var": [0.602944850922, 0.946653485298, 1.32574033737, 1.25814211369, 1.2546980381, 0.972245633602]
    }
},
"rhythm": {
    "beats_loudness": {
        "mean": 0.0744788348675,
        "var": 0.00144583988003
    },
    "bpm": 143.967880249,
    "confidence": 0,
    "first_peak_bpm": {
        "mean": 144,
        "var": 0
    },
    "first_peak_spread": {
        "mean": 0.45454543829,
        "var": 0
    },
    "first_peak_weight": {
        "mean": 0.5,
        "var": 0
    },
    "onset_rate": 0.335800439119,
    "second_peak_bpm": {
        "mean": 133,
        "var": 0
    },
    "second_peak_spread": {
        "mean": 0,
        "var": 0
    },
    "second_peak_weight": {
        "mean": 0.0833333358169,
        "var": 0
    },
    "beats_loudness_band_ratio": {
        "mean": [0.00221411674283, 0.000390763452742, 0.63879352808, 0.308593124151, 0.0178450923413, 0.0329068861902],
        "var": [4.30563486589e-05, 1.76968160304e-06, 0.0329936258495, 0.00897979270667, 0.00281501142308, 0.0127638000995]
    },
    "beats_position": [0.406349211931, 0.812698423862, 1.21904754639, 1.63700675964, 2.0549659729, 2.47292518616, 2.87927436829, 3.29723358154, 3.72680258751, 4.14476203918, 4.57433080673, 4.99229001999, 5.44507932663],
    "bpm_estimates": [147.65625, 147.656280518, 143.554672241, 143.554672241, 143.554672241, 147.656265259, 143.554672241, 139.674880981, 143.554595947, 139.674957275, 143.554672241],
    "bpm_intervals": [0.406349211931, 0.406349122524, 0.417959213257, 0.417959213257, 0.417959213257, 0.406349182129, 0.417959213257, 0.429569005966, 0.417959451675, 0.429568767548, 0.417959213257, 0.452789306641],
    "onset_times": [0.417959183455, 4.56272125244],
    "histogram": [[0, 0, 0, 0, 0, 0, 0, 0, 0, 0, 0, 0, 0, 0, 0, 0, 0, 0, 0, 0, 0, 0, 0, 0, 0, 0, 0, 0, 0, 0, 0, 0, 0, 0, 0, 0, 0, 0, 0, 0, 0, 0, 0, 0, 0, 0, 0, 0, 0, 0, 0, 0, 0, 0, 0, 0, 0, 0, 0, 0, 0, 0, 0, 0, 0, 0, 0, 0, 0, 0, 0, 0, 0, 0, 0, 0, 0, 0, 0, 0, 0, 0, 0, 0, 0, 0, 0, 0, 0, 0, 0, 0, 0, 0, 0, 0, 0, 0, 0, 0, 0, 0, 0, 0, 0, 0, 0, 0, 0, 0, 0, 0, 0, 0, 0, 0, 0, 0, 0, 0, 0, 0, 0, 0, 0, 0, 0, 0, 0, 0, 0, 0, 0, 0.0833333358169, 0, 0, 0, 0, 0, 0, 0.166666671634, 0, 0, 0, 0.5, 0, 0, 0, 0.25, 0, 0, 0, 0, 0, 0, 0, 0, 0, 0, 0, 0, 0, 0, 0, 0, 0, 0, 0, 0, 0, 0, 0, 0, 0, 0, 0, 0, 0, 0, 0, 0, 0, 0, 0, 0, 0, 0, 0, 0, 0, 0, 0, 0, 0, 0, 0, 0, 0, 0, 0, 0, 0, 0, 0, 0, 0, 0, 0, 0, 0, 0, 0, 0, 0, 0, 0, 0, 0, 0, 0, 0, 0, 0, 0, 0, 0, 0, 0, 0, 0, 0, 0, 0, 0, 0, 0, 0, 0, 0, 0, 0, 0, 0, 0, 0, 0, 0, 0, 0, 0]]
},
"sfx": {
    "inharmonicity": {
        "mean": 0.0119283646345,
        "var": 0.00176547083538
    },
    "oddtoevenharmonicenergyratio": {
        "mean": 0.812979221344,
        "var": 12.0359258652
    },
    "pitch_after_max_to_before_max_energy_ratio": 19.669549942,
    "pitch_centroid": 133.730270386,
    "pitch_max_to_total": 0.0116279069334,
    "pitch_min_to_total": 0.0542635656893,
    "tristimulus": {
        "mean": [0.544279336929, 0.416414767504, 0.0393057912588],
        "var": [0.0226779524237, 0.0125233670697, 0.0200387705117]
    }
},
"tonal": {
    "chords_changes_rate": 0.0307692307979,
    "chords_number_rate": 0.0307692307979,