{"lowlevel.dissonance.mean": [-0.015575826168060303], "sfx.inharmonicity.mean": [0.23351961374282837], "lowlevel.spectral_contrast.mean": [[0.6439573764801025, 1.3419708013534546, 1.1705834865570068, 1.0824408531188965, 0.7942028045654297, 0.49774622917175293]], "lowlevel.spectral_centroid.mean": [0.3583674430847168], "lowlevel.mfcc.mean": [[0.5619422197341919, 0.7024712562561035, 0.33494308590888977, 0.37227359414100647, 0.19567570090293884, 0.15674543380737305, 0.20820873975753784, 0.19251996278762817, 0.1751381754875183, 0.38395798206329346, 0.665189266204834, 0.787678599357605, 0.7705925703048706]], "sfx.logattacktime.mean": [0.552409291267395], "lowlevel.hfc.mean": [0.4867623746395111]}