{
"metadata": {
    "version": {
        "essentia": "2.1-dev"
    }
},
"lowLevel": {
    "barkbands_kurtosis": {
        "mean": 3.84786486626,
        "var": 8.23980045319
    },
    "dissonance": {
        "mean": 0.496747463942,
        "var": 2.32403017435e-05
    },
    "hfc": {
        "mean": 619.815368652,
        "var": 308546.34375
    },
    "spectral_centroid": {
        "mean": 5362.52294922,
        "var": 221228.328125
    },
    "spectral_complexity": {
        "mean": 39.625,
        "var": 60.1510429382
    },
    "spectral_crest": {
        "mean": 6.57907485962,
        "var": 1.75575339794
    },
    "spectral_energyband_high": {
        "mean": 0.0768017917871,
        "var": 0.00486731389537
    },
    "spectral_energyband_low": {
        "mean": 3.47759159922e-05,
        "var": 1.77924752709e-09
    },
    "spectral_kurtosis": {
        "mean": -0.0905430614948,
        "var": 0.0360305421054
    },
    "spectral_rolloff": {
        "mean": 7561.74365234,
        "var": 282676.65625
    },
    "spectral_strongpeak": {
        "mean": 9.16941452026,
        "var": 82.3940124512
    },
    "mfcc": {
        "mean": [-577.301940918, -94.8565750122, -51.7132606506, 5.70315551758, -6.40115118027, -1.77526187897, -21.832244873, 2.94601845741, -11.4205360413, 5.67137765884, 14.2148170471, 11.3882331848, 7.77988386154],
        "var": [4450.43847656, 735.394714355, 337.070648193, 45.9595031738, 34.8305473328, 88.6210861206, 80.32421875, 44.5954284668, 27.8974304199, 40.0447387695, 27.8611965179, 49.4557952881, 99.2250366211]
    },
    "sccoeffs": {
        "mean": [-0.660194456577, -0.776016712189, -0.767332732677, -0.729888617992, -0.716965854168, -0.699670791626],
        "var": [0.00300316303037, 0.00333466846496, 0.00167140585836, 0.00158503791317, 0.00135900115129, 0.000637811783236]
    }
},
"sfx": {
    "inharmonicity": {
        "mean": 0.0446999333799,
        "var": 0.00687794387341
    }
}
}