{
"metadata": {
    "version": {
        "essentia": "2.1-dev"
    }
},
"lowLevel": {
    "average_loudness": 0.99068403244,
    "barkbands_kurtosis": {
        "mean": 4.00952720642,
        "var": 15.3788251877
    },
    "barkbands_skewness": {
        "mean": -1.37391078472,
        "var": 0.557602882385
    },
    "barkbands_spread": {
        "mean": 18.5244655609,
        "var": 417.065429688
    },
    "dissonance": {
        "mean": 0.492568850517,
        "var": 0.000569700496271
    },
    "hfc": {
        "mean": 417.736633301,
        "var": 287455.9375
    },
    "pitch": {
        "mean": 1964.19189453,
        "var": 1456629.5
    },
    "pitch_instantaneous_confidence": {
        "mean": 0.312614172697,
        "var": 0.00349635002203
    },
    "pitch_salience": {
        "mean": 0.687741696835,
        "var": 0.00890599284321
    },
    "silence_rate_20dB": {
        "mean": 1,
        "var": 0
    },
    "silence_rate_30dB": {
        "mean": 0.75,
        "var": 0.1875
    },
    "silence_rate_60dB": {
        "mean": 0.194444447756,
        "var": 0.156635835767
    },
    "spectral_centroid": {
        "mean": 4759.97167969,
        "var": 1484939.75
    },
    "spectral_complexity": {
        "mean": 29.3055553436,
        "var": 298.656616211
    },
    "spectral_crest": {
        "mean": 6.90693664551,
        "var": 2.85546135902
    },
    "spectral_decrease": {
        "mean": -9.56395318497e-09,
        "var": 1.29568896171e-16
    },
    "spectral_energy": {
        "mean": 0.0739863589406,
        "var": 0.00834069494158
    },
    "spectral_energyband_high": {
        "mean": 0.0517073459923,
        "var": 0.0045054606162
    },
    "spectral_energyband_low": {
        "mean": 3.35047698172e-05,
        "var": 1.30125610287e-09
    },
    "spectral_energyband_middle_high": {
        "mean": 0.0213157907128,
        "var": 0.00057348178234
    },
    "spectral_energyband_middle_low": {
        "mean": 0.000965934654232,
        "var": 1.14741396828e-05
    },
    "spectral_flatness_db": {
        "mean": 0.202502861619,
        "var": 0.00236037466675
    },
    "spectral_flux": {
        "mean": 0.143096655607,
        "var": 0.0127881811932
    },
    "spectral_kurtosis": {
        "mean": 0.351353764534,
        "var": 1.37219488621
    },
    "spectral_rms": {
        "mean": 0.00666815182194,
        "var": 2.77175568044e-05
    },
    "spectral_rolloff": {
        "mean": 6933.69189453,
        "var": 1532484.5
    },
    "spectral_skewness": {
        "mean": 0.561117291451,
        "var": 0.0976329371333
    },
    "spectral_spread": {
        "mean": 8383303,
        "var": 8.4260332503e+12
    },
    "spectral_strongpeak": {
        "mean": 6.31728172302,
        "var": 71.4290084839
    },
    "zerocrossingrate": {
        "mean": 0.227891713381,
        "var": 0.00342013593763
    },
    "barkbands": {
        "mean": [6.7436711106e-05, 9.6627181847e-06, 6.89600142323e-07, 1.38032794439e-06, 0.000119361444376, 0.000125407023006, 9.57363008638e-05, 0.000243390808464, 0.000359200988896, 4.45873811259e-05, 3.58801880793e-05, 0.000119097014249, 0.000747194339056, 0.000523243914358, 0.000870384275913, 0.00215989444405, 0.00179550296161, 0.0055309291929, 0.00827534683049, 0.00264336983673, 0.00681917462498, 0.0119413221255, 0.0191062577069, 0.00827179197222, 0.00330040417612, 0.00077210215386, 7.71868144511e-06],
        "var": [4.69846339612e-09, 6.3407856743e-10, 5.61173373395e-12, 1.06968323088e-11, 2.18693983811e-07, 3.02356227166e-07, 3.73432378353e-08, 6.57652890368e-07, 2.0557854441e-06, 1.13363372023e-08, 1.00809609549e-08, 1.76494143744e-08, 1.96369273908e-06, 1.40475435728e-06, 1.43868260238e-06, 9.38855100685e-06, 7.6939641076e-06, 4.3655079935e-05, 9.03518812265e-05, 8.44142232381e-06, 7.05389247742e-05, 0.00023230232182, 0.000723796663806, 0.000126982238726, 2.38036882365e-05, 1.98980069399e-06, 8.16273937332e-10]
    },
    "mfcc": {
        "mean": [-651.752502441, -74.5046691895, -50.7717895508, 15.4708709717, -2.35161709785, 5.64522027969, -15.6987543106, 6.16759538651, -10.1642389297, 6.5014629364, 14.8964948654, 12.7181987762, 6.18580722809],
        "var": [18263.7109375, 1783.75769043, 473.291931152, 288.116333008, 94.1479949951, 228.714080811, 160.575561523, 61.5514984131, 31.5000095367, 34.7886428833, 36.1200180054, 70.6779098511, 91.0406723022]
    },
    "sccoeffs": {
        "mean": [-0.651899278164, -0.802438139915, -0.788345992565, -0.744853258133, -0.74099946022, -0.7110902071],
        "var": [0.00413399375975, 0.00457447627559, 0.00290318764746, 0.00172475888394, 0.00257201702334, 0.00134601152968]
    },
    "scvalleys": {
        "mean": [-8.6788110733, -7.82473564148, -7.77824163437, -6.69984483719, -6.19481277466, -6.85419225693],
        "var": [0.969080388546, 1.83300948143, 1.36648666859, 1.68408071995, 1.66737771034, 3.48847866058]
    }
},
"rhythm": {
    "bpm": 0,
    "confidence": 0,
    "first_peak_bpm": {
        "mean": 0,
        "var": 0
    },
    "first_peak_spread": {
        "mean": 0,
        "var": 0
    },
    "first_peak_weight": {
        "mean": 0,
        "var": 0
    },
    "onset_rate": 1.24830162525,
    "second_peak_bpm": {
        "mean": 0,
        "var": 0
    },
    "second_peak_spread": {
        "mean": 0,
        "var": 0
    },
    "second_peak_weight": {
        "mean": 0,
        "var": 0
    },
    "beats_position": [],
    "bpm_estimates": [],
    "bpm_intervals": [],
    "onset_times": [0.0116099771112],
    "histogram": [[0, 0, 0, 0, 0, 0, 0, 0, 0, 0, 0, 0, 0, 0, 0, 0, 0, 0, 0, 0, 0, 0, 0, 0, 0, 0, 0, 0, 0, 0, 0, 0, 0, 0, 0, 0, 0, 0, 0, 0, 0, 0, 0, 0, 0, 0, 0, 0, 0, 0, 0, 0, 0, 0, 0, 0, 0, 0, 0, 0, 0, 0, 0, 0, 0, 0, 0, 0, 0, 0, 0, 0, 0, 0, 0, 0, 0, 0, 0, 0, 0, 0, 0, 0, 0, 0, 0, 0, 0, 0, 0, 0, 0, 0, 0, 0, 0, 0, 0, 0, 0, 0, 0, 0, 0, 0, 0, 0, 0, 0, 0, 0, 0, 0, 0, 0, 0, 0, 0, 0, 0, 0, 0, 0, 0, 0, 0, 0, 0, 0, 0, 0, 0, 0, 0, 0, 0, 0, 0, 0, 0, 0, 0, 0, 0, 0, 0, 0, 0, 0, 0, 0, 0, 0, 0, 0, 0, 0, 0, 0, 0, 0, 0, 0, 0, 0, 0, 0, 0, 0, 0, 0, 0, 0, 0, 0, 0, 0, 0, 0, 0, 0, 0, 0, 0, 0, 0, 0, 0, 0, 0, 0, 0, 0, 0, 0, 0, 0, 0, 0, 0, 0, 0, 0, 0, 0, 0, 0, 0, 0, 0, 0, 0, 0, 0, 0, 0, 0, 0, 0, 0, 0, 0, 0, 0, 0, 0, 0, 0, 0, 0, 0, 0, 0, 0, 0, 0, 0, 0, 0, 0, 0, 0, 0, 0, 0, 0, 0, 0, 0]]
},
"sfx": {
    "inharmonicity": {
        "mean": 0.0697827041149,
        "var": 0.008176676929
    },
    "oddtoevenharmonicenergyratio": {
        "mean": 1.12422311306,
        "var": 5.00756931305
    },
    "pitch_after_max_to_before_max_energy_ratio": 0.271103560925,
    "pitch_centroid": 15.1984844208,
    "pitch_max_to_total": 0.666666686535,
    "pitch_min_to_total": 0.805555582047,
    "tristimulus": {
        "mean": [0.508374512196, 0.259049713612, 0.232575729489],
        "var": [0.21886523068, 0.111446708441, 0.115046009421]
    }
},
"tonal": {
    "chords_changes_rate": 0,
    "chords_number_rate": 0.0526315793395,
    "chords_strength": {
        "mean": 0.487884521484,
        "var": 0
    },
    "key_strength": 0.621817886829,
    "tuning_diatonic_strength": 0.535448789597,
    "tuning_equal_tempered_deviation": 0.255287885666,
    "tuning_frequency": 441.017791748,
    "tuning_nontempered_energy_ratio": 0.905174732208,
    "hpcp": {
        "mean": [0.658469378948, 0.494960278273, 0.282807707787, 0.241580083966, 0.207367345691, 0.1696639359, 0.260500878096, 0.285878539085, 0.231394946575, 0.268525511026, 0.347656190395, 0.351567417383, 0.284452408552, 0.238984361291, 0.3415556252, 0.550588786602, 0.562540829182, 0.352155864239, 0.196014359593, 0.175231233239, 0.209644764662, 0.30489885807, 0.54460299015, 0.637010335922, 0.529003500938, 0.4325286448, 0.307358235121, 0.2374920398, 0.213733315468, 0.183177024126, 0.241878002882, 0.41140806675, 0.518558323383, 0.482024133205, 0.428482949734, 0.548346698284],