{"lowlevel.dissonance.mean": [0.5963236093521118], "sfx.inharmonicity.mean": [0.5138510465621948], "lowlevel.spectral_contrast.mean": [[0.29967451095581055, 0.263813853263855, 0.35958218574523926, 1.2324280738830566, 0.7349166870117188, 0.4004695415496826]], "lowlevel.spectral_centroid.mean": [0.42094850540161133], "lowlevel.mfcc.mean": [[0.3277643918991089, 0.11728638410568237, 0.10928061604499817, 0.22953751683235168, 0.4356578588485718, 0.7468365430831909, 0.7830023765563965, 0.17135781049728394, 0.06809243559837341, 0.6960017681121826, 1.2626160383224487, 1.0136098861694336, -0.23333775997161865]], "sfx.logattacktime.mean": [0.31386956572532654], "lowlevel.hfc.mean": [0.5303609371185303]}