{
"metadata": {
    "version": {
        "essentia": "2.1-dev"
    }
},
"lowLevel": {
    "average_loudness": 0.858015537262,
    "barkbands_kurtosis": {
        "mean": 83.9859542847,
        "var": 4128.97558594
    },
    "barkbands_skewness": {
        "mean": 7.54757118225,
        "var": 20.1548194885
    },
    "barkbands_spread": {
        "mean": 7.98252820969,
        "var": 245.371002197
    },
    "dissonance": {
        "mean": 0.467248111963,
        "var": 0.00426940433681
    },
    "hfc": {
        "mean": 136.132156372,
        "var": 15569.5849609
    },
    "pitch": {
        "mean": 1289.73083496,
        "var": 1026499.25
    },
    "pitch_instantaneous_confidence": {
        "mean": 0.697229087353,
        "var": 0.144225344062
    },
    "pitch_salience": {
        "mean": 0.168579727411,
        "var": 0.019531685859
    },
    "silence_rate_20dB": {
        "mean": 1,
        "var": 0
    },
    "silence_rate_30dB": {
        "mean": 0.453416138887,
        "var": 0.247829243541
    },
    "silence_rate_60dB": {
        "mean": 0.437888205051,
        "var": 0.246142223477
    },
    "spectral_centroid": {
        "mean": 1093.82409668,
        "var": 435789.5625
    },
    "spectral_complexity": {
        "mean": 1.98136651516,
        "var": 3.40337896347
    },
    "spectral_crest": {
        "mean": 23.0674533844,
        "var": 27.6443920135
    },
    "spectral_decrease": {
        "mean": -1.98889225089e-08,
        "var": 3.31930586219e-16
    },
    "spectral_energy": {
        "mean": 0.087412878871,
        "var": 0.0064126518555
    },
    "spectral_energyband_high": {
        "mean": 0.000300080981106,
        "var": 7.86168214972e-08
    },
    "spectral_energyband_low": {
        "mean": 1.06829709523e-07,
        "var": 2.2242626103e-14
    },
    "spectral_energyband_middle_high": {
        "mean": 0.0871117189527,
        "var": 0.00636971089989
    },
    "spectral_energyband_middle_low": {
        "mean": 1.19296498724e-06,
        "var": 1.67888567632e-11
    },
    "spectral_flatness_db": {
        "mean": 0.442488729954,
        "var": 0.0391110442579
    },
    "spectral_flux": {
        "mean": 0.015098772943,
        "var": 0.000568827032112
    },
    "spectral_kurtosis": {
        "mean": 8.63444042206,
        "var": 58.5967826843
    },
    "spectral_rms": {
        "mean": 0.00688118534163,
        "var": 3.7930207327e-05
    },
    "spectral_rolloff": {
        "mean": 1179.90893555,
        "var": 1230060.25
    },
    "spectral_skewness": {
        "mean": 2.5588312149,
        "var": 1.58724915981
    },
    "spectral_spread": {
        "mean": 15253967,
        "var": 2.13479436845e+14
    },
    "spectral_strongpeak": {
        "mean": 10.8803215027,
        "var": 103.646232605
    },
    "zerocrossingrate": {
        "mean": 0.0637388974428,
        "var": 0.000583463523071
    },
    "barkbands": {
        "mean": [1.60673778282e-07, 2.57886085819e-08, 6.25093310447e-09, 6.54845422332e-09, 2.1966732433e-08, 5.3186091975e-08, 4.83439407617e-07, 3.90080231227e-07, 1.86370598954e-07, 3.19581630492e-07, 6.95254566381e-05, 1.90166826997e-06, 3.19063547067e-05, 0.0859196931124, 6.06601361142e-06, 4.42157670477e-06, 6.7008759288e-06, 0.00106899649836, 1.71704664353e-06, 3.03912861455e-06, 0.00028053947608, 5.99685154157e-06, 5.76196134716e-06, 2.05387095775e-06, 2.45291130341e-06, 6.11808104622e-07, 1.37785405308e-09],
        "var": [4.67740639786e-14, 2.16748870236e-15, 1.94621383862e-15, 3.74462635718e-15, 3.12169588139e-14, 2.53478878512e-14, 7.9042831308e-12, 3.12888734019e-12, 5.45978938601e-14, 1.44067808898e-13, 6.07850893175e-07, 6.87302601984e-12, 5.31903587841e-09, 0.00621380330995, 5.62681429228e-11, 1.03828146081e-09, 3.4684695116e-09, 1.94889366867e-06, 8.75600893874e-12, 2.56001525534e-10, 6.92129162871e-08, 2.48785242407e-10, 4.13005254996e-11, 8.15690223699e-12, 7.90284677976e-12, 8.80454292373e-13, 8.82243246604e-17]
    },
    "mfcc": {
        "mean": [-971.836364746, -7.25599431992, -65.2751998901, -21.6642341614, -0.317353963852, 22.8448562622, 15.3152761459, -17.1596908569, -21.5938129425, 10.4657478333, 30.4391746521, 20.7307682037, -26.9579677582],
        "var": [19734.1386719, 302.516571045, 3672.47485352, 495.319152832, 52.0492782593, 232.872543335, 111.503036499, 340.626251221, 496.50302124, 51.9211578369, 484.28793335, 201.959014893, 782.353759766]
    },
    "sccoeffs": {
        "mean": [-0.78131955862, -0.86499106884, -0.849070668221, -0.551009953022, -0.71720457077, -0.830033004284],
        "var": [0.00470947148278, 0.00273952027783, 0.00606540497392, 0.0847082957625, 0.0284304320812, 0.00562901841477]
    },
    "scvalleys": {
        "mean": [-11.3723535538, -11.0222320557, -10.7796106339, -10.5167922974, -11.4743280411, -12.1696386337],
        "var": [0.933624744415, 3.56763195992, 5.51017379761, 7.08745861053, 4.98214387894, 3.70807862282]
    }
},
"rhythm": {
    "beats_loudness": {
        "mean": 0.0943887382746,
        "var": 0.00613313540816
    },
    "bpm": 84.771446228,
    "confidence": 2.81760692596,
    "first_peak_bpm": {
        "mean": 82,
        "var": 0
    },
    "first_peak_spread": {
        "mean": 0.428571462631,
        "var": 0
    },
    "first_peak_weight": {
        "mean": 0.444444447756,
        "var": 0
    },
    "onset_rate": 0.134312406182,
    "second_peak_bpm": {
        "mean": 88,
        "var": 0
    },
    "second_peak_spread": {
        "mean": 0,
        "var": 0
    },
    "second_peak_weight": {
        "mean": 0.222222223878,
        "var": 0
    },
    "beats_loudness_band_ratio": {
        "mean": [0.296311229467, 0.00278850598261, 0.00860388949513, 0.628087878227, 0.0549983903766, 0.0113671822473],
        "var": [0.185818478465, 3.09584502247e-05, 0.000536101288162, 0.195306509733, 0.0165288317949, 0.00016011671687]
    },
    "beats_position": [0.673378646374, 1.35836732388, 2.0549659729, 2.73995471001, 3.45977306366, 4.19120168686, 4.92263031006, 5.64244890213, 6.35065746307, 7.04725599289],
    "bpm_estimates": [87.5926895142, 86.1328125, 87.5926818848, 83.3543624878, 82.0312423706, 82.0312423706, 83.3543319702, 84.7208023071, 86.1328277588],
    "bpm_intervals": [0.684988677502, 0.696598649025, 0.684988737106, 0.719818353653, 0.731428623199, 0.731428623199, 0.719818592072, 0.708208560944, 0.696598529816],
    "onset_times": [1.82276642323],
    "histogram": [[0, 0, 0, 0, 0, 0, 0, 0, 0, 0, 0, 0, 0, 0, 0, 0, 0, 0, 0, 0, 0, 0, 0, 0, 0, 0, 0, 0, 0, 0, 0, 0, 0, 0, 0, 0, 0, 0, 0, 0, 0, 0, 0, 0, 0, 0, 0, 0, 0, 0, 0, 0, 0, 0, 0, 0, 0, 0, 0, 0, 0, 0, 0, 0, 0, 0, 0, 0, 0, 0, 0, 0, 0, 0, 0, 0, 0, 0, 0, 0, 0, 0, 0.222222223878, 0.222222223878, 0, 0.111111111939, 0.222222223878, 0, 0.222222223878, 0, 0, 0, 0, 0, 0, 0, 0, 0, 0, 0, 0, 0, 0, 0, 0, 0, 0, 0, 0, 0, 0, 0, 0, 0, 0, 0, 0, 0, 0, 0, 0, 0, 0, 0, 0, 0, 0, 0, 0, 0, 0, 0, 0, 0, 0, 0, 0, 0, 0, 0, 0, 0, 0, 0, 0, 0, 0, 0, 0, 0, 0, 0, 0, 0, 0, 0, 0, 0, 0, 0, 0, 0, 0, 0, 0, 0, 0, 0, 0, 0, 0, 0, 0, 0, 0, 0, 0, 0, 0, 0, 0, 0, 0, 0, 0, 0, 0, 0, 0, 0, 0, 0, 0, 0, 0, 0, 0, 0, 0, 0, 0, 0, 0, 0, 0, 0, 0, 0, 0, 0, 0, 0, 0, 0, 0, 0, 0, 0, 0, 0, 0, 0, 0, 0, 0, 0, 0, 0, 0, 0, 0, 0, 0, 0, 0, 0, 0, 0, 0, 0, 0, 0, 0, 0, 0, 0, 0, 0, 0, 0]]
},
"sfx": {
    "inharmonicity": {
        "mean": 0.0308529809117,
        "var": 0.00625223573297
    },
    "oddtoevenharmonicenergyratio": {
        "mean": inf,
        "var": inf
    },
    "pitch_after_max_to_before_max_energy_ratio": 3.21491241455,
    "pitch_centroid": 154.132888794,
    "pitch_max_to_total": 0.074534162879,
    "pitch_min_to_total": 0.981366455555,
    "tristimulus": {
        "mean": [0.648813426495, 0.197195932269, 0.150885209441],
        "var": [0.123816199601, 0.0324964597821, 0.0788621082902]
    }
},
"tonal": {
    "chords_changes_rate": 0.0432098768651,
    "chords_number_rate": 0.0246913582087,
    "chords_strength": {
        "mean": 0.442102968693,
        "var": 0.00723213097081
    },