{
"metadata": {
    "version": {
        "essentia": "2.1-dev"
    }
},
"lowLevel": {
    "barkbands_kurtosis": {
        "mean": 97.5044326782,
        "var": 1179.0255127
    },
    "dissonance": {
        "mean": 0.461352646351,
        "var": 0.00630777096376
    },
    "hfc": {
        "mean": 244.811401367,
        "var": 1411.51513672
    },
    "spectral_centroid": {
        "mean": 1556.12866211,
        "var": 457.993804932
    },
    "spectral_complexity": {
        "mean": 3.53631281853,
        "var": 0.639741241932
    },
    "spectral_crest": {
        "mean": 26.4587059021,
        "var": 1.17064011097
    },
    "spectral_energyband_high": {
        "mean": 0.000539425353054,
        "var": 1.24091315001e-08
    },
    "spectral_energyband_low": {
        "mean": 1.06630835717e-07,
        "var": 9.05600193359e-15
    },
    "spectral_kurtosis": {
        "mean": 13.6937599182,
        "var": 6.54723787308
    },
    "spectral_rolloff": {
        "mean": 1548.70605469,
        "var": 33.428981781
    },
    "spectral_strongpeak": {
        "mean": 19.5292987823,
        "var": 17.8915328979
    },
    "mfcc": {
        "mean": [-848.262390137, -19.7318687439, -118.834869385, -40.564907074, -4.74941205978, 35.3095169067, 23.4239311218, -32.5149993896, -40.3717956543, 14.3441781998, 48.4010887146, 32.3497581482, -51.0440940857],
        "var": [229.806106567, 106.387359619, 54.2804298401, 32.043674469, 39.8128318787, 44.3834495544, 42.1730880737, 43.3252830505, 55.8546295166, 42.0404052734, 67.6715774536, 36.2449684143, 86.0333938599]
    },
    "sccoeffs": {
        "mean": [-0.820876121521, -0.844019114971, -0.804165124893, -0.296807169914, -0.569803595543, -0.765415728092],
        "var": [0.00175008981023, 0.00154782878235, 0.00409284839407, 0.000394360773498, 0.0012472004164, 0.000366249441868]
    }
},
"sfx": {
    "inharmonicity": {
        "mean": 0.000560668995604,
        "var": 3.85159983125e-05
    }
}
}