{"lowlevel.dissonance.mean": [0.3200186491012573], "sfx.inharmonicity.mean": [0.2780652344226837], "lowlevel.spectral_contrast.mean": [[0.3443012237548828, 0.3473471403121948, 0.31204891204833984, 0.28234195709228516, 0.22766828536987305, 0.24722743034362793]], "lowlevel.spectral_centroid.mean": [0.39559119939804077], "lowlevel.mfcc.mean": [[0.20846903324127197, 0.4414997100830078, 0.658618152141571, 0.5220721960067749, 0.6372668743133545, 0.6762846112251282, 0.7038490772247314, 0.6619212031364441, 0.6401607990264893, 0.5372312664985657, 0.47765350341796875, 0.4489292502403259, 0.486995130777359]], "sfx.logattacktime.mean": [0.4818100929260254], "lowlevel.hfc.mean": [0.46530163288116455]}