{
"metadata": {
    "version": {
        "essentia": "2.1-dev"
    }
},
"lowLevel": {
    "barkbands_kurtosis": {
        "mean": 21.2024803162,
        "var": 0
    },
    "dissonance": {
        "mean": 0.262537479401,
        "var": 0
    },
    "hfc": {
        "mean": 4.68418884277,
        "var": 0
    },
    "spectral_centroid": {
        "mean": 250.699142456,
        "var": 0
    },
    "spectral_complexity": {
        "mean": 4,
        "var": 0
    },
    "spectral_crest": {
        "mean": 7.71035957336,
        "var": 0
    },
    "spectral_energyband_high": {
        "mean": 5.24461211171e-05,
        "var": 0
    },
    "spectral_energyband_low": {
        "mean": 0.00787765532732,
        "var": 0
    },
    "spectral_kurtosis": {
        "mean": 5.65684223175,
        "var": 0
    },
    "spectral_rolloff": {
        "mean": 322.998046875,
        "var": 0
    },
    "spectral_strongpeak": {
        "mean": 0.0938277468085,
        "var": 0
    },
    "mfcc": [[-700.885620117, 163.511627197, 37.7448005676, 24.094121933, 8.51195144653, 9.33960723877, -0.286127090454, -2.68040657043, -4.50441360474, -6.49691200256, -9.85296440125, -5.75509643555, -1.44217681885]],
    "sccoeffs": [[-0.710507154465, -0.734883606434, -0.880624353886, -0.894018411636, -0.9311876297, -0.926903188229]]
},
"sfx": {
    "inharmonicity": {
        "mean": 0.0064639840275,
        "var": 0
    }
}
}