{
"metadata": {
    "version": {
        "essentia": "2.1-dev"
    }
},
"lowLevel": {
    "barkbands_kurtosis": {
        "mean": 17.7993087769,
        "var": 5.2299952507
    },
    "dissonance": {
        "mean": 0.233568131924,
        "var": 0.000103588907223
    },
    "hfc": {
        "mean": 22.598197937,
        "var": 49.4681968689
    },
    "spectral_centroid": {
        "mean": 515.886352539,
        "var": 17.9823169708
    },
    "spectral_complexity": {
        "mean": 9.5942029953,
        "var": 4.24112558365
    },
    "spectral_crest": {
        "mean": 21.1050662994,
        "var": 0.308413505554
    },
    "spectral_energyband_high": {
        "mean": 1.17636616892e-07,
        "var": 4.95341182961e-15
    },
    "spectral_energyband_low": {
        "mean": 0.000322205392877,
        "var": 4.59699744937e-09
    },
    "spectral_kurtosis": {
        "mean": 193.082595825,
        "var": 1036.3104248
    },
    "spectral_rolloff": {
        "mean": 538.329833984,
        "var": 5.96046447754e-08
    },
    "spectral_strongpeak": {
        "mean": 4.18682813644,
        "var": 0.613000810146
    },
    "mfcc": {
        "mean": [-847.442443848, 271.720001221, 36.4436454773, -51.7532577515, -22.6397800446, -11.9753303528, -29.7168254852, -24.4216041565, -2.17705225945, 7.68709850311, 7.51921701431, 10.9990854263, 15.0514221191],
        "var": [261.986694336, 59.8421516418, 87.4918441772, 29.5234375, 11.9833974838, 13.5656070709, 6.63960599899, 7.40653038025, 5.43571043015, 8.50105953217, 5.28621864319, 12.3978881836, 7.25823736191]
    },
    "sccoeffs": {
        "mean": [-0.525995731354, -0.460903167725, -0.714783072472, -0.693606674671, -0.827164471149, -0.869267642498],
        "var": [0.000941729173064, 0.000655909650959, 0.000119581694889, 0.000865972600877, 0.000345550681232, 0.000185377517482]
    }
},
"sfx": {
    "inharmonicity": {
        "mean": 1.07877785922e-05,
        "var": 2.83257532013e-11
    }
}
}