{
"metadata": {
    "version": {
        "essentia": "2.1-dev"
    }
},
"lowLevel": {
    "average_loudness": 0.967486441135,
    "barkbands_kurtosis": {
        "mean": 1.03320133686,
        "var": 17.1394119263
    },
    "barkbands_skewness": {
        "mean": 0.0550715252757,
        "var": 1.00770246983
    },
    "barkbands_spread": {
        "mean": 10.4997005463,
        "var": 274.135009766
    },
    "dissonance": {
        "mean": 0.399875670671,
        "var": 0.00352937076241
    },
    "hfc": {
        "mean": 20.7729816437,
        "var": 197.246948242
    },
    "pitch": {
        "mean": 321.947357178,
        "var": 9628.48828125
    },
    "pitch_instantaneous_confidence": {
        "mean": 0.843489229679,
        "var": 0.0737102776766
    },
    "pitch_salience": {
        "mean": 0.781668901443,
        "var": 0.030928555876
    },
    "silence_rate_20dB": {
        "mean": 1,
        "var": 0
    },
    "silence_rate_30dB": {
        "mean": 1,
        "var": 0
    },
    "silence_rate_60dB": {
        "mean": 0.202247187495,
        "var": 0.161343231797
    },
    "spectral_centroid": {
        "mean": 1153.6685791,
        "var": 130685.75
    },
    "spectral_complexity": {
        "mean": 6.66853952408,
        "var": 11.7609148026
    },
    "spectral_crest": {
        "mean": 9.88243293762,
        "var": 11.7582387924
    },
    "spectral_decrease": {
        "mean": -4.12225320545e-09,
        "var": 6.63384789197e-18
    },
    "spectral_energy": {
        "mean": 0.0174424890429,
        "var": 0.00012069837976
    },
    "spectral_energyband_high": {
        "mean": 5.950857485e-06,
        "var": 1.3509693364e-10
    },
    "spectral_energyband_low": {
        "mean": 2.21868212691e-08,
        "var": 6.1799370307e-16
    },
    "spectral_energyband_middle_high": {
        "mean": 0.0143156703562,
        "var": 9.57262454904e-05
    },
    "spectral_energyband_middle_low": {
        "mean": 0.00312180398032,
        "var": 3.615012929e-06
    },
    "spectral_flatness_db": {
        "mean": 0.339223444462,
        "var": 0.011302260682
    },
    "spectral_flux": {
        "mean": 0.0114560648799,
        "var": 0.000424482685048
    },
    "spectral_kurtosis": {
        "mean": 47.9418792725,
        "var": 717.957092285
    },
    "spectral_rms": {
        "mean": 0.0036564222537,
        "var": 3.64763900507e-06
    },
    "spectral_rolloff": {
        "mean": 1624.0637207,
        "var": 1216116.125
    },
    "spectral_skewness": {
        "mean": 4.73912906647,
        "var": 3.65548992157
    },
    "spectral_spread": {
        "mean": 6127022,
        "var": 1.29652278428e+14
    },
    "spectral_strongpeak": {
        "mean": 3.18771052361,
        "var": 3.29151654243
    },
    "zerocrossingrate": {
        "mean": 0.0663705915213,
        "var": 0.00157460989431
    },
    "barkbands": {
        "mean": [1.19077858685e-08, 5.70962743751e-09, 3.27822458068e-09, 2.43910989184e-08, 2.81825432467e-05, 0.000416282913648, 1.539189185e-07, 0.000871309835929, 0.00180572015233, 0.000554790545721, 0.00260108872317, 0.00603019585833, 0.000240922876401, 0.00326755642891, 0.00121053098701, 0.000242804482696, 8.2872385974e-05, 6.00682287768e-05, 1.69698614627e-05, 1.12150019049e-05, 1.40591714626e-06, 2.71235364835e-07, 8.69460592412e-08, 3.04200469259e-08, 1.43575276113e-08, 2.31044872123e-09, 7.38162031499e-10],
        "var": [1.39084093723e-16, 1.56660702358e-16, 2.98239672071e-17, 1.49046670256e-15, 5.8845622819e-10, 5.95490021738e-08, 2.35864821597e-13, 2.60866670487e-07, 1.43815566389e-06, 6.96166978287e-07, 2.31929243455e-06, 1.73832704604e-05, 3.68556776209e-08, 5.7167912928e-06, 1.08672259103e-06, 1.19232566931e-07, 2.07859667256e-08, 8.18552337023e-09, 1.07654563042e-09, 2.9826691117e-10, 2.27594124103e-11, 6.52465115356e-13, 2.01297346034e-14, 1.49001205763e-15, 2.43657868184e-16, 3.62793641168e-17, 2.25915929306e-18]
    },
    "mfcc": {
        "mean": [-862.440490723, 117.82384491, -135.34942627, -63.0861473083, -25.5062274933, -20.1374549866, -6.08176517487, -21.4039897919, -23.0117759705, -11.8252420425, -12.3508110046, -11.0586471558, -1.95287299156],
        "var": [16925.109375, 2763.32739258, 4533.50537109, 882.454345703, 171.666809082, 123.547683716, 28.137676239, 115.479499817, 117.508308411, 46.0566444397, 55.4461402893, 60.3548164368, 26.8558425903]
    },
    "sccoeffs": {
        "mean": [-0.637344181538, -0.428468286991, -0.557456851006, -0.517484366894, -0.721413373947, -0.839752793312],
        "var": [0.00667044706643, 0.0432763844728, 0.025829475373, 0.0309477169067, 0.00934176519513, 0.00183437869418]
    },
    "scvalleys": {
        "mean": [-10.9175300598, -9.87421798706, -9.23608493805, -9.00273036957, -10.488196373, -12.3381376266],
        "var": [1.03388416767, 2.41779398918, 3.57458639145, 4.32765007019, 2.76699519157, 1.30456733704]
    }
},
"rhythm": {
    "beats_loudness": {
        "mean": 0.0230469238013,
        "var": 8.73075186973e-05
    },
    "bpm": 119.092727661,
    "confidence": 0,
    "first_peak_bpm": {
        "mean": 120,
        "var": 0
    },
    "first_peak_spread": {
        "mean": 0.400000035763,
        "var": 0
    },
    "first_peak_weight": {
        "mean": 0.5,
        "var": 0
    },
    "onset_rate": 0.24420362711,
    "second_peak_bpm": {
        "mean": 115,
        "var": 0
    },
    "second_peak_spread": {
        "mean": 0,
        "var": 0
    },
    "second_peak_weight": {
        "mean": 0.166666671634,
        "var": 0
    },
    "beats_loudness_band_ratio": {
        "mean": [3.72618524125e-06, 0.0312186460942, 0.175419569016, 0.703074455261, 0.0886362195015, 0.00174067344051],
        "var": [7.41813988708e-12, 0.000132899847813, 0.005019180011, 0.00423864275217, 0.00153881846927, 3.24567668031e-06]
    },
    "beats_position": [0.46439909935, 0.96362811327, 1.46285712719, 1.9620860815, 2.47292518616, 2.99537420273, 3.50621318817],
    "bpm_estimates": [120.185325623, 120.185325623, 120.185333252, 117.453811646, 117.453842163],
    "bpm_intervals": [0.49922901392, 0.49922901392, 0.499228954315, 0.510839104652, 0.522449016571, 0.510838985443],
    "onset_times": [0.417959183455],
    "histogram": [[0, 0, 0, 0, 0, 0, 0, 0, 0, 0, 0, 0, 0, 0, 0, 0, 0, 0, 0, 0, 0, 0, 0, 0, 0, 0, 0, 0, 0, 0, 0, 0, 0, 0, 0, 0, 0, 0, 0, 0, 0, 0, 0, 0, 0, 0, 0, 0, 0, 0, 0, 0, 0, 0, 0, 0, 0, 0, 0, 0, 0, 0, 0, 0, 0, 0, 0, 0, 0, 0, 0, 0, 0, 0, 0, 0, 0, 0, 0, 0, 0, 0, 0, 0, 0, 0, 0, 0, 0, 0, 0, 0, 0, 0, 0, 0, 0, 0, 0, 0, 0, 0, 0, 0, 0, 0, 0, 0, 0, 0, 0, 0, 0, 0, 0, 0.166666671634, 0, 0.333333343267, 0, 0, 0.5, 0, 0, 0, 0, 0, 0, 0, 0, 0, 0, 0, 0, 0, 0, 0, 0, 0, 0, 0, 0, 0, 0, 0, 0, 0, 0, 0, 0, 0, 0, 0, 0, 0, 0, 0, 0, 0, 0, 0, 0, 0, 0, 0, 0, 0, 0, 0, 0, 0, 0, 0, 0, 0, 0, 0, 0, 0, 0, 0, 0, 0, 0, 0, 0, 0, 0, 0, 0, 0, 0, 0, 0, 0, 0, 0, 0, 0, 0, 0, 0, 0, 0, 0, 0, 0, 0, 0, 0, 0, 0, 0, 0, 0, 0, 0, 0, 0, 0, 0, 0, 0, 0, 0, 0, 0, 0, 0, 0, 0, 0, 0, 0, 0, 0, 0, 0, 0, 0, 0, 0, 0, 0, 0, 0, 0, 0, 0, 0, 0]]
},
"sfx": {
    "inharmonicity": {
        "mean": 0.0278691314161,
        "var": 0.00257035531104
    },
    "oddtoevenharmonicenergyratio": {
        "mean": 1.3430390358,
        "var": 0.210828334093
    },
    "pitch_after_max_to_before_max_energy_ratio": 4.29126882553,
    "pitch_centroid": 87.4936599731,
    "pitch_max_to_total": 0.0898876413703,
    "pitch_min_to_total": 0.0280898883939,
    "tristimulus": {
        "mean": [0.0960976779461, 0.519707977772, 0.384194374084],
        "var": [0.0106956548989, 0.0139916483313, 0.0153429107741]
    }
},
"tonal": {
    "chords_changes_rate": 0.111111111939,
    "chords_number_rate": 0.0444444455206,
    "chords_strength": {
        "mean": 0.401893436909,
        "var": 0.00134680652991
    },
    "key_strength": 0.698450148106,
    "tuning_diatonic_strength": 0.465114444494,
    "tuning_equal_tempered_deviation": 0.0604792833328,
    "tuning_frequency": 437.971466064,