{
"metadata": {
    "version": {
        "essentia": "2.1-dev"
    }
},
"lowLevel": {
    "barkbands_kurtosis": {
        "mean": 0.364523619413,
        "var": 0.288791537285
    },
    "dissonance": {
        "mean": 0.393035769463,
        "var": 0.00207675923593
    },
    "hfc": {
        "mean": 27.2178878784,
        "var": 95.8313446045
    },
    "spectral_centroid": {
        "mean": 1179.02746582,
        "var": 5271.91845703
    },
    "spectral_complexity": {
        "mean": 8.35338306427,
        "var": 1.91271185875
    },
    "spectral_crest": {
        "mean": 9.24615192413,
        "var": 1.51853632927
    },
    "spectral_energyband_high": {
        "mean": 7.81984545029e-06,
        "var": 1.65436539468e-10
    },
    "spectral_energyband_low": {
        "mean": 2.47785401086e-08,
        "var": 3.61106741966e-16
    },
    "spectral_kurtosis": {
        "mean": 55.9825515747,
        "var": 260.05291748
    },
    "spectral_rolloff": {
        "mean": 1556.86682129,
        "var": 1666.34667969
    },
    "spectral_strongpeak": {
        "mean": 4.14757823944,
        "var": 0.598559141159
    },
    "mfcc": {
        "mean": [-796.056213379, 142.152008057, -170.305664062, -74.6737976074, -30.4589614868, -25.0075149536, -6.9178609848, -26.4380779266, -27.7138996124, -13.9203987122, -15.7115049362, -14.4063215256, -2.49309778214],
        "var": [525.370178223, 106.461585999, 169.835403442, 70.3411865234, 53.3406791687, 38.2471504211, 15.3288154602, 21.7277526855, 21.2705554962, 24.583694458, 21.1039924622, 31.6239242554, 29.4729137421]
    },
    "sccoeffs": {
        "mean": [-0.601810097694, -0.333082467318, -0.481296628714, -0.431035369635, -0.671171188354, -0.821955502033],
        "var": [0.00078436039621, 0.00094008265296, 0.000751384883188, 0.00080696947407, 0.000661475292873, 0.000753781932872]
    }
},
"sfx": {
    "inharmonicity": {
        "mean": 0.0116208828986,
        "var": 3.11032235913e-05
    }
}
}