{"lowlevel.dissonance.mean": [0.6317731142044067], "sfx.inharmonicity.mean": [0.4438464641571045], "lowlevel.spectral_contrast.mean": [[0.6101781129837036, 0.2659754753112793, 0.9771069288253784, 0.9818776845932007, 0.9695806503295898, 0.8826689720153809]], "lowlevel.spectral_centroid.mean": [0.5188294053077698], "lowlevel.mfcc.mean": [[0.4499293565750122, 0.08414732664823532, 0.4079136848449707, 0.57947838306427, 0.4299260377883911, 0.7901065945625305, 0.6166863441467285, 0.9694557189941406, 0.971132218837738, 0.31734544038772583, 0.01316419243812561, 0.8511615991592407, 1.543591022491455]], "sfx.logattacktime.mean": [0.6014584898948669], "lowlevel.hfc.mean": [0.48446616530418396]}