{
"metadata": {
    "version": {
        "essentia": "2.1-dev"
    }
},
"lowLevel": {
    "barkbands_kurtosis": {
        "mean": -0.0607331879437,
        "var": 1.96754956245
    },
    "dissonance": {
        "mean": 0.466785520315,
        "var": 0.000981412013061
    },
    "hfc": {
        "mean": 93.9488067627,
        "var": 2749.65844727
    },
    "spectral_centroid": {
        "mean": 2907.39672852,
        "var": 146084.890625
    },
    "spectral_complexity": {
        "mean": 4,
        "var": 0
    },
    "spectral_crest": {
        "mean": 9.28046417236,
        "var": 4.07711029053
    },
    "spectral_energyband_high": {
        "mean": 0.0102789327502,
        "var": 2.99456933135e-05
    },
    "spectral_energyband_low": {
        "mean": 2.26967204071e-05,
        "var": 6.39396702251e-10
    },
    "spectral_kurtosis": {
        "mean": 2.94083142281,
        "var": 0.87055850029
    },
    "spectral_rolloff": {
        "mean": 4598.37939453,
        "var": 358673.25
    },
    "spectral_strongpeak": {
        "mean": 7.83964014053,
        "var": 11.1683044434
    },
    "mfcc": {
        "mean": [-751.55267334, -62.7020454407, -40.5454673767, 17.0031509399, -19.0285186768, 20.8274726868, -3.7570142746, 31.1526432037, 24.0062732697, -21.5009899139, -41.6679878235, 14.6299257278, 53.8727340698],
        "var": [803.296569824, 137.184020996, 107.635124207, 55.3590126038, 59.8896026611, 42.5260505676, 28.3707485199, 53.2212486267, 48.5526313782, 98.3259124756, 42.8831329346, 41.5648574829, 59.0797080994]
    },
    "sccoeffs": {
        "mean": [-0.626143693924, -0.848898470402, -0.422310590744, -0.445564359426, -0.514364540577, -0.518413484097],
        "var": [0.00334970909171, 0.00111564085819, 0.00619350094348, 0.00218129786663, 0.000790235004388, 0.00152112555224]
    }
},
"sfx": {
    "inharmonicity": {
        "mean": 0.00183531851508,
        "var": 6.93322135703e-07
    }
}
}