{
"metadata": {
    "version": {
        "essentia": "2.1-dev"
    }
},
"lowLevel": {
    "average_loudness": 0.941434562206,
    "barkbands_kurtosis": {
        "mean": 9.30799484253,
        "var": 287.393493652
    },
    "barkbands_skewness": {
        "mean": 2.14848017693,
        "var": 4.00812196732
    },
    "barkbands_spread": {
        "mean": 7.7739367485,
        "var": 212.829452515
    },
    "dissonance": {
        "mean": 0.458423912525,
        "var": 0.00529076345265
    },
    "hfc": {
        "mean": 52.2156829834,
        "var": 1014.32073975
    },
    "pitch": {
        "mean": 1542.13708496,
        "var": 210191.484375
    },
    "pitch_instantaneous_confidence": {
        "mean": 0.911584913731,
        "var": 0.0511134527624
    },
    "pitch_salience": {
        "mean": 0.32792827487,
        "var": 0.01050523296
    },
    "silence_rate_20dB": {
        "mean": 1,
        "var": 0
    },
    "silence_rate_30dB": {
        "mean": 1,
        "var": 0
    },
    "silence_rate_60dB": {
        "mean": 0.21076233685,
        "var": 0.166341573
    },
    "spectral_centroid": {
        "mean": 1758.33984375,
        "var": 247100.3125
    },
    "spectral_complexity": {
        "mean": 1.70403587818,
        "var": 0.656798481941
    },
    "spectral_crest": {
        "mean": 21.8967895508,
        "var": 17.3168735504
    },
    "spectral_decrease": {
        "mean": -6.06733863151e-09,
        "var": 1.48432018813e-17
    },
    "spectral_energy": {
        "mean": 0.0276356022805,
        "var": 0.00030289744609
    },
    "spectral_energyband_high": {
        "mean": 7.56897361498e-06,
        "var": 2.90255146307e-11
    },
    "spectral_energyband_low": {
        "mean": 1.35529728595e-06,
        "var": 3.45075044927e-11
    },
    "spectral_energyband_middle_high": {
        "mean": 0.0276210643351,
        "var": 0.000302836677292
    },
    "spectral_energyband_middle_low": {
        "mean": 4.23889377998e-06,
        "var": 5.60336721467e-10
    },
    "spectral_flatness_db": {
        "mean": 0.549310684204,
        "var": 0.0314724110067
    },
    "spectral_flux": {
        "mean": 0.0128839816898,
        "var": 0.000116135117423
    },
    "spectral_kurtosis": {
        "mean": 17.1867465973,
        "var": 112.408355713
    },
    "spectral_rms": {
        "mean": 0.00457700015977,
        "var": 6.01264764555e-06
    },
    "spectral_rolloff": {
        "mean": 2251.62255859,
        "var": 1164560.25
    },
    "spectral_skewness": {
        "mean": 3.37719130516,
        "var": 1.32228755951
    },
    "spectral_spread": {
        "mean": 6601190.5,
        "var": 7.32034477588e+13
    },
    "spectral_strongpeak": {
        "mean": 8.72265434265,
        "var": 25.3213787079
    },
    "zerocrossingrate": {
        "mean": 0.078219152987,
        "var": 0.000976182345767
    },
    "barkbands": {
        "mean": [2.61702689386e-06, 1.92618173855e-07, 2.72131495116e-09, 1.22178667183e-09, 4.27995017205e-09, 3.57717271982e-06, 6.21223591679e-07, 1.1894855767e-08, 1.82941448656e-08, 4.01242132853e-08, 4.78398867187e-08, 1.6696435523e-07, 3.49532069777e-06, 0.0240457747132, 0.000149341096403, 4.1134430262e-07, 1.04166119286e-07, 4.02874832162e-07, 0.00342110916972, 2.26351616561e-07, 3.49643323716e-06, 1.73014640836e-07, 2.01814941647e-06, 1.18555567497e-06, 3.78728003625e-07, 2.45512154606e-07, 6.10283379388e-10],
        "var": [1.60496504975e-10, 5.80865813348e-13, 3.12146629576e-17, 5.05384524085e-18, 1.45072576956e-16, 4.08201389357e-10, 1.20789897182e-11, 4.94031648849e-16, 4.05686827134e-16, 1.66161386001e-14, 5.66228523284e-15, 3.27223762409e-13, 1.78093706449e-10, 0.0002573824313, 5.24873797758e-08, 8.31241596822e-13, 8.35836950461e-15, 4.37575648458e-13, 7.47359945308e-06, 6.7963565548e-14, 1.02701146198e-11, 2.67592903809e-14, 7.31633937462e-12, 8.7880581718e-13, 1.35942608082e-13, 9.16286225497e-14, 9.16469693197e-19]
    },
    "mfcc": {
        "mean": [-991.41192627, -16.5889358521, -82.5191574097, 0.157328262925, 32.0591773987, 32.9760780334, 15.4196243286, -33.0074691772, -39.5529785156, 53.1021575928, 49.7197265625, -33.0887641907, -27.6877269745],
        "var": [3773.70581055, 575.897277832, 1431.14367676, 69.6858596802, 193.623153687, 267.453735352, 90.5734481812, 313.046203613, 469.26184082, 594.003173828, 415.077972412, 364.844421387, 363.583068848]
    },
    "sccoeffs": {
        "mean": [-0.736578643322, -0.858346521854, -0.889276206493, -0.448556870222, -0.591958642006, -0.837303459644],
        "var": [0.00615054788068, 0.00790339987725, 0.000755700224545, 0.0331219285727, 0.0203555263579, 0.00134877942037]
    },
    "scvalleys": {
        "mean": [-11.4138412476, -11.175868988, -10.9297418594, -9.7889289856, -10.8152809143, -11.3025865555],
        "var": [0.458893597126, 0.814277410507, 1.06490147114, 1.99992859364, 1.47096633911, 1.63347375393]
    }
},
"rhythm": {
    "beats_loudness": {
        "mean": 0.0331520885229,
        "var": 0.00019054589211
    },
    "bpm": 90.6847305298,
    "confidence": 0,
    "first_peak_bpm": {
        "mean": 89,
        "var": 0
    },
    "first_peak_spread": {
        "mean": 0.66666662693,
        "var": 0
    },
    "first_peak_weight": {
        "mean": 0.333333343267,
        "var": 0
    },
    "onset_rate": 0.973737776279,
    "second_peak_bpm": {
        "mean": 0,
        "var": 0
    },
    "second_peak_spread": {
        "mean": 0,
        "var": 0
    },
    "second_peak_weight": {
        "mean": 0,
        "var": 0
    },
    "beats_loudness_band_ratio": {
        "mean": [4.91624050483e-05, 0.0045892377384, 0.00173747143708, 0.00341331982054, 0.871392130852, 0.120530389249],
        "var": [4.95313745574e-09, 0.000126345388708, 1.80836996151e-05, 6.09357302892e-05, 0.00490442290902, 0.00605601910502]
    },
    "beats_position": [0.673378646374, 1.3235373497, 1.99691605568, 2.65868473053, 3.32045340538, 3.99383211136, 4.6439909935],
    "bpm_estimates": [92.28515625, 89.1029052734, 90.6661224365, 90.6661224365, 89.1029052734, 92.2851333618],
    "bpm_intervals": [0.650158703327, 0.673378705978, 0.66176867485, 0.66176867485, 0.673378705978, 0.650158882141],
    "onset_times": [0.162539675832, 0.394739240408, 3.20435380936, 4.04027223587, 4.56272125244],
    "histogram": [[0, 0, 0, 0, 0, 0, 0, 0, 0, 0, 0, 0, 0, 0, 0, 0, 0, 0, 0, 0, 0, 0, 0, 0, 0, 0, 0, 0, 0, 0, 0, 0, 0, 0, 0, 0, 0, 0, 0, 0, 0, 0, 0, 0, 0, 0, 0, 0, 0, 0, 0, 0, 0, 0, 0, 0, 0, 0, 0, 0, 0, 0, 0, 0, 0, 0, 0, 0, 0, 0, 0, 0, 0, 0, 0, 0, 0, 0, 0, 0, 0, 0, 0, 0, 0, 0, 0, 0, 0, 0.333333343267, 0, 0.333333343267, 0.333333343267, 0, 0, 0, 0, 0, 0, 0, 0, 0, 0, 0, 0, 0, 0, 0, 0, 0, 0, 0, 0, 0, 0, 0, 0, 0, 0, 0, 0, 0, 0, 0, 0, 0, 0, 0, 0, 0, 0, 0, 0, 0, 0, 0, 0, 0, 0, 0, 0, 0, 0, 0, 0, 0, 0, 0, 0, 0, 0, 0, 0, 0, 0, 0, 0, 0, 0, 0, 0, 0, 0, 0, 0, 0, 0, 0, 0, 0, 0, 0, 0, 0, 0, 0, 0, 0, 0, 0, 0, 0, 0, 0, 0, 0, 0, 0, 0, 0, 0, 0, 0, 0, 0, 0, 0, 0, 0, 0, 0, 0, 0, 0, 0, 0, 0, 0, 0, 0, 0, 0, 0, 0, 0, 0, 0, 0, 0, 0, 0, 0, 0, 0, 0, 0, 0, 0, 0, 0, 0, 0, 0, 0, 0, 0, 0, 0, 0, 0, 0, 0, 0, 0, 0, 0, 0, 0, 0, 0]]
},
"sfx": {
    "inharmonicity": {
        "mean": 0.0323869846761,
        "var": 0.00818867143244
    },
    "oddtoevenharmonicenergyratio": {
        "mean": 1.20858919621,
        "var": 14.3890018463
    },
    "pitch_after_max_to_before_max_energy_ratio": 0.028549015522,
    "pitch_centroid": 111.978042603,
    "pitch_max_to_total": 0.995515704155,
    "pitch_min_to_total": 0.95964127779,
    "tristimulus": {
        "mean": [0.643337190151, 0.313936173916, 0.0427269786596],
        "var": [0.0546318143606, 0.0288045722991, 0.0209777075797]
    }
},
"tonal": {
    "chords_changes_rate": 0.0267857145518,
    "chords_number_rate": 0.0357142873108,
    "chords_strength": {
        "mean": 0.35509878397,
        "var": 0.00386932352558
    },
    "key_strength": 0.570791065693,
    "tuning_diatonic_strength": 0.274000167847,
    "tuning_equal_tempered_deviation": 0.201995790005,