{
"metadata": {
    "version": {
        "essentia": "2.1-dev"
    }
},
"lowLevel": {
    "barkbands_kurtosis": {
        "mean": 6.65900421143,
        "var": 64.2128601074
    },
    "dissonance": {
        "mean": 0.454384118319,
        "var": 0.00595873687416
    },
    "hfc": {
        "mean": 68.3302383423,
        "var": 261.245483398
    },
    "spectral_centroid": {
        "mean": 1917.12927246,
        "var": 22487.5703125
    },
    "spectral_complexity": {
        "mean": 2,
        "var": 0
    },
    "spectral_crest": {
        "mean": 23.070394516,
        "var": 5.67338085175
    },
    "spectral_energyband_high": {
        "mean": 9.78996558842e-06,
        "var": 1.75955239962e-11
    },
    "spectral_energyband_low": {
        "mean": 1.7527968339e-06,
        "var": 4.4877851435e-11
    },
    "spectral_kurtosis": {
        "mean": 21.5953598022,
        "var": 62.0947952271
    },
    "spectral_rolloff": {
        "mean": 2353.36547852,
        "var": 647276.1875
    },
    "spectral_strongpeak": {
        "mean": 11.235575676,
        "var": 6.67045927048
    },
    "mfcc": {
        "mean": [-963.543518066, -25.8119106293, -100.616981506, 0.926326870918, 37.7016334534, 39.4227256775, 19.2342319489, -37.3693122864, -46.283618927, 65.8716049194, 59.8007583618, -42.5782394409, -37.6791114807],
        "var": [162.781387329, 322.170898438, 80.6933441162, 54.0542411804, 87.3703765869, 155.687683105, 39.8133468628, 70.1981582642, 123.542182922, 66.4585418701, 25.721075058, 50.4385566711, 46.6345748901]
    },
    "sccoeffs": {
        "mean": [-0.735196173191, -0.879486978054, -0.8912088871, -0.358870655298, -0.518172740936, -0.820780277252],
        "var": [0.00710989022627, 0.00165642984211, 0.000378337630536, 0.000693618669175, 0.000936796306632, 0.000467760371976]
    }
},
"sfx": {
    "inharmonicity": {
        "mean": 7.90910926298e-05,
        "var": 1.22072876252e-08
    }
}
}