{
"metadata": {
    "version": {
        "essentia": "2.1-dev"
    }
},
"lowLevel": {
    "barkbands_kurtosis": {
        "mean": 0.54976528883,
        "var": 0.0418472066522
    },
    "dissonance": {
        "mean": 0.388975858688,
        "var": 0.00274314382114
    },
    "hfc": {
        "mean": 17.8936347961,
        "var": 13.4369535446
    },
    "spectral_centroid": {
        "mean": 1157.74291992,
        "var": 1005.46362305
    },
    "spectral_complexity": {
        "mean": 13.673333168,
        "var": 0.553288698196
    },
    "spectral_crest": {
        "mean": 6.56121730804,
        "var": 0.261312484741
    },
    "spectral_energyband_high": {
        "mean": 8.06810476206e-06,
        "var": 1.74199144692e-11
    },
    "spectral_energyband_low": {
        "mean": 2.94569701964e-07,
        "var": 1.5190050552e-13
    },
    "spectral_kurtosis": {
        "mean": 37.8562698364,
        "var": 182.783660889
    },
    "spectral_rolloff": {
        "mean": 1558.42871094,
        "var": 8355.7890625
    },
    "spectral_strongpeak": {
        "mean": 2.7260427475,
        "var": 0.217711538076
    },
    "mfcc": {
        "mean": [-745.808532715, 182.57119751, -143.037063599, -44.5444450378, -24.1017093658, -22.7546157837, -9.32069969177, -22.7135448456, -18.9731044769, -23.9549255371, -16.4248008728, -9.69853210449, -13.5341758728],
        "var": [169.458938599, 46.5234870911, 40.4383277893, 57.4997444153, 30.6842575073, 31.2058200836, 19.5058116913, 20.8626327515, 14.4222164154, 11.6926412582, 14.6561641693, 9.35754203796, 9.93709182739]
    },
    "sccoeffs": {
        "mean": [-0.514534831047, -0.410557568073, -0.466797173023, -0.482670485973, -0.645718693733, -0.740610480309],
        "var": [0.00221797125414, 0.00170384545345, 0.00111060542986, 0.00119495496619, 0.000411227199947, 0.00346296676435]
    }
},
"sfx": {
    "inharmonicity": {
        "mean": 0.0120123531669,
        "var": 8.03693983471e-05
    }
}
}