{
"metadata": {
    "version": {
        "essentia": "2.1-dev"
    }
},
"lowLevel": {
    "barkbands_kurtosis": {
        "mean": 5.00395202637,
        "var": 18.8915309906
    },
    "dissonance": {
        "mean": 0.201586797833,
        "var": 0.0021980125457
    },
    "hfc": {
        "mean": 21.5678024292,
        "var": 34.1485977173
    },
    "spectral_centroid": {
        "mean": 523.676696777,
        "var": 896.288024902
    },
    "spectral_complexity": {
        "mean": 6.07142877579,
        "var": 0.752040505409
    },
    "spectral_crest": {
        "mean": 20.3428211212,
        "var": 5.44691228867
    },
    "spectral_energyband_high": {
        "mean": 3.64317855883e-07,
        "var": 1.96013195367e-13
    },
    "spectral_energyband_low": {
        "mean": 5.81312008308e-07,
        "var": 1.20227937848e-13
    },
    "spectral_kurtosis": {
        "mean": 136.931045532,
        "var": 1074.64233398
    },
    "spectral_rolloff": {
        "mean": 701.98236084,
        "var": 27388.8613281
    },
    "spectral_strongpeak": {
        "mean": 3.0431137085,
        "var": 0.489367127419
    },
    "mfcc": {
        "mean": [-835.722961426, 242.656051636, -18.0744724274, -77.9201278687, -51.0165939331, -39.8824577332, -39.724609375, -28.1991386414, -7.60250234604, -10.2473392487, -17.8922576904, -11.794377327, -4.58456659317],
        "var": [469.802276611, 51.8111991882, 274.097381592, 34.2299194336, 94.3733673096, 27.4364070892, 75.3078536987, 76.947593689, 91.6163101196, 56.4708862305, 50.4626350403, 27.5393829346, 13.7630910873]
    },
    "sccoeffs": {
        "mean": [-0.445604205132, -0.224354028702, -0.338251590729, -0.599609911442, -0.743664979935, -0.86279553175],
        "var": [0.000915049575269, 0.00131084711757, 0.00237240688875, 0.00278507801704, 0.00147798424587, 0.000363381492207]
    }
},
"sfx": {
    "inharmonicity": {
        "mean": 0.0139528736472,
        "var": 3.77237229259e-05
    }
}
}