{
"metadata": {
    "version": {
        "essentia": "2.1-dev"
    }
},
"lowLevel": {
    "average_loudness": 0.96275472641,
    "barkbands_kurtosis": {
        "mean": 8.55358409882,
        "var": 113.279876709
    },
    "barkbands_skewness": {
        "mean": 2.11688804626,
        "var": 1.57822871208
    },
    "barkbands_spread": {
        "mean": 3.52433085442,
        "var": 17.4798297882
    },
    "dissonance": {
        "mean": 0.258436858654,
        "var": 0.0134013332427
    },
    "hfc": {
        "mean": 14.7744131088,
        "var": 121.451522827
    },
    "pitch": {
        "mean": 214.837722778,
        "var": 2207.37915039
    },
    "pitch_instantaneous_confidence": {
        "mean": 0.788311123848,
        "var": 0.068465590477
    },
    "pitch_salience": {
        "mean": 0.483278304338,
        "var": 0.0139595735818
    },
    "silence_rate_20dB": {
        "mean": 1,
        "var": 0
    },
    "silence_rate_30dB": {
        "mean": 1,
        "var": 0
    },
    "silence_rate_60dB": {
        "mean": 0.281553387642,
        "var": 0.202281013131
    },
    "spectral_centroid": {
        "mean": 446.92590332,
        "var": 22766.6328125
    },
    "spectral_complexity": {
        "mean": 4.33980560303,
        "var": 7.56414699554
    },
    "spectral_crest": {
        "mean": 18.3030738831,
        "var": 20.2249622345
    },
    "spectral_decrease": {
        "mean": -7.19677295535e-09,
        "var": 3.00893432912e-17
    },
    "spectral_energy": {
        "mean": 0.0285023227334,
        "var": 0.000470835570013
    },
    "spectral_energyband_high": {
        "mean": 2.53433910302e-07,
        "var": 1.59749790436e-13
    },
    "spectral_energyband_low": {
        "mean": 6.69099790684e-07,
        "var": 2.39042076064e-13
    },
    "spectral_energyband_middle_high": {
        "mean": 0.00388316158205,
        "var": 9.81964240054e-06
    },
    "spectral_energyband_middle_low": {
        "mean": 0.0246184337884,
        "var": 0.000380295095965
    },
    "spectral_flatness_db": {
        "mean": 0.43483582139,
        "var": 0.0150720151141
    },
    "spectral_flux": {
        "mean": 0.0146179292351,
        "var": 0.000345453299815
    },
    "spectral_kurtosis": {
        "mean": 103.538444519,
        "var": 4252.93798828
    },
    "spectral_rms": {
        "mean": 0.00438805436715,
        "var": 8.55212692841e-06
    },
    "spectral_rolloff": {
        "mean": 597.494140625,
        "var": 67928.6953125
    },
    "spectral_skewness": {
        "mean": 7.98414707184,
        "var": 12.8304872513
    },
    "spectral_spread": {
        "mean": 2635273.25,
        "var": 8.27205615616e+12
    },
    "spectral_strongpeak": {
        "mean": 2.1145529747,
        "var": 2.1990776062
    },
    "zerocrossingrate": {
        "mean": 0.0213563796133,
        "var": 5.60721928196e-05
    },
    "barkbands": {
        "mean": [3.69635500874e-07, 2.8035870514e-07, 8.29431812122e-08, 2.90260260272e-07, 0.000703264202457, 9.30002215682e-07, 0.0219525806606, 3.96458153773e-06, 0.00195713015273, 0.00356765673496, 2.77602975984e-05, 0.000142888427945, 5.25452232978e-05, 6.46209009574e-05, 1.05200660983e-05, 1.64179400599e-05, 3.2546435591e-07, 3.79506104764e-07, 8.96253951055e-08, 9.71412248418e-08, 8.94114364769e-08, 3.83741998178e-08, 2.44704487784e-08, 2.42345539192e-08, 2.22256009152e-08, 1.31685784499e-09, 1.40463274345e-09],
        "var": [1.47801706312e-13, 6.36641347279e-14, 5.23072279324e-15, 1.17351834088e-13, 2.42598872546e-07, 1.00952345441e-11, 0.000317565194564, 9.91897897151e-10, 2.17916226575e-06, 8.53342498885e-06, 7.94780075086e-10, 2.73633613546e-08, 5.16288523045e-09, 6.28796392732e-09, 2.58343291204e-10, 2.8446617284e-10, 2.02450740634e-13, 1.9810356426e-13, 1.83867169808e-14, 2.19341824434e-14, 2.1665180026e-14, 5.83856803575e-15, 6.33503829246e-16, 1.55373699322e-15, 1.05020671691e-15, 2.7445490833e-18, 3.12303343079e-18]
    },
    "mfcc": {
        "mean": [-911.146850586, 188.993225098, -1.59834837914, -52.3233718872, -36.7748031616, -27.8313674927, -26.2905349731, -18.2003879547, -4.38005161285, -6.07001018524, -11.0692644119, -7.08974599838, -2.59721183777],
        "var": [13766.3554688, 7526.9609375, 815.512084961, 1681.81689453, 839.391601562, 476.988342285, 501.189361572, 309.854522705, 119.673858643, 104.543983459, 151.298110962, 79.7023468018, 28.1997337341]
    },
    "sccoeffs": {
        "mean": [-0.54129332304, -0.393559098244, -0.484911203384, -0.681128919125, -0.790687441826, -0.875114500523],
        "var": [0.0242390371859, 0.0740435943007, 0.0565216690302, 0.0170350596309, 0.00587819004431, 0.000621462822892]
    },
    "scvalleys": {
        "mean": [-9.19804382324, -9.3802947998, -9.76525402069, -10.3713626862, -11.8104915619, -12.4464054108],
        "var": [0.263151198626, 1.21663486958, 1.35351490974, 1.23650527, 0.635104179382, 0.739050090313]
    }
},
"rhythm": {
    "beats_loudness": {
        "mean": 0.0419773943722,
        "var": 0.000388954649679
    },
    "bpm": 184.5703125,
    "confidence": 0,
    "first_peak_bpm": {
        "mean": 185,
        "var": 0
    },
    "first_peak_spread": {
        "mean": 0,
        "var": 0
    },
    "first_peak_weight": {
        "mean": 0.800000011921,
        "var": 0
    },
    "onset_rate": 0.84820741415,
    "second_peak_bpm": {
        "mean": 178,
        "var": 0
    },
    "second_peak_spread": {
        "mean": 0,
        "var": 0
    },
    "second_peak_weight": {
        "mean": 0.20000000298,
        "var": 0
    },
    "beats_loudness_band_ratio": {
        "mean": [0.00881084334105, 0.053784865886, 0.845106840134, 0.100276239216, 0.000951321970206, 1.58637285494e-05],
        "var": [0.000146673832205, 0.0046585756354, 0.00614708894864, 0.000709159008693, 2.1755089108e-07, 3.14329395845e-11]
    },
    "beats_position": [0.301859408617, 0.626938760281, 0.952018141747, 1.27709746361, 1.6137868166, 1.93886613846],
    "bpm_estimates": [184.5703125, 184.570297241, 184.570343018, 184.570343018],
    "bpm_intervals": [0.325079351664, 0.325079381466, 0.325079321861, 0.336689352989, 0.325079321861],
    "onset_times": [0.174149662256, 0.31346938014],
    "histogram": [[0, 0, 0, 0, 0, 0, 0, 0, 0, 0, 0, 0, 0, 0, 0, 0, 0, 0, 0, 0, 0, 0, 0, 0, 0, 0, 0, 0, 0, 0, 0, 0, 0, 0, 0, 0, 0, 0, 0, 0, 0, 0, 0, 0, 0, 0, 0, 0, 0, 0, 0, 0, 0, 0, 0, 0, 0, 0, 0, 0, 0, 0, 0, 0, 0, 0, 0, 0, 0, 0, 0, 0, 0, 0, 0, 0, 0, 0, 0, 0, 0, 0, 0, 0, 0, 0, 0, 0, 0, 0, 0, 0, 0, 0, 0, 0, 0, 0, 0, 0, 0, 0, 0, 0, 0, 0, 0, 0, 0, 0, 0, 0, 0, 0, 0, 0, 0, 0, 0, 0, 0, 0, 0, 0, 0, 0, 0, 0, 0, 0, 0, 0, 0, 0, 0, 0, 0, 0, 0, 0, 0, 0, 0, 0, 0, 0, 0, 0, 0, 0, 0, 0, 0, 0, 0, 0, 0, 0, 0, 0, 0, 0, 0, 0, 0, 0, 0, 0, 0, 0, 0, 0, 0, 0, 0, 0, 0, 0, 0.20000000298, 0, 0, 0, 0, 0, 0, 0.800000011921, 0, 0, 0, 0, 0, 0, 0, 0, 0, 0, 0, 0, 0, 0, 0, 0, 0, 0, 0, 0, 0, 0, 0, 0, 0, 0, 0, 0, 0, 0, 0, 0, 0, 0, 0, 0, 0, 0, 0, 0, 0, 0, 0, 0, 0, 0, 0, 0, 0, 0, 0, 0, 0, 0, 0, 0, 0, 0, 0, 0, 0, 0, 0, 0]]
},
"sfx": {
    "inharmonicity": {
        "mean": 0.0269067678601,
        "var": 0.00187751592603
    },
    "oddtoevenharmonicenergyratio": {
        "mean": 6.81925630569,
        "var": 21.8928489685
    },
    "pitch_after_max_to_before_max_energy_ratio": 12.8556900024,
    "pitch_centroid": 49.9524765015,
    "pitch_max_to_total": 0.0679611638188,
    "pitch_min_to_total": 0.0485436879098,
    "tristimulus": {
        "mean": [0.148314788938, 0.682018101215, 0.169667199254],
        "var": [0.0228629093617, 0.0456028208137, 0.0204728581011]
    }
},
"tonal": {
    "chords_changes_rate": 0.0384615398943,
    "chords_number_rate": 0.0384615398943,
    "chords_strength": {
        "mean": 0.480788260698,
        "var": 0.00072565570008
    },
    "key_strength": 0.593953132629,
    "tuning_diatonic_strength": 0.455850720406,
    "tuning_equal_tempered_deviation": 0.180625766516,
    "tuning_frequency": 445.369720459,
    "tuning_nontempered_energy_ratio": 0.756587088108,