{
"metadata": {
    "version": {
        "essentia": "2.1-dev"
    }
},
"lowLevel": {
    "barkbands_kurtosis": {
        "mean": 3.55319070816,
        "var": 3.44752192497
    },
    "dissonance": {
        "mean": 0.496857792139,
        "var": 9.07180037757e-06
    },
    "hfc": {
        "mean": 217.138153076,
        "var": 13987.34375
    },
    "spectral_centroid": {
        "mean": 5158.48144531,
        "var": 116919.335938
    },
    "spectral_complexity": {
        "mean": 37.2000007629,
        "var": 64.1599960327
    },
    "spectral_crest": {
        "mean": 6.19148588181,
        "var": 1.72836470604
    },
    "spectral_energyband_high": {
        "mean": 0.0267161764205,
        "var": 0.000225404699449
    },
    "spectral_energyband_low": {
        "mean": 3.55841002602e-05,
        "var": 5.80058001631e-10
    },
    "spectral_kurtosis": {
        "mean": -0.199327379465,
        "var": 0.0441388860345
    },
    "spectral_rolloff": {
        "mean": 7614.140625,
        "var": 174547.265625
    },
    "spectral_strongpeak": {
        "mean": 5.46865034103,
        "var": 20.1494197845
    },
    "mfcc": {
        "mean": [-591.24432373, -67.3104324341, -41.5447044373, 4.22251033783, -10.6149072647, -10.2425308228, -33.5044822693, -5.27718734741, -11.4956254959, 6.37815093994, 12.3666830063, 16.0113677979, 9.30746173859],
        "var": [1634.01647949, 212.038360596, 141.372344971, 84.6625823975, 34.1827316284, 61.4000549316, 41.6390800476, 47.1436309814, 33.5538864136, 68.2185592651, 48.5448455811, 28.9547786713, 78.977973938]
    },
    "sccoeffs": {
        "mean": [-0.653046011925, -0.778848111629, -0.833632171154, -0.688925147057, -0.737597882748, -0.717981874943],
        "var": [0.00386968394741, 0.00263518560678, 0.000753974542022, 0.00294987251982, 0.000509829143994, 0.000368312495993]
    }
},
"sfx": {
    "inharmonicity": {
        "mean": 0.123498439789,
        "var": 0.00808495096862
    }
}
}