{"lowlevel.dissonance.mean": [0.11895430088043213], "sfx.inharmonicity.mean": [0.32362377643585205], "lowlevel.spectral_contrast.mean": [[0.6197794675827026, 1.2330081462860107, 1.0048822164535522, 0.9366286993026733, 0.8661041259765625, 0.5302369594573975]], "lowlevel.spectral_centroid.mean": [0.3764202892780304], "lowlevel.mfcc.mean": [[0.47622907161712646, 0.4006553888320923, 0.20784658193588257, 0.5585628747940063, 0.541397750377655, 0.31720420718193054, 0.2099418342113495, 0.3999350070953369, 0.27061164379119873, 0.33261293172836304, 0.6740700006484985, 0.9414032697677612, 1.2750515937805176]], "sfx.logattacktime.mean": [0.5134165287017822], "lowlevel.hfc.mean": [0.48155316710472107]}