{
"metadata": {
    "version": {
        "essentia": "2.1-dev"
    }
},
"lowLevel": {
    "barkbands_kurtosis": {
        "mean": -0.17866307497,
        "var": 22.400396347
    },
    "dissonance": {
        "mean": 0.407159179449,
        "var": 0.00208413531072
    },
    "hfc": {
        "mean": 69.237197876,
        "var": 927.099975586
    },
    "spectral_centroid": {
        "mean": 1178.47741699,
        "var": 86303.875
    },
    "spectral_complexity": {
        "mean": 10.3866662979,
        "var": 2.85048890114
    },
    "spectral_crest": {
        "mean": 9.85978126526,
        "var": 10.7218761444
    },
    "spectral_energyband_high": {
        "mean": 0.000184571952559,
        "var": 1.20986864971e-08
    },
    "spectral_energyband_low": {
        "mean": 2.55408594967e-05,
        "var": 2.56991761205e-10
    },
    "spectral_kurtosis": {
        "mean": 19.9088611603,
        "var": 951.074890137
    },
    "spectral_rolloff": {
        "mean": 2361.76196289,
        "var": 280336
    },
    "spectral_strongpeak": {
        "mean": 2.8027586937,
        "var": 0.697381556034
    },
    "mfcc": {
        "mean": [-690.302429199, 78.7231445312, -128.249343872, 10.115521431, -6.093937397, -26.4162998199, -35.4101028442, -4.05006456375, -18.671037674, -16.4512367249, 1.53762459755, 12.6306686401, 29.9142341614],
        "var": [3409.41113281, 508.423278809, 467.278533936, 190.339065552, 27.7614135742, 39.2306022644, 49.4381332397, 27.9278259277, 23.0642929077, 38.7266349792, 29.0020084381, 23.8375301361, 37.2761993408]
    },
    "sccoeffs": {
        "mean": [-0.672904789448, -0.277755200863, -0.396977603436, -0.486295878887, -0.528604745865, -0.678927481174],
        "var": [0.00265147560276, 0.0024379172828, 0.000506383134052, 0.000720853102393, 0.00328914169222, 0.00225969986059]
    }
},
"sfx": {
    "inharmonicity": {
        "mean": 0.00608724215999,
        "var": 1.0934333659e-05
    }
}
}