{
"metadata": {
    "version": {
        "essentia": "2.1-dev"
    }
},
"lowLevel": {
    "average_loudness": 0.922268629074,
    "barkbands_kurtosis": {
        "mean": 54.2540359497,
        "var": 30055.640625
    },
    "barkbands_skewness": {
        "mean": 1.93505835533,
        "var": 23.7028236389
    },
    "barkbands_spread": {
        "mean": 12.4080200195,
        "var": 108.893249512
    },
    "dissonance": {
        "mean": 0.324752420187,
        "var": 0.0181168522686
    },
    "hfc": {
        "mean": 34.4085006714,
        "var": 1640.37646484
    },
    "pitch": {
        "mean": 387.882446289,
        "var": 72985.0625
    },
    "pitch_instantaneous_confidence": {
        "mean": 0.890474140644,
        "var": 0.049556940794
    },
    "pitch_salience": {
        "mean": 0.396948635578,
        "var": 0.0398951880634
    },
    "silence_rate_20dB": {
        "mean": 1,
        "var": 0
    },
    "silence_rate_30dB": {
        "mean": 1,
        "var": 0
    },
    "silence_rate_60dB": {
        "mean": 0.480263143778,
        "var": 0.249610319734
    },
    "spectral_centroid": {
        "mean": 710.90612793,
        "var": 288227.59375
    },
    "spectral_complexity": {
        "mean": 5.59868431091,
        "var": 25.556060791
    },
    "spectral_crest": {
        "mean": 13.9002714157,
        "var": 28.8158378601
    },
    "spectral_decrease": {
        "mean": -6.8985892554e-09,
        "var": 6.35723240856e-17
    },
    "spectral_energy": {
        "mean": 0.0291578043252,
        "var": 0.00112875597551
    },
    "spectral_energyband_high": {
        "mean": 9.16314893402e-05,
        "var": 1.43950469322e-08
    },
    "spectral_energyband_low": {
        "mean": 2.80033655145e-05,
        "var": 4.6780812557e-10
    },
    "spectral_energyband_middle_high": {
        "mean": 0.0133977504447,
        "var": 0.000258401385508
    },
    "spectral_energyband_middle_low": {
        "mean": 0.01598505117,
        "var": 0.000405148515711
    },
    "spectral_flatness_db": {
        "mean": 0.409460037947,
        "var": 0.0144467977807
    },
    "spectral_flux": {
        "mean": 0.0123024880886,
        "var": 0.000119603988423
    },
    "spectral_kurtosis": {
        "mean": 30.8604125977,
        "var": 1387.1932373
    },
    "spectral_rms": {
        "mean": 0.00391894811764,
        "var": 1.308849005e-05
    },
    "spectral_rolloff": {
        "mean": 1355.88183594,
        "var": 1262087
    },
    "spectral_skewness": {
        "mean": 4.2964925766,
        "var": 5.99915742874
    },
    "spectral_spread": {
        "mean": 4742705,
        "var": 1.72437725512e+13
    },
    "spectral_strongpeak": {
        "mean": 1.49714195728,
        "var": 2.05141854286
    },
    "zerocrossingrate": {
        "mean": 0.0452880859375,
        "var": 0.00124724989291
    },
    "barkbands": {
        "mean": [3.14184071613e-05, 7.76331216912e-06, 1.04349723529e-07, 2.99605567022e-08, 1.06578306713e-06, 0.0107085993513, 0.00440170895308, 7.05721447503e-07, 5.17261833011e-05, 0.000841330911499, 9.32179204938e-07, 0.00324264867231, 3.34338182029e-07, 0.00136757350992, 0.000888144422788, 1.00695624496e-05, 0.00370058021508, 0.00322345783934, 0.000534854130819, 0.000102566707938, 8.46219882078e-06, 2.35963143496e-05, 8.40245047584e-06, 9.54237748374e-07, 6.38302992684e-07, 1.84989559671e-07, 1.08529329967e-09],
        "var": [7.18491821594e-10, 4.06414797649e-11, 8.42827089858e-15, 3.33604222738e-15, 2.80419307566e-12, 0.000187942161574, 3.11315307044e-05, 1.22196382787e-12, 3.53842910528e-09, 9.01537475784e-07, 1.54978991879e-12, 1.34830970637e-05, 1.64600700691e-13, 2.85581245407e-06, 1.12745146907e-06, 1.58146343243e-10, 2.080847662e-05, 1.75273980858e-05, 4.92747574299e-07, 1.37683109358e-08, 1.19856749525e-10, 1.22959276094e-09, 1.21614579518e-10, 1.531566215e-12, 6.33065269044e-13, 5.643097819e-14, 3.44760111198e-18]
    },
    "mfcc": {
        "mean": [-880.843261719, 72.684753418, -45.5889854431, 16.796497345, 2.87297534943, -11.4653043747, -17.8337669373, -4.01470661163, -11.8004074097, -7.46441984177, 6.71857213974, 18.4533081055, 30.5809230804],
        "var": [40079.8867188, 629.32244873, 7478.50976562, 265.587493896, 180.427841187, 341.531585693, 404.92098999, 99.1723632812, 162.636520386, 165.519332886, 65.4494247437, 76.3551254272, 93.6519088745]
    },
    "sccoeffs": {
        "mean": [-0.61309248209, -0.410490423441, -0.610630512238, -0.673807501793, -0.709886729717, -0.787205398083],
        "var": [0.00771360006183, 0.0389577075839, 0.0543308965862, 0.0392485335469, 0.0358516983688, 0.0130249299109]
    },
    "scvalleys": {
        "mean": [-9.74917793274, -9.80757045746, -10.1718769073, -10.5868711472, -10.6602287292, -12.4226932526],
        "var": [0.789015054703, 2.86190485954, 3.50358891487, 4.26442480087, 5.72771835327, 1.87287926674]
    }
},
"rhythm": {
    "beats_loudness": {
        "mean": 0.0342409946024,
        "var": 0.00121133716311
    },
    "bpm": 104.94140625,
    "confidence": 0,
    "first_peak_bpm": {
        "mean": 105,
        "var": 0
    },
    "first_peak_spread": {
        "mean": 0.25,
        "var": 0
    },
    "first_peak_weight": {
        "mean": 0.75,
        "var": 0
    },
    "onset_rate": 2.57144522667,
    "second_peak_bpm": {
        "mean": 0,
        "var": 0
    },
    "second_peak_spread": {
        "mean": 0,
        "var": 0
    },
    "second_peak_weight": {
        "mean": 0,
        "var": 0
    },
    "beats_loudness_band_ratio": {
        "mean": [0.0233631208539, 0.620819985867, 0.39292344451, 0.121748879552, 0.178297370672, 0.00890569202602],
        "var": [0.0019406110514, 0.0578281208873, 0.0180182345212, 0.0116103263572, 0.0255947168916, 5.81334643357e-05]
    },
    "beats_position": [0.557278871536, 1.13777780533, 1.70666658878, 2.27555561066, 2.8444442749],
    "bpm_estimates": [103.359359741, 105.468772888, 105.468727112, 105.468788147],
    "bpm_intervals": [0.580498933792, 0.568888783455, 0.568889021873, 0.568888664246],
    "onset_times": [0.0348299331963, 0.150929704309, 0.197369620204, 0.325079351664, 0.568888902664, 2.75156474113, 2.86766433716, 3.00698423386, 3.50621318817],
    "histogram": [[0, 0, 0, 0, 0, 0, 0, 0, 0, 0, 0, 0, 0, 0, 0, 0, 0, 0, 0, 0, 0, 0, 0, 0, 0, 0, 0, 0, 0, 0, 0, 0, 0, 0, 0, 0, 0, 0, 0, 0, 0, 0, 0, 0, 0, 0, 0, 0, 0, 0, 0, 0, 0, 0, 0, 0, 0, 0, 0, 0, 0, 0, 0, 0, 0, 0, 0, 0, 0, 0, 0, 0, 0, 0, 0, 0, 0, 0, 0, 0, 0, 0, 0, 0, 0, 0, 0, 0, 0, 0, 0, 0, 0, 0, 0, 0, 0, 0, 0, 0, 0, 0, 0, 0.25, 0, 0.75, 0, 0, 0, 0, 0, 0, 0, 0, 0, 0, 0, 0, 0, 0, 0, 0, 0, 0, 0, 0, 0, 0, 0, 0, 0, 0, 0, 0, 0, 0, 0, 0, 0, 0, 0, 0, 0, 0, 0, 0, 0, 0, 0, 0, 0, 0, 0, 0, 0, 0, 0, 0, 0, 0, 0, 0, 0, 0, 0, 0, 0, 0, 0, 0, 0, 0, 0, 0, 0, 0, 0, 0, 0, 0, 0, 0, 0, 0, 0, 0, 0, 0, 0, 0, 0, 0, 0, 0, 0, 0, 0, 0, 0, 0, 0, 0, 0, 0, 0, 0, 0, 0, 0, 0, 0, 0, 0, 0, 0, 0, 0, 0, 0, 0, 0, 0, 0, 0, 0, 0, 0, 0, 0, 0, 0, 0, 0, 0, 0, 0, 0, 0, 0, 0, 0, 0, 0, 0, 0, 0, 0, 0, 0, 0]]
},
"sfx": {
    "inharmonicity": {
        "mean": 0.00854659359902,
        "var": 0.000340480561135
    },
    "oddtoevenharmonicenergyratio": {
        "mean": 2.2386996406e+36,
        "var": inf
    },
    "pitch_after_max_to_before_max_energy_ratio": 2.73608803749,
    "pitch_centroid": 75.5004043579,
    "pitch_max_to_total": 0.0131578948349,
    "pitch_min_to_total": 0.0526315793395,
    "tristimulus": {
        "mean": [0.52999073267, 0.181375354528, 0.288634002209],
        "var": [0.120134845376, 0.017880436033, 0.0678581446409]
    }
},
"tonal": {
    "chords_changes_rate": 0.0649350658059,
    "chords_number_rate": 0.0259740259498,
    "chords_strength": {
        "mean": 0.511411070824,
        "var": 0.000132059212774
    },
    "key_strength": 0.602409780025,
    "tuning_diatonic_strength": 0.491862982512,
    "tuning_equal_tempered_deviation": 0.0621544644237,
    "tuning_frequency": 440.254241943,
    "tuning_nontempered_energy_ratio": 0.600538253784,