{
"metadata": {
    "version": {
        "essentia": "2.1-dev"
    }
},
"lowLevel": {
    "barkbands_kurtosis": {
        "mean": 62.7931289673,
        "var": 168.691741943
    },
    "dissonance": {
        "mean": 0.109203845263,
        "var": 0.000441989104729
    },
    "hfc": {
        "mean": 31.2607517242,
        "var": 70.8909378052
    },
    "spectral_centroid": {
        "mean": 418.318084717,
        "var": 1.64121043682
    },
    "spectral_complexity": {
        "mean": 5.36363649368,
        "var": 0.750885665417
    },
    "spectral_crest": {
        "mean": 24.7374038696,
        "var": 0.124709069729
    },
    "spectral_energyband_high": {
        "mean": 2.68418347105e-07,
        "var": 1.17808145983e-14
    },
    "spectral_energyband_low": {
        "mean": 9.10726521397e-05,
        "var": 4.62644672572e-10
    },
    "spectral_kurtosis": {
        "mean": 138.613021851,
        "var": 892.009338379
    },
    "spectral_rolloff": {
        "mean": 430.6640625,
        "var": 0
    },
    "spectral_strongpeak": {
        "mean": 4.2326874733,
        "var": 0.438000977039
    },
    "mfcc": {
        "mean": [-854.80670166, 240.647521973, 17.7539978027, -31.4956951141, -19.7352390289, -30.4406452179, -46.6120300293, -48.7671813965, -35.330657959, -14.3197422028, -0.703059673309, -6.39789199829, -2.61865711212],
        "var": [506.66796875, 58.6890983582, 244.35546875, 76.6765594482, 30.7232170105, 31.5289611816, 20.1145324707, 11.4038333893, 21.3533420563, 46.5198326111, 20.5632553101, 15.8669815063, 53.8893814087]
    },
    "sccoeffs": {
        "mean": [-0.432504475117, -0.229101404548, -0.6116771698, -0.652034759521, -0.805393576622, -0.868857622147],
        "var": [0.00113057740964, 0.00110819772817, 0.00264415005222, 0.00166374770924, 0.000876808015164, 0.000369552610209]
    }
},
"sfx": {
    "inharmonicity": {
        "mean": 1.33870953505e-05,
        "var": 2.63788907384e-10
    }
}
}