{
"metadata": {
    "version": {
        "essentia": "2.1-dev"
    }
},
"lowLevel": {
    "barkbands_kurtosis": {
        "mean": -0.0209459364414,
        "var": 0.0668577179313
    },
    "dissonance": {
        "mean": 0.374689668417,
        "var": 0.00247166468762
    },
    "hfc": {
        "mean": 16.1127281189,
        "var": 5.30470180511
    },
    "spectral_centroid": {
        "mean": 1160.07897949,
        "var": 1521.16931152
    },
    "spectral_complexity": {
        "mean": 9.54945087433,
        "var": 0.335467070341
    },
    "spectral_crest": {
        "mean": 9.34364700317,
        "var": 0.208946064115
    },
    "spectral_energyband_high": {
        "mean": 4.42627970187e-06,
        "var": 3.22051912048e-12
    },
    "spectral_energyband_low": {
        "mean": 6.74412703461e-08,
        "var": 3.32976888961e-15
    },
    "spectral_kurtosis": {
        "mean": 48.9478569031,
        "var": 256.477539062
    },
    "spectral_rolloff": {
        "mean": 1492.65246582,
        "var": 783.454528809
    },
    "spectral_strongpeak": {
        "mean": 2.87824702263,
        "var": 0.333560824394
    },
    "mfcc": {
        "mean": [-781.678283691, 155.919250488, -159.39251709, -63.0748672485, -28.3405742645, -24.7916469574, -16.349407196, -30.8968925476, -20.0277347565, -24.09441185, -11.4086065292, -8.78614807129, -24.2093887329],
        "var": [117.204788208, 58.714050293, 53.8403167725, 54.6238632202, 30.5868701935, 25.1126594543, 21.3931598663, 18.2423324585, 10.9493913651, 8.65543937683, 14.7115898132, 15.2593488693, 18.4403495789]
    },
    "sccoeffs": {
        "mean": [-0.488353550434, -0.379654437304, -0.421719819307, -0.515436410904, -0.639108300209, -0.762824594975],
        "var": [0.00150358118117, 0.000907931360416, 0.000847078859806, 0.000892065290827, 0.000354672636604, 0.0011658744188]
    }
},
"sfx": {
    "inharmonicity": {
        "mean": 0.0133948540315,
        "var": 6.4890550675e-06
    }
}
}