{
"metadata": {
    "version": {
        "essentia": "2.1-dev"
    }
},
"lowLevel": {
    "average_loudness": 0.99068403244,
    "barkbands_kurtosis": {
        "mean": 134.195388794,
        "var": 24802.3574219
    },
    "barkbands_skewness": {
        "mean": 5.42894268036,
        "var": 27.1616268158
    },
    "barkbands_spread": {
        "mean": 14.5084543228,
        "var": 424.423156738
    },
    "dissonance": {
        "mean": 0.357976555824,
        "var": 0.0148928053677
    },
    "hfc": {
        "mean": 22.987953186,
        "var": 4943.46044922
    },
    "pitch": {
        "mean": 674.461608887,
        "var": 1604262.5
    },
    "pitch_instantaneous_confidence": {
        "mean": 0.704820930958,
        "var": 0.0767671391368
    },
    "pitch_salience": {
        "mean": 0.23166590929,
        "var": 0.0771483629942
    },
    "silence_rate_20dB": {
        "mean": 1,
        "var": 0
    },
    "silence_rate_30dB": {
        "mean": 0.951219499111,
        "var": 0.0464010648429
    },
    "silence_rate_60dB": {
        "mean": 0.829268276691,
        "var": 0.141582176089
    },
    "spectral_centroid": {
        "mean": 1272.27868652,
        "var": 5272437
    },
    "spectral_complexity": {
        "mean": 6.29268312454,
        "var": 255.30430603
    },
    "spectral_crest": {
        "mean": 17.8025131226,
        "var": 43.5982208252
    },
    "spectral_decrease": {
        "mean": -2.1441350917e-09,
        "var": 5.34036604666e-17
    },
    "spectral_energy": {
        "mean": 0.0101775424555,
        "var": 0.00113183422945
    },
    "spectral_energyband_high": {
        "mean": 0.00231543905102,
        "var": 5.01881659147e-05
    },
    "spectral_energyband_low": {
        "mean": 2.82277651422e-05,
        "var": 2.93394375461e-08
    },
    "spectral_energyband_middle_high": {
        "mean": 0.00363059411757,
        "var": 0.000208346697036
    },
    "spectral_energyband_middle_low": {
        "mean": 0.00434590224177,
        "var": 0.000208804151043
    },
    "spectral_flatness_db": {
        "mean": 0.393354177475,
        "var": 0.036221191287
    },
    "spectral_flux": {
        "mean": 0.0264041051269,
        "var": 0.00494656898081
    },
    "spectral_kurtosis": {
        "mean": 13.8153839111,
        "var": 546.001159668
    },
    "spectral_rms": {
        "mean": 0.00121469749138,
        "var": 8.45382328407e-06
    },
    "spectral_rolloff": {
        "mean": 2192.70776367,
        "var": 16994778
    },
    "spectral_skewness": {
        "mean": 2.41131305695,
        "var": 5.75598478317
    },
    "spectral_spread": {
        "mean": 8483087,
        "var": 5.23746767012e+13
    },
    "spectral_strongpeak": {
        "mean": 0.200389400125,
        "var": 0.237848564982
    },
    "zerocrossingrate": {
        "mean": 0.0860208645463,
        "var": 0.0163171384484
    },
    "barkbands": {
        "mean": [1.18495890433e-07, 1.5194284515e-06, 8.71859083418e-06, 0.00020962455892, 0.00189831748139, 0.000428642117186, 0.000576991937123, 0.000241673027631, 0.000825511582661, 0.000805010728072, 0.000456485082395, 0.000314055097988, 0.000184209333383, 0.000226684875088, 0.000174391490873, 0.000157530143042, 0.000208541881875, 0.00040479504969, 0.000496653548907, 0.000589363160543, 0.000750622188207, 0.000269028299954, 0.000367752945749, 0.000446317717433, 0.000134983492899, 1.75737521757e-10, 2.7720511997e-10],
        "var": [4.22034315047e-13, 4.27715259044e-11, 2.76093503615e-09, 3.52719325747e-07, 3.79026751034e-05, 2.49796175922e-06, 5.13905706612e-06, 1.1215242921e-06, 2.19111207116e-05, 1.89202310139e-05, 6.1858522713e-06, 2.76863261206e-06, 6.68726499953e-07, 1.02978106042e-06, 4.37778567175e-07, 2.85631784891e-07, 4.64427444058e-07, 2.11520341509e-06, 2.97532778859e-06, 3.2318544072e-06, 5.49734068045e-06, 6.34272339539e-07, 1.32418779231e-06, 1.94650283447e-06, 1.58307457809e-07, 4.46055594356e-19, 2.28077476323e-18]
    },
    "mfcc": {
        "mean": [-1012.78326416, 24.9713439941, 13.7294864655, 12.8682384491, 1.32087898254, -3.25322818756, -5.78826665878, -8.95178318024, -10.3772268295, -10.6232757568, -14.3728427887, -13.8379974365, -17.0158920288],
        "var": [44839.0351562, 836.03515625, 333.611724854, 128.330062866, 127.817298889, 109.7498703, 109.268974304, 128.067687988, 90.4451904297, 65.9470367432, 109.9375, 122.251403809, 136.192169189]
    },
    "sccoeffs": {
        "mean": [-0.514583706856, -0.806255459785, -0.860356390476, -0.880833148956, -0.883936345577, -0.888442635536],
        "var": [0.0305022969842, 0.0107739381492, 0.00710682338104, 0.00299951387569, 0.00317947636358, 0.00445690890774]
    },
    "scvalleys": {
        "mean": [-13.4508552551, -12.8817987442, -13.1305189133, -13.2577219009, -13.3408727646, -13.7761316299],
        "var": [15.1944522858, 21.1055469513, 20.0400905609, 19.8774642944, 20.5651550293, 17.9226150513]
    }
},
"rhythm": {
    "beats_loudness": {
        "mean": 2.64806544692e-06,
        "var": 6.50532579194e-12
    },
    "bpm": 87.5926895142,
    "confidence": 0,
    "first_peak_bpm": {
        "mean": 88,
        "var": 0
    },
    "first_peak_spread": {
        "mean": 0,
        "var": 0
    },
    "first_peak_weight": {
        "mean": 1,
        "var": 0
    },
    "onset_rate": 0.5333365798,
    "second_peak_bpm": {
        "mean": 0,
        "var": 0
    },
    "second_peak_spread": {
        "mean": 0,
        "var": 0
    },
    "second_peak_weight": {
        "mean": 0,
        "var": 0
    },
    "beats_loudness_band_ratio": {
        "mean": [0.862501442432, 0.62075304985, 0.0215641818941, 0.00353566906415, 0.000590756069869, 0.00150225171819],
        "var": [0.00279179424979, 1.1127189282e-05, 0.000457503832877, 1.06896868601e-05, 2.97729627619e-08, 1.18218349598e-06]
    },
    "beats_position": [0.684988677502, 1.369977355],
    "bpm_estimates": [87.5926895142],
    "bpm_intervals": [0.684988677502],
    "onset_times": [0.0116099771112],
    "histogram": [[0, 0, 0, 0, 0, 0, 0, 0, 0, 0, 0, 0, 0, 0, 0, 0, 0, 0, 0, 0, 0, 0, 0, 0, 0, 0, 0, 0, 0, 0, 0, 0, 0, 0, 0, 0, 0, 0, 0, 0, 0, 0, 0, 0, 0, 0, 0, 0, 0, 0, 0, 0, 0, 0, 0, 0, 0, 0, 0, 0, 0, 0, 0, 0, 0, 0, 0, 0, 0, 0, 0, 0, 0, 0, 0, 0, 0, 0, 0, 0, 0, 0, 0, 0, 0, 0, 0, 0, 1, 0, 0, 0, 0, 0, 0, 0, 0, 0, 0, 0, 0, 0, 0, 0, 0, 0, 0, 0, 0, 0, 0, 0, 0, 0, 0, 0, 0, 0, 0, 0, 0, 0, 0, 0, 0, 0, 0, 0, 0, 0, 0, 0, 0, 0, 0, 0, 0, 0, 0, 0, 0, 0, 0, 0, 0, 0, 0, 0, 0, 0, 0, 0, 0, 0, 0, 0, 0, 0, 0, 0, 0, 0, 0, 0, 0, 0, 0, 0, 0, 0, 0, 0, 0, 0, 0, 0, 0, 0, 0, 0, 0, 0, 0, 0, 0, 0, 0, 0, 0, 0, 0, 0, 0, 0, 0, 0, 0, 0, 0, 0, 0, 0, 0, 0, 0, 0, 0, 0, 0, 0, 0, 0, 0, 0, 0, 0, 0, 0, 0, 0, 0, 0, 0, 0, 0, 0, 0, 0, 0, 0, 0, 0, 0, 0, 0, 0, 0, 0, 0, 0, 0, 0, 0, 0, 0, 0, 0, 0, 0, 0]]
},
"sfx": {
    "inharmonicity": {
        "mean": 0.0142295183614,
        "var": 0.00226270291023
    },
    "oddtoevenharmonicenergyratio": {
        "mean": 0.090966001153,
        "var": 0.0763451382518
    },
    "pitch_after_max_to_before_max_energy_ratio": 8.01861858368,
    "pitch_centroid": 25.4096832275,
    "pitch_max_to_total": 0.0487804859877,
    "pitch_min_to_total": 0.0121951214969,
    "tristimulus": {
        "mean": [0.779433071613, 0.0798747614026, 0.140692204237],
        "var": [0.074830122292, 0.0171047598124, 0.039158526808]
    }
},
"tonal": {
    "chords_changes_rate": 0.047619048506,
    "chords_number_rate": 0.0714285746217,
    "chords_strength": {
        "mean": 0.425577789545,
        "var": 0.00117341172881
    },
    "key_strength": 0.579837322235,
    "tuning_diatonic_strength": 0.484553426504,
    "tuning_equal_tempered_deviation": 0.16278886795,
    "tuning_frequency": 432.940917969,
    "tuning_nontempered_energy_ratio": 0.812809407711,