{
"metadata": {
    "version": {
        "essentia": "2.1-dev"
    }
},
"lowLevel": {
    "barkbands_kurtosis": {
        "mean": -0.8111333251,
        "var": 1.61895680428
    },
    "dissonance": {
        "mean": 0.478877305984,
        "var": 0.00024197390303
    },
    "hfc": {
        "mean": 220.645431519,
        "var": 7060.21679688
    },
    "spectral_centroid": {
        "mean": 2711.73632812,
        "var": 885754.3125
    },
    "spectral_complexity": {
        "mean": 53.125,
        "var": 47.609375
    },
    "spectral_crest": {
        "mean": 6.40763187408,
        "var": 4.631752491
    },
    "spectral_energyband_high": {
        "mean": 0.0219056047499,
        "var": 8.42999070301e-05
    },
    "spectral_energyband_low": {
        "mean": 0.000281388463918,
        "var": 2.29640932048e-07
    },
    "spectral_kurtosis": {
        "mean": -0.585106194019,
        "var": 0.452610522509
    },
    "spectral_rolloff": {
        "mean": 5464.05029297,
        "var": 2559942
    },
    "spectral_strongpeak": {
        "mean": 1.54252409935,
        "var": 0.356444180012
    },
    "mfcc": {
        "mean": [-502.386535645, 24.1149368286, -14.3718910217, 2.71242332458, -25.6689090729, -22.4261283875, -14.6757879257, -19.6377849579, -20.2114105225, -14.873093605, -21.5096702576, -11.1924743652, -20.7399654388],
        "var": [2141.52587891, 977.97644043, 93.2047958374, 84.4627456665, 92.928062439, 16.0452079773, 85.4844512939, 88.9053726196, 39.8961029053, 24.4733657837, 39.2871742249, 12.9894237518, 19.4290542603]
    },
    "sccoeffs": {
        "mean": [-0.371151179075, -0.71850335598, -0.774148583412, -0.783353388309, -0.774436950684, -0.757616221905],
        "var": [0.0100761270151, 0.00459650577977, 0.00197985838167, 0.00231951731257, 0.000291598698823, 0.00041740317829]
    }
},
"sfx": {
    "inharmonicity": {
        "mean": 0.0530897714198,
        "var": 0.00389490928501
    }
}
}