{"lowlevel.dissonance.mean": [0.15495336055755615], "sfx.inharmonicity.mean": [0.3684055805206299], "lowlevel.spectral_contrast.mean": [[0.7073747515678406, 0.8115332126617432, 0.8088052272796631, 0.6152868270874023, 0.3949904441833496, 0.22427821159362793]], "lowlevel.spectral_centroid.mean": [0.3244151473045349], "lowlevel.mfcc.mean": [[0.2804173231124878, 0.6572993993759155, 0.6637484431266785, 0.18039320409297943, 0.221638023853302, 0.3395942747592926, 0.5278657078742981, 0.6608334183692932, 0.7844609022140503, 0.7271776795387268, 0.6065616011619568, 0.4366793632507324, 0.4047854244709015]], "sfx.logattacktime.mean": [0.2636168301105499], "lowlevel.hfc.mean": [0.46528980135917664]}