{
"metadata": {
    "version": {
        "essentia": "2.1-dev"
    }
},
"lowLevel": {
    "average_loudness": 0.99068403244,
    "barkbands_kurtosis": {
        "mean": 6.44136285782,
        "var": 216.498245239
    },
    "barkbands_skewness": {
        "mean": 1.24222135544,
        "var": 5.23519706726
    },
    "barkbands_spread": {
        "mean": 8.33583831787,
        "var": 20.2629699707
    },
    "dissonance": {
        "mean": 0.326101958752,
        "var": 0.00379309919663
    },
    "hfc": {
        "mean": 0.453359544277,
        "var": 1.52775216103
    },
    "pitch": {
        "mean": 276.56338501,
        "var": 51503.7851562
    },
    "pitch_instantaneous_confidence": {
        "mean": 0.606628835201,
        "var": 0.0106162298471
    },
    "pitch_salience": {
        "mean": 0.341819226742,
        "var": 0.013997528702
    },
    "silence_rate_20dB": {
        "mean": 1,
        "var": 0
    },
    "silence_rate_30dB": {
        "mean": 1,
        "var": 0
    },
    "silence_rate_60dB": {
        "mean": 0.935064911842,
        "var": 0.0607185997069
    },
    "spectral_centroid": {
        "mean": 289.485656738,
        "var": 45030.6445312
    },
    "spectral_complexity": {
        "mean": 1.22077918053,
        "var": 3.36683750153
    },
    "spectral_crest": {
        "mean": 17.1140384674,
        "var": 28.6451053619
    },
    "spectral_decrease": {
        "mean": -2.04555913874e-10,
        "var": 2.12712932487e-19
    },
    "spectral_energy": {
        "mean": 0.000813161313999,
        "var": 3.43166107086e-06
    },
    "spectral_energyband_high": {
        "mean": 5.62817525918e-09,
        "var": 1.75056391853e-16
    },
    "spectral_energyband_low": {
        "mean": 3.93481386709e-05,
        "var": 9.14937570151e-10
    },
    "spectral_energyband_middle_high": {
        "mean": 5.22807167727e-05,
        "var": 1.28357662277e-08
    },
    "spectral_energyband_middle_low": {
        "mean": 0.000653221912216,
        "var": 3.13514510708e-06
    },
    "spectral_flatness_db": {
        "mean": 0.389556527138,
        "var": 0.00295723415911
    },
    "spectral_flux": {
        "mean": 0.0107303103432,
        "var": 0.000101128716778
    },
    "spectral_kurtosis": {
        "mean": 90.3249359131,
        "var": 3241.07250977
    },
    "spectral_rms": {
        "mean": 0.000633647781797,
        "var": 3.91818701928e-07
    },
    "spectral_rolloff": {
        "mean": 510.92388916,
        "var": 86480.71875
    },
    "spectral_skewness": {
        "mean": 8.01258659363,
        "var": 5.12416791916
    },
    "spectral_spread": {
        "mean": 3642575.5,
        "var": 9.25938116198e+12
    },
    "spectral_strongpeak": {
        "mean": 0.217076271772,
        "var": 0.236530721188
    },
    "zerocrossingrate": {
        "mean": 0.017413251102,
        "var": 9.3531969469e-05
    },
    "barkbands": {
        "mean": [0.000111357141577, 3.38689892487e-06, 2.28054641838e-08, 4.38873621533e-06, 0.000113149268145, 1.03883176052e-05, 3.43456417795e-06, 4.26070510002e-05, 0.000438104238128, 5.19297973369e-05, 2.72477172985e-05, 2.31650304272e-07, 2.25858434533e-06, 2.43809222411e-06, 1.40255360748e-06, 5.58844817533e-07, 1.91668462435e-07, 1.75661760693e-08, 3.94586798791e-08, 3.45711037575e-09, 2.10549866431e-09, 6.42054354127e-10, 3.40598743653e-10, 2.7605678854e-10, 3.17851661658e-10, 3.51516399322e-10, 2.11229339575e-10],
        "var": [1.00571160289e-08, 7.87516146045e-12, 6.68359182086e-15, 7.14029876892e-11, 8.17243375195e-08, 1.92590859927e-10, 3.13691017606e-11, 5.84546411275e-09, 1.62014202942e-06, 3.66646197847e-08, 3.07912118025e-09, 4.98970276989e-13, 2.59218844306e-11, 5.14797163231e-11, 9.53127247266e-12, 1.5046880842e-12, 2.22263722184e-13, 2.16986462977e-15, 2.12265965303e-14, 1.44844036879e-16, 4.34811558717e-17, 2.60891255595e-18, 4.27153483383e-19, 1.61396327495e-19, 2.45083585935e-19, 3.33528296119e-19, 3.68381234574e-20]
    },
    "mfcc": {
        "mean": [-1000.49981689, 137.939849854, 33.1437149048, -22.2792472839, -22.1216964722, -8.75150108337, 1.45594286919, 9.88121318817, 13.7510604858, 11.0106773376, 4.12632274628, -1.95309710503, -3.59754371643],
        "var": [3725.46826172, 2063.90893555, 280.539886475, 428.993774414, 84.5982513428, 52.9940757751, 122.459793091, 22.2833538055, 47.5091285706, 19.0240001678, 118.512290955, 265.335754395, 166.971710205]
    },
    "sccoeffs": {
        "mean": [-0.54258030653, -0.599906265736, -0.663092315197, -0.759746968746, -0.852925300598, -0.897857785225],
        "var": [0.00848596543074, 0.00529893301427, 0.00495619885623, 0.00276592303999, 0.00381807959639, 0.000317244994221]
    },
    "scvalleys": {
        "mean": [-9.58937454224, -9.84173107147, -9.91238689423, -11.3190250397, -12.9415683746, -14.2628364563],
        "var": [0.286362856627, 1.40272271633, 1.66760528088, 1.1821668148, 0.477010369301, 0.220206946135]
    }
},
"rhythm": {
    "beats_loudness": {
        "mean": 0.000312320160447,
        "var": 1.78683848162e-07
    },
    "bpm": 166.70866394,
    "confidence": 0,
    "first_peak_bpm": {
        "mean": 167,
        "var": 0
    },
    "first_peak_spread": {
        "mean": 0,
        "var": 0
    },
    "first_peak_weight": {
        "mean": 1,
        "var": 0
    },
    "onset_rate": 1.7112480402,
    "second_peak_bpm": {
        "mean": 0,
        "var": 0
    },
    "second_peak_spread": {
        "mean": 0,
        "var": 0
    },
    "second_peak_weight": {
        "mean": 0,
        "var": 0
    },
    "beats_loudness_band_ratio": {
        "mean": [0.469436705112, 0.0910269171, 0.44226154685, 0.0459830909967, 0.00179450772703, 4.43846511189e-05],
        "var": [0.0317503847182, 0.00162854266819, 0.0293686874211, 0.00127296941355, 5.92430751567e-06, 1.46756296004e-09]
    },
    "beats_position": [0.359909296036, 0.719818592072, 1.07972788811, 1.43963718414],
    "bpm_estimates": [166.70866394, 166.70866394, 166.70866394],
    "bpm_intervals": [0.359909296036, 0.359909296036, 0.359909296036],
    "onset_times": [0.0116099771112, 1.46285712719, 1.75310659409],
    "histogram": [[0, 0, 0, 0, 0, 0, 0, 0, 0, 0, 0, 0, 0, 0, 0, 0, 0, 0, 0, 0, 0, 0, 0, 0, 0, 0, 0, 0, 0, 0, 0, 0, 0, 0, 0, 0, 0, 0, 0, 0, 0, 0, 0, 0, 0, 0, 0, 0, 0, 0, 0, 0, 0, 0, 0, 0, 0, 0, 0, 0, 0, 0, 0, 0, 0, 0, 0, 0, 0, 0, 0, 0, 0, 0, 0, 0, 0, 0, 0, 0, 0, 0, 0, 0, 0, 0, 0, 0, 0, 0, 0, 0, 0, 0, 0, 0, 0, 0, 0, 0, 0, 0, 0, 0, 0, 0, 0, 0, 0, 0, 0, 0, 0, 0, 0, 0, 0, 0, 0, 0, 0, 0, 0, 0, 0, 0, 0, 0, 0, 0, 0, 0, 0, 0, 0, 0, 0, 0, 0, 0, 0, 0, 0, 0, 0, 0, 0, 0, 0, 0, 0, 0, 0, 0, 0, 0, 0, 0, 0, 0, 0, 0, 0, 0, 0, 0, 0, 1, 0, 0, 0, 0, 0, 0, 0, 0, 0, 0, 0, 0, 0, 0, 0, 0, 0, 0, 0, 0, 0, 0, 0, 0, 0, 0, 0, 0, 0, 0, 0, 0, 0, 0, 0, 0, 0, 0, 0, 0, 0, 0, 0, 0, 0, 0, 0, 0, 0, 0, 0, 0, 0, 0, 0, 0, 0, 0, 0, 0, 0, 0, 0, 0, 0, 0, 0, 0, 0, 0, 0, 0, 0, 0, 0, 0, 0, 0, 0, 0, 0, 0]]
},
"sfx": {
    "inharmonicity": {
        "mean": 0.0979476571083,
        "var": 0.0139519553632
    },
    "oddtoevenharmonicenergyratio": {
        "mean": 4.09302425385,
        "var": 723.574829102
    },
    "pitch_after_max_to_before_max_energy_ratio": 15.7929315567,
    "pitch_centroid": 32.0180740356,
    "pitch_max_to_total": 0.0259740259498,
    "pitch_min_to_total": 0,
    "tristimulus": {
        "mean": [0.243712633848, 0.316776454449, 0.439510941505],
        "var": [0.12642967701, 0.0626512467861, 0.134198397398]
    }
},
"tonal": {
    "chords_changes_rate": 0.0512820519507,
    "chords_number_rate": 0.0769230797887,
    "chords_strength": {
        "mean": 0.398064285517,
        "var": 0.000158400973305
    },
    "key_strength": 0.359816014767,
    "tuning_diatonic_strength": 0.306331753731,
    "tuning_equal_tempered_deviation": 0.261523574591,
    "tuning_frequency": 445.369720459,
    "tuning_nontempered_energy_ratio": 0.973745584488,