{"lowlevel.dissonance.mean": [0.3641396760940552], "sfx.inharmonicity.mean": [0.46201005578041077], "lowlevel.spectral_contrast.mean": [[0.33645713329315186, 0.6032701730728149, 0.334916353225708, 0.2750589847564697, 0.35274815559387207, 0.2650175094604492]], "lowlevel.spectral_centroid.mean": [0.35084211826324463], "lowlevel.mfcc.mean": [[0.2250378131866455, 0.46901407837867737, 0.648993194103241, 0.5058422684669495, 0.6319822072982788, 0.5691127181053162, 0.47095611691474915, 0.42003950476646423, 0.40320903062820435, 0.2643126845359802, 0.3060477674007416, 0.40305909514427185, 0.5017467141151428]], "sfx.logattacktime.mean": [0.134259432554245], "lowlevel.hfc.mean": [0.4652591943740845]}