{
"metadata": {
    "version": {
        "essentia": "2.1-dev"
    }
},
"lowLevel": {
    "average_loudness": 0.99068403244,
    "barkbands_kurtosis": {
        "mean": 40.8993530273,
        "var": 1277.25170898
    },
    "barkbands_skewness": {
        "mean": 4.10505962372,
        "var": 7.12042188644
    },
    "barkbands_spread": {
        "mean": 3.78944730759,
        "var": 3.8075067997
    },
    "dissonance": {
        "mean": 0.391782343388,
        "var": 0.00160820991732
    },
    "hfc": {
        "mean": 0.386101275682,
        "var": 1.03519749641
    },
    "pitch": {
        "mean": 201.820846558,
        "var": 14238.1269531
    },
    "pitch_instantaneous_confidence": {
        "mean": 0.520477354527,
        "var": 0.0261550284922
    },
    "pitch_salience": {
        "mean": 0.507563769817,
        "var": 0.0108256135136
    },
    "silence_rate_20dB": {
        "mean": 1,
        "var": 0
    },
    "silence_rate_30dB": {
        "mean": 1,
        "var": 0
    },
    "silence_rate_60dB": {
        "mean": 0.857142865658,
        "var": 0.122448973358
    },
    "spectral_centroid": {
        "mean": 263.922180176,
        "var": 20742.2402344
    },
    "spectral_complexity": {
        "mean": 0.857142865658,
        "var": 2.55102086067
    },
    "spectral_crest": {
        "mean": 13.9895677567,
        "var": 13.7876195908
    },
    "spectral_decrease": {
        "mean": -1.79010056778e-10,
        "var": 1.68327945932e-19
    },
    "spectral_energy": {
        "mean": 0.000710647378583,
        "var": 2.68383405455e-06
    },
    "spectral_energyband_high": {
        "mean": 1.46073102769e-06,
        "var": 2.24855238595e-11
    },
    "spectral_energyband_low": {
        "mean": 1.10584660433e-05,
        "var": 4.30501106985e-10
    },
    "spectral_energyband_middle_high": {
        "mean": 0.000137174865813,
        "var": 1.93293658413e-07
    },
    "spectral_energyband_middle_low": {
        "mean": 0.000570986536331,
        "var": 1.57731426498e-06
    },
    "spectral_flatness_db": {
        "mean": 0.26169937849,
        "var": 0.0014315348817
    },
    "spectral_flux": {
        "mean": 0.0138973817229,
        "var": 0.000532921461854
    },
    "spectral_kurtosis": {
        "mean": 10.3278226852,
        "var": 113.361000061
    },
    "spectral_rms": {
        "mean": 0.000427845487138,
        "var": 5.10262680109e-07
    },
    "spectral_rolloff": {
        "mean": 329.150390625,
        "var": 51430.4960938
    },
    "spectral_skewness": {
        "mean": 2.90435481071,
        "var": 1.64917051792
    },
    "spectral_spread": {
        "mean": 20164068,
        "var": 1.5771041058e+14
    },
    "spectral_strongpeak": {
        "mean": 0.0917946919799,
        "var": 0.0299739148468
    },
    "zerocrossingrate": {
        "mean": 0.0197056364268,
        "var": 5.40395194548e-05
    },
    "barkbands": {
        "mean": [1.27820021589e-06, 2.3974364467e-06, 5.62954664929e-06, 3.53628684024e-06, 0.000168947532075, 0.00029447930865, 8.95916582522e-06, 3.91456205762e-06, 7.30434403522e-05, 3.66597741959e-05, 4.89646663482e-05, 1.68991227838e-05, 2.23621882469e-05, 6.43078101348e-06, 8.47517003422e-06, 4.52278482044e-06, 1.94523408936e-06, 5.08436244218e-07, 1.46961497194e-07, 1.38762501933e-07, 3.00745085724e-07, 2.0135111356e-07, 1.78943196261e-07, 1.91081852563e-07, 1.64408604064e-07, 2.75501037095e-07, 9.28314634052e-08],
        "var": [6.57865342063e-12, 7.2582074899e-12, 1.44721692963e-10, 6.96959781554e-11, 1.49979996422e-07, 3.5907416418e-07, 4.46267522936e-10, 8.08137931574e-11, 6.32174774751e-08, 1.29803927607e-08, 2.72605635843e-08, 2.73781486371e-09, 5.50952306e-09, 4.47396342196e-10, 7.98717147976e-10, 1.61826441136e-10, 2.91061341695e-11, 1.52984038198e-12, 1.71053817812e-13, 2.05150864829e-13, 9.79053860553e-13, 3.96521357415e-13, 3.38765175851e-13, 3.55027801862e-13, 2.95328242113e-13, 8.27985195597e-13, 1.01653386229e-13]
    },
    "mfcc": {
        "mean": [-1032.81152344, 86.6193618774, 30.2548179626, 12.3560771942, 12.5160055161, 7.46055936813, -1.70965766907, -3.02950286865, -4.9377655983, -9.81750011444, -8.3928194046, -3.14113950729, 0.032858710736],
        "var": [13527.0107422, 3878.78588867, 483.825897217, 498.024169922, 94.2280883789, 51.5780982971, 128.248565674, 68.2329177856, 66.911315918, 144.002151489, 106.298530579, 34.1152267456, 31.8683738708]
    },
    "sccoeffs": {
        "mean": [-0.761880993843, -0.699380338192, -0.861638426781, -0.881979286671, -0.867695271969, -0.892889618874],
        "var": [0.00353428209201, 0.00822539720684, 0.00195479393005, 0.00121079478413, 0.00240827235393, 0.000332697905833]
    },
    "scvalleys": {
        "mean": [-9.01776599884, -10.6013288498, -10.7506999969, -11.6142339706, -13.0460767746, -13.5911607742],
        "var": [2.18681311607, 5.02740716934, 6.24055051804, 6.14118814468, 3.73246121407, 3.09182143211]
    }
},
"rhythm": {
    "bpm": 0,
    "confidence": 0,
    "first_peak_bpm": {
        "mean": 0,
        "var": 0
    },
    "first_peak_spread": {
        "mean": 0,
        "var": 0
    },
    "first_peak_weight": {
        "mean": 0,
        "var": 0
    },
    "onset_rate": 3.45394730568,
    "second_peak_bpm": {
        "mean": 0,
        "var": 0
    },
    "second_peak_spread": {
        "mean": 0,
        "var": 0
    },
    "second_peak_weight": {
        "mean": 0,
        "var": 0
    },
    "beats_position": [],
    "bpm_estimates": [],
    "bpm_intervals": [],
    "onset_times": [0.0116099771112],
    "histogram": [[0, 0, 0, 0, 0, 0, 0, 0, 0, 0, 0, 0, 0, 0, 0, 0, 0, 0, 0, 0, 0, 0, 0, 0, 0, 0, 0, 0, 0, 0, 0, 0, 0, 0, 0, 0, 0, 0, 0, 0, 0, 0, 0, 0, 0, 0, 0, 0, 0, 0, 0, 0, 0, 0, 0, 0, 0, 0, 0, 0, 0, 0, 0, 0, 0, 0, 0, 0, 0, 0, 0, 0, 0, 0, 0, 0, 0, 0, 0, 0, 0, 0, 0, 0, 0, 0, 0, 0, 0, 0, 0, 0, 0, 0, 0, 0, 0, 0, 0, 0, 0, 0, 0, 0, 0, 0, 0, 0, 0, 0, 0, 0, 0, 0, 0, 0, 0, 0, 0, 0, 0, 0, 0, 0, 0, 0, 0, 0, 0, 0, 0, 0, 0, 0, 0, 0, 0, 0, 0, 0, 0, 0, 0, 0, 0, 0, 0, 0, 0, 0, 0, 0, 0, 0, 0, 0, 0, 0, 0, 0, 0, 0, 0, 0, 0, 0, 0, 0, 0, 0, 0, 0, 0, 0, 0, 0, 0, 0, 0, 0, 0, 0, 0, 0, 0, 0, 0, 0, 0, 0, 0, 0, 0, 0, 0, 0, 0, 0, 0, 0, 0, 0, 0, 0, 0, 0, 0, 0, 0, 0, 0, 0, 0, 0, 0, 0, 0, 0, 0, 0, 0, 0, 0, 0, 0, 0, 0, 0, 0, 0, 0, 0, 0, 0, 0, 0, 0, 0, 0, 0, 0, 0, 0, 0, 0, 0, 0, 0, 0, 0]]
},
"sfx": {
    "inharmonicity": {
        "mean": 0.0534200258553,
        "var": 0.00736985122785
    },
    "oddtoevenharmonicenergyratio": {
        "mean": 0.523529946804,
        "var": 1.07639038563
    },
    "pitch_after_max_to_before_max_energy_ratio": 2.46402955055,
    "pitch_centroid": 4.85148143768,
    "pitch_max_to_total": 0.142857149243,
    "pitch_min_to_total": 0.714285731316,
    "tristimulus": {
        "mean": [0.490721613169, 0.326604664326, 0.182673692703],
        "var": [0.0854978486896, 0.0509039089084, 0.0551116466522]
    }
},
"tonal": {
    "chords_changes_rate": 0,
    "chords_number_rate": 0.125,
    "chords_strength": {
        "mean": 0.435602009296,
        "var": 8.881784197e-16
    },
    "key_strength": 0.590795040131,
    "tuning_diatonic_strength": 0.435762584209,
    "tuning_equal_tempered_deviation": 0.24483756721,
    "tuning_frequency": 456.04309082,
    "tuning_nontempered_energy_ratio": 0.820699334145,
    "hpcp": {
        "mean": [0.00487581966445, 0.00282575422898, 0.00927627552301, 0.0265785958618, 0.0386098064482, 0.170239150524, 0.278262764215, 0.133287250996, 0.00598267372698, 0.00443198252469, 0.00834381021559, 0.00574843492359, 0.00493203755468, 0.0154733369127, 0.0310111641884, 0.0235418882221, 0.00928219873458, 0.00846851989627, 0.00381954945624, 0.00368269719183, 0.192348435521, 0.601982355118, 0.71538746357, 0.388843357563, 0.0877447426319, 0.00294585712254, 0.00287815765478, 0.00300341681577, 0.00338783487678, 0.00916146859527, 0.0398198291659, 0.0701024383307, 0.0446435213089, 0.0106952898204, 0.00525248702615, 0.00484682479873],