{
"metadata": {
    "version": {
        "essentia": "2.1-dev"
    }
},
"lowLevel": {
    "barkbands_kurtosis": {
        "mean": 4.65374851227,
        "var": 60.8787651062
    },
    "dissonance": {
        "mean": 0.365895271301,
        "var": 0.00985347013921
    },
    "hfc": {
        "mean": 29.810136795,
        "var": 118.083625793
    },
    "spectral_centroid": {
        "mean": 1317.98364258,
        "var": 10234.8857422
    },
    "spectral_complexity": {
        "mean": 2.52238798141,
        "var": 0.249499574304
    },
    "spectral_crest": {
        "mean": 22.3741359711,
        "var": 5.47364473343
    },
    "spectral_energyband_high": {
        "mean": 2.08081860364e-06,
        "var": 1.36393099506e-12
    },
    "spectral_energyband_low": {
        "mean": 1.19669238074e-07,
        "var": 1.05690348644e-14
    },
    "spectral_kurtosis": {
        "mean": 24.8449401855,
        "var": 36.7230453491
    },
    "spectral_rolloff": {
        "mean": 1726.08178711,
        "var": 299576.09375
    },
    "spectral_strongpeak": {
        "mean": 5.15252113342,
        "var": 1.93048214912
    },
    "mfcc": {
        "mean": [-944.149047852, 27.353302002, -125.333686829, -40.9982223511, 4.59405755997, 16.9218616486, 30.3139572144, 40.4183387756, -3.29625272751, -41.2577285767, -41.9717979431, 22.6969165802, 76.6337432861],
        "var": [237.788574219, 70.475227356, 105.178359985, 63.6813430786, 65.5571365356, 56.4199752808, 39.5661087036, 36.8264274597, 38.1013526917, 37.5416488647, 32.1346855164, 68.3378753662, 41.9917297363]
    },
    "sccoeffs": {
        "mean": [-0.780359268188, -0.874561667442, -0.285162985325, -0.795994460583, -0.548915207386, -0.861797094345],
        "var": [0.00277470308356, 0.000728623999748, 0.000532543519512, 0.00131382688414, 0.00364751368761, 9.9221651908e-05]
    }
},
"sfx": {
    "inharmonicity": {
        "mean": 0.000126241167891,
        "var": 2.12226805019e-08
    }
}
}