{
"metadata": {
    "version": {
        "essentia": "2.1-dev"
    }
},
"lowLevel": {
    "average_loudness": 0.980800390244,
    "barkbands_kurtosis": {
        "mean": 6.55873775482,
        "var": 479.372436523
    },
    "barkbands_skewness": {
        "mean": 1.94497013092,
        "var": 1.78423786163
    },
    "barkbands_spread": {
        "mean": 7.76465082169,
        "var": 207.031463623
    },
    "dissonance": {
        "mean": 0.380379289389,
        "var": 0.0103392731398
    },
    "hfc": {
        "mean": 23.7473278046,
        "var": 231.708602905
    },
    "pitch": {
        "mean": 1046.61828613,
        "var": 90833.3046875
    },
    "pitch_instantaneous_confidence": {
        "mean": 0.89906668663,
        "var": 0.0597314052284
    },
    "pitch_salience": {
        "mean": 0.385728538036,
        "var": 0.0128094768152
    },
    "silence_rate_20dB": {
        "mean": 1,
        "var": 0
    },
    "silence_rate_30dB": {
        "mean": 1,
        "var": 0
    },
    "silence_rate_60dB": {
        "mean": 0.184313729405,
        "var": 0.15034237504
    },
    "spectral_centroid": {
        "mean": 1290.2322998,
        "var": 89852.4375
    },
    "spectral_complexity": {
        "mean": 2.07450985909,
        "var": 1.06503856182
    },
    "spectral_crest": {
        "mean": 20.8965854645,
        "var": 24.1436901093
    },
    "spectral_decrease": {
        "mean": -4.14191747566e-09,
        "var": 6.18064556052e-18
    },
    "spectral_energy": {
        "mean": 0.0177864786237,
        "var": 0.000115512943012
    },
    "spectral_energyband_high": {
        "mean": 1.6890861616e-06,
        "var": 1.67547356197e-12
    },
    "spectral_energyband_low": {
        "mean": 1.27305213482e-07,
        "var": 1.21167817465e-14
    },
    "spectral_energyband_middle_high": {
        "mean": 0.0177843309939,
        "var": 0.000115493101475
    },
    "spectral_energyband_middle_low": {
        "mean": 3.03636710441e-07,
        "var": 9.24883000047e-14
    },
    "spectral_flatness_db": {
        "mean": 0.521367371082,
        "var": 0.0319302305579
    },
    "spectral_flux": {
        "mean": 0.00894542038441,
        "var": 5.11735852342e-05
    },
    "spectral_kurtosis": {
        "mean": 20.9882793427,
        "var": 91.3919219971
    },
    "spectral_rms": {
        "mean": 0.00372198037803,
        "var": 3.49954098056e-06
    },
    "spectral_rolloff": {
        "mean": 1777.5423584,
        "var": 527959.3125
    },
    "spectral_skewness": {
        "mean": 3.86981940269,
        "var": 0.94432836771
    },
    "spectral_spread": {
        "mean": 4786601.5,
        "var": 2.75103476613e+13
    },
    "spectral_strongpeak": {
        "mean": 4.18487596512,
        "var": 5.33587837219
    },
    "zerocrossingrate": {
        "mean": 0.0549919568002,
        "var": 0.000244218244916
    },
    "barkbands": {
        "mean": [2.02958915452e-07, 3.6228048117e-08, 2.24228702272e-09, 1.89898741176e-09, 6.58265175701e-09, 4.18903702837e-08, 1.95091072186e-08, 3.47270514567e-08, 7.74607187282e-08, 1.72125737663e-07, 2.01540979106e-06, 0.0144793502986, 1.63549017884e-07, 2.61975316107e-07, 6.58855469737e-07, 0.00323064997792, 1.41235102546e-06, 2.42912705062e-07, 6.93771798979e-05, 2.28662770496e-07, 7.25883239738e-07, 2.94263003298e-07, 2.26171721351e-07, 1.92386366393e-07, 9.2195598711e-08, 2.7839666572e-08, 4.05525890645e-10],
        "var": [5.53352021593e-14, 1.17842675281e-15, 1.07882574666e-17, 6.85426141584e-17, 3.80888508235e-16, 2.6913224643e-15, 1.26339336891e-15, 1.27544040088e-15, 5.47775868176e-15, 3.49247879423e-14, 8.55932078686e-12, 6.9630186772e-05, 2.20643409142e-14, 4.53482229253e-14, 3.61116491527e-13, 9.69974189502e-06, 3.054989638e-12, 4.8901217819e-14, 1.0352756874e-08, 2.37595841845e-14, 7.24577353412e-13, 4.09224656115e-14, 2.48476979552e-14, 1.61669976858e-14, 3.16383937041e-15, 2.60322076751e-16, 5.06373759719e-19]
    },
    "mfcc": {
        "mean": [-974.773925781, 25.64909935, -103.921768188, -34.3742790222, 4.83664894104, 15.789806366, 26.4744529724, 34.3098144531, -2.03099608421, -33.6085777283, -33.7990913391, 20.2994041443, 65.0408554077],
        "var": [4254.234375, 89.8385391235, 2121.00317383, 281.456939697, 61.9359283447, 68.8289413452, 129.766189575, 206.651229858, 42.6091194153, 326.792541504, 348.510162354, 90.2611694336, 671.774475098]
    },
    "sccoeffs": {
        "mean": [-0.777066111565, -0.873417317867, -0.383126288652, -0.81226849556, -0.606458842754, -0.863860368729],
        "var": [0.00301011791453, 0.000859483145177, 0.0452958792448, 0.00216705049388, 0.0167433153838, 0.000201034796191]
    },
    "scvalleys": {
        "mean": [-11.246219635, -10.6268978119, -9.94193267822, -9.94153022766, -10.4039583206, -11.3412590027],
        "var": [0.270822703838, 0.450431644917, 0.751656234264, 0.715737044811, 0.876178383827, 1.11525607109]
    }
},
"rhythm": {
    "beats_loudness": {
        "mean": 0.0221366155893,
        "var": 0.000126801474835
    },
    "bpm": 172.265594482,
    "confidence": 1.14150369167,
    "first_peak_bpm": {
        "mean": 172,
        "var": 0
    },
    "first_peak_spread": {
        "mean": 0,
        "var": 0
    },
    "first_peak_weight": {
        "mean": 0.600000023842,
        "var": 0
    },
    "onset_rate": 1.19066905975,
    "second_peak_bpm": {
        "mean": 178,
        "var": 0
    },
    "second_peak_spread": {
        "mean": 0,
        "var": 0
    },
    "second_peak_weight": {
        "mean": 0.266666680574,
        "var": 0
    },
    "beats_loudness_band_ratio": {
        "mean": [0.0152395982295, 0.000810290046502, 0.000892107258551, 0.774062871933, 0.180840536952, 0.0291038136929],
        "var": [0.00338374311104, 6.28221778243e-06, 7.42617339711e-06, 0.0372657030821, 0.00781001057476, 0.00929418113083]
    },
    "beats_position": [0.394739210606, 0.719818592072, 1.05650794506, 1.40480720997, 1.75310659409, 2.10140585899, 2.4497051239, 2.79800438881, 3.14630389214, 3.49460315704, 3.84290242195, 4.20281171799, 4.55111122131, 4.88780021667, 5.22448968887, 5.56117916107],
    "bpm_estimates": [172.265655518, 172.265594482, 172.265655518, 172.265655518, 172.265655518, 172.265533447, 172.265655518, 172.265655518, 172.265533447],
    "bpm_intervals": [0.325079381466, 0.336689352989, 0.348299264908, 0.348299384117, 0.348299264908, 0.348299264908, 0.348299264908, 0.348299503326, 0.348299264908, 0.348299264908, 0.359909296036, 0.348299503326, 0.336688995361, 0.336689472198, 0.336689472198],
    "onset_times": [0.0232199542224, 0.394739240408, 2.07818603516, 2.49614500999, 4.65560102463, 5.14321994781, 5.72371864319],
    "histogram": [[0, 0, 0, 0, 0, 0, 0, 0, 0, 0, 0, 0, 0, 0, 0, 0, 0, 0, 0, 0, 0, 0, 0, 0, 0, 0, 0, 0, 0, 0, 0, 0, 0, 0, 0, 0, 0, 0, 0, 0, 0, 0, 0, 0, 0, 0, 0, 0, 0, 0, 0, 0, 0, 0, 0, 0, 0, 0, 0, 0, 0, 0, 0, 0, 0, 0, 0, 0, 0, 0, 0, 0, 0, 0, 0, 0, 0, 0, 0, 0, 0, 0, 0, 0, 0, 0, 0, 0, 0, 0, 0, 0, 0, 0, 0, 0, 0, 0, 0, 0, 0, 0, 0, 0, 0, 0, 0, 0, 0, 0, 0, 0, 0, 0, 0, 0, 0, 0, 0, 0, 0, 0, 0, 0, 0, 0, 0, 0, 0, 0, 0, 0, 0, 0, 0, 0, 0, 0, 0, 0, 0, 0, 0, 0, 0, 0, 0, 0, 0, 0, 0, 0, 0, 0, 0, 0, 0, 0, 0, 0, 0, 0, 0, 0, 0, 0, 0, 0.0666666701436, 0, 0, 0, 0, 0.600000023842, 0, 0, 0, 0, 0, 0.266666680574, 0, 0, 0, 0, 0, 0, 0.0666666701436, 0, 0, 0, 0, 0, 0, 0, 0, 0, 0, 0, 0, 0, 0, 0, 0, 0, 0, 0, 0, 0, 0, 0, 0, 0, 0, 0, 0, 0, 0, 0, 0, 0, 0, 0, 0, 0, 0, 0, 0, 0, 0, 0, 0, 0, 0, 0, 0, 0, 0, 0, 0, 0, 0, 0, 0, 0, 0, 0, 0, 0, 0, 0, 0]]
},
"sfx": {
    "inharmonicity": {
        "mean": 0.020164784044,
        "var": 0.0040351068601
    },
    "oddtoevenharmonicenergyratio": {
        "mean": 0.625629365444,
        "var": 15.2410154343
    },
    "pitch_after_max_to_before_max_energy_ratio": 0.0298210270703,
    "pitch_centroid": 131.865646362,
    "pitch_max_to_total": 0.996078431606,
    "pitch_min_to_total": 0.0509803928435,
    "tristimulus": {
        "mean": [0.612747251987, 0.321894854307, 0.0653580725193],