{"lowlevel.dissonance.mean": [0.13700056076049805], "sfx.inharmonicity.mean": [0.21278902888298035], "lowlevel.spectral_contrast.mean": [[0.8120076656341553, 0.9193135499954224, 1.0886250734329224, 0.8650374412536621, 0.7395155429840088, 0.47237110137939453]], "lowlevel.spectral_centroid.mean": [0.3472021818161011], "lowlevel.mfcc.mean": [[0.4904325008392334, 0.5591651201248169, 0.28491199016571045, 0.4975664019584656, 0.3802846670150757, 0.37552139163017273, 0.6134697794914246, 0.5093328952789307, 0.4187668263912201, 0.4732629656791687, 0.342853844165802, 0.32482343912124634, 0.3083042800426483]], "sfx.logattacktime.mean": [0.5336219072341919], "lowlevel.hfc.mean": [0.4760540723800659]}