{"lowlevel.dissonance.mean": [0.6098191738128662], "sfx.inharmonicity.mean": [0.5959378480911255], "lowlevel.spectral_contrast.mean": [[0.7387738823890686, 0.5325651168823242, 0.5489886999130249, 0.582521915435791, 0.913959264755249, 0.8473629951477051]], "lowlevel.spectral_centroid.mean": [0.4499202370643616], "lowlevel.mfcc.mean": [[0.5181710720062256, 0.3443297743797302, 0.4529982805252075, 0.7679985761642456, 0.3406603932380676, 0.347331166267395, 0.42891794443130493, 0.524114727973938, 0.23171862959861755, 0.6413619518280029, 0.8849877119064331, 0.4232805669307709, 0.37081870436668396]], "sfx.logattacktime.mean": [0.348873108625412], "lowlevel.hfc.mean": [0.5443392395973206]}