{
"metadata": {
    "version": {
        "essentia": "2.1-dev"
    }
},
"lowLevel": {
    "barkbands_kurtosis": {
        "mean": 0.930991470814,
        "var": 1.75426506996
    },
    "dissonance": {
        "mean": 0.487068414688,
        "var": 0.000157095579198
    },
    "hfc": {
        "mean": 661.965087891,
        "var": 154505.796875
    },
    "spectral_centroid": {
        "mean": 2666.15673828,
        "var": 639548.125
    },
    "spectral_complexity": {
        "mean": 46.7058830261,
        "var": 46.3252601624
    },
    "spectral_crest": {
        "mean": 7.29984140396,
        "var": 12.6723041534
    },
    "spectral_energyband_high": {
        "mean": 0.0419479347765,
        "var": 0.00103097828105
    },
    "spectral_energyband_low": {
        "mean": 5.7109973568e-05,
        "var": 1.23686849651e-09
    },
    "spectral_kurtosis": {
        "mean": 2.16433811188,
        "var": 1.79629385471
    },
    "spectral_rolloff": {
        "mean": 4221.77441406,
        "var": 1307327.25
    },
    "spectral_strongpeak": {
        "mean": 8.8900680542,
        "var": 92.2528762817
    },
    "mfcc": {
        "mean": [-489.191680908, 17.2883224487, -60.6964988708, 32.5426750183, -8.61176776886, -4.96286678314, -34.3949203491, -9.57792568207, -31.3069610596, -14.7764425278, -5.21593284607, -2.74305200577, -13.2678747177],
        "var": [3130.95092773, 1050.68933105, 127.632255554, 176.126037598, 34.0350723267, 62.842918396, 39.1149787903, 52.2263793945, 53.7986946106, 68.3280029297, 150.143615723, 42.299911499, 35.4573364258]
    },
    "sccoeffs": {
        "mean": [-0.328308135271, -0.652319431305, -0.70290184021, -0.66689735651, -0.621718883514, -0.633663833141],
        "var": [0.0137648340315, 0.00317708752118, 0.00444428669289, 0.004210177809, 0.0020410513971, 0.00281908479519]
    }
},
"sfx": {
    "inharmonicity": {
        "mean": 0.102535784245,
        "var": 0.0134830195457
    }
}
}