{"lowlevel.dissonance.mean": [0.25122904777526855], "sfx.inharmonicity.mean": [0.2578519582748413], "lowlevel.spectral_contrast.mean": [[0.35294270515441895, 0.3187021017074585, 0.28795933723449707, 0.25298428535461426, 0.2720451354980469, 0.2605159282684326]], "lowlevel.spectral_centroid.mean": [0.40966713428497314], "lowlevel.mfcc.mean": [[0.2218489646911621, 0.4547673761844635, 0.6595490574836731, 0.5655255317687988, 0.7046988010406494, 0.6708648204803467, 0.6159401535987854, 0.5556823015213013, 0.5317230224609375, 0.4705808758735657, 0.4204816520214081, 0.4345095753669739, 0.4903015196323395]], "sfx.logattacktime.mean": [0.4604131579399109], "lowlevel.hfc.mean": [0.4651682674884796]}