{
"metadata": {
    "version": {
        "essentia": "2.1-dev"
    }
},
"lowLevel": {
    "average_loudness": 0.99068403244,
    "barkbands_kurtosis": {
        "mean": 76.7227783203,
        "var": 6171.83251953
    },
    "barkbands_skewness": {
        "mean": 5.73330879211,
        "var": 20.462682724
    },
    "barkbands_spread": {
        "mean": 5.03343772888,
        "var": 33.1350860596
    },
    "dissonance": {
        "mean": 0.359170198441,
        "var": 0.0108685884625
    },
    "hfc": {
        "mean": 0.198111087084,
        "var": 0.227193832397
    },
    "pitch": {
        "mean": 352.060699463,
        "var": 850387.625
    },
    "pitch_instantaneous_confidence": {
        "mean": 0.456004619598,
        "var": 0.0249890461564
    },
    "pitch_salience": {
        "mean": 0.496683716774,
        "var": 0.0454583503306
    },
    "silence_rate_20dB": {
        "mean": 1,
        "var": 0
    },
    "silence_rate_30dB": {
        "mean": 1,
        "var": 0
    },
    "silence_rate_60dB": {
        "mean": 1,
        "var": 0
    },
    "spectral_centroid": {
        "mean": 808.170349121,
        "var": 6154336
    },
    "spectral_complexity": {
        "mean": 0.666666686535,
        "var": 1.88888883591
    },
    "spectral_crest": {
        "mean": 15.4759712219,
        "var": 23.5074958801
    },
    "spectral_decrease": {
        "mean": -1.51950063643e-10,
        "var": 1.39997320145e-19
    },
    "spectral_energy": {
        "mean": 0.00059146451531,
        "var": 2.09988638744e-06
    },
    "spectral_energyband_high": {
        "mean": 1.91930689653e-06,
        "var": 3.07016426171e-11
    },
    "spectral_energyband_low": {
        "mean": 0.000210804471863,
        "var": 6.58845351609e-07
    },
    "spectral_energyband_middle_high": {
        "mean": 5.78348335694e-05,
        "var": 3.88148393426e-08
    },
    "spectral_energyband_middle_low": {
        "mean": 0.000333891133778,
        "var": 5.17588716775e-07
    },
    "spectral_flatness_db": {
        "mean": 0.266030192375,
        "var": 0.00679721310735
    },
    "spectral_flux": {
        "mean": 0.0157534014434,
        "var": 0.000632994342595
    },
    "spectral_kurtosis": {
        "mean": 9.13851165771,
        "var": 110.050712585
    },
    "spectral_rms": {
        "mean": 0.000379670469556,
        "var": 4.32888896285e-07
    },
    "spectral_rolloff": {
        "mean": 1286.01074219,
        "var": 17995986
    },
    "spectral_skewness": {
        "mean": 2.63551616669,
        "var": 1.9248033762
    },
    "spectral_spread": {
        "mean": 22247386,
        "var": 1.89618980913e+14
    },
    "spectral_strongpeak": {
        "mean": 0.0349581986666,
        "var": 0.00567914824933
    },
    "zerocrossingrate": {
        "mean": 0.0120442705229,
        "var": 5.71939672227e-05
    },
    "barkbands": {
        "mean": [4.07585139328e-05, 8.78891733009e-05, 6.99807569617e-05, 5.88702059758e-05, 0.000172397529241, 5.26381190866e-05, 1.89446327568e-05, 1.81630384759e-05, 1.12370580609e-05, 1.21365574159e-05, 2.0276323994e-05, 5.59456202609e-06, 6.9566158345e-06, 5.48529442312e-06, 2.5954634566e-06, 3.45609964825e-06, 1.15159662073e-06, 4.61788545181e-07, 4.18476901132e-07, 3.93438341462e-07, 2.86100316771e-07, 2.64540716444e-07, 3.9473999891e-07, 2.29966872212e-07, 1.54012468556e-07, 2.4698150014e-07, 7.75817099452e-08],
        "var": [2.72955684721e-08, 1.18464463128e-07, 7.18544512779e-08, 4.37668177256e-08, 1.47430398556e-07, 1.42302560846e-08, 3.41411832139e-09, 3.14760040254e-09, 1.01385189133e-09, 1.529887661e-09, 6.08943828695e-09, 2.77518064085e-10, 6.80125677999e-10, 2.49234188843e-10, 6.46828007822e-11, 1.30415414579e-10, 1.02580392097e-11, 1.56090635209e-12, 1.24116732517e-12, 1.23194217414e-12, 7.45662104111e-13, 7.78916753146e-13, 1.2211295343e-12, 4.11290467829e-13, 2.17887434983e-13, 4.7984684802e-13, 5.20270811025e-14]
    },
    "mfcc": {
        "mean": [-1034.65380859, 82.7039413452, 32.1006011963, 18.8815383911, 18.5357513428, 14.7334547043, 6.99416351318, 4.26034355164, 1.1279283762, -0.460321843624, -3.4814145565, -2.04709672928, -0.259390413761],
        "var": [13690.359375, 3655.57641602, 425.953521729, 312.087585449, 94.4628067017, 80.3782806396, 129.774749756, 91.7765731812, 96.0474319458, 85.2608413696, 123.173545837, 50.8423271179, 16.0750961304]
    },
    "sccoeffs": {
        "mean": [-0.750771164894, -0.836039304733, -0.88274794817, -0.89482909441, -0.88836312294, -0.899423837662],
        "var": [0.00731943873689, 0.00482929311693, 0.00184834375978, 0.00144352077041, 0.00179296010174, 0.000868177739903]
    },
    "scvalleys": {
        "mean": [-8.99907493591, -10.3851709366, -10.8488340378, -11.6363668442, -12.816945076, -13.4009742737],
        "var": [3.62184476852, 6.1779294014, 5.66141700745, 5.94238376617, 4.24526834488, 2.74777054787]
    }
},
"rhythm": {
    "bpm": 0,
    "confidence": 0,
    "first_peak_bpm": {
        "mean": 0,
        "var": 0
    },
    "first_peak_spread": {
        "mean": 0,
        "var": 0
    },
    "first_peak_weight": {
        "mean": 0,
        "var": 0
    },
    "onset_rate": 5.38297224045,
    "second_peak_bpm": {
        "mean": 0,
        "var": 0
    },
    "second_peak_spread": {
        "mean": 0,
        "var": 0
    },
    "second_peak_weight": {
        "mean": 0,
        "var": 0
    },
    "beats_position": [],
    "bpm_estimates": [],
    "bpm_intervals": [],
    "onset_times": [0.0116099771112, 0.359909296036],
    "histogram": [[0, 0, 0, 0, 0, 0, 0, 0, 0, 0, 0, 0, 0, 0, 0, 0, 0, 0, 0, 0, 0, 0, 0, 0, 0, 0, 0, 0, 0, 0, 0, 0, 0, 0, 0, 0, 0, 0, 0, 0, 0, 0, 0, 0, 0, 0, 0, 0, 0, 0, 0, 0, 0, 0, 0, 0, 0, 0, 0, 0, 0, 0, 0, 0, 0, 0, 0, 0, 0, 0, 0, 0, 0, 0, 0, 0, 0, 0, 0, 0, 0, 0, 0, 0, 0, 0, 0, 0, 0, 0, 0, 0, 0, 0, 0, 0, 0, 0, 0, 0, 0, 0, 0, 0, 0, 0, 0, 0, 0, 0, 0, 0, 0, 0, 0, 0, 0, 0, 0, 0, 0, 0, 0, 0, 0, 0, 0, 0, 0, 0, 0, 0, 0, 0, 0, 0, 0, 0, 0, 0, 0, 0, 0, 0, 0, 0, 0, 0, 0, 0, 0, 0, 0, 0, 0, 0, 0, 0, 0, 0, 0, 0, 0, 0, 0, 0, 0, 0, 0, 0, 0, 0, 0, 0, 0, 0, 0, 0, 0, 0, 0, 0, 0, 0, 0, 0, 0, 0, 0, 0, 0, 0, 0, 0, 0, 0, 0, 0, 0, 0, 0, 0, 0, 0, 0, 0, 0, 0, 0, 0, 0, 0, 0, 0, 0, 0, 0, 0, 0, 0, 0, 0, 0, 0, 0, 0, 0, 0, 0, 0, 0, 0, 0, 0, 0, 0, 0, 0, 0, 0, 0, 0, 0, 0, 0, 0, 0, 0, 0, 0]]
},
"sfx": {
    "inharmonicity": {
        "mean": 0.0246574375778,
        "var": 0.00159275252372
    },
    "oddtoevenharmonicenergyratio": {
        "mean": 0.630195379257,
        "var": 1.38525354862
    },
    "pitch_after_max_to_before_max_energy_ratio": 0.979218542576,
    "pitch_centroid": 13.6073389053,
    "pitch_max_to_total": 0.944444417953,
    "pitch_min_to_total": 0.277777791023,
    "tristimulus": {
        "mean": [0.485681593418, 0.316107958555, 0.142654925585],
        "var": [0.112597107887, 0.0646899491549, 0.00907516106963]
    }
},
"tonal": {
    "chords_changes_rate": 0,
    "chords_number_rate": 0.10000000149,
    "chords_strength": {
        "mean": 0.511134207249,
        "var": 0
    },
    "key_strength": 0.584366202354,
    "tuning_diatonic_strength": 0.408483207226,
    "tuning_equal_tempered_deviation": 0.245676115155,
    "tuning_frequency": 440.763122559,
    "tuning_nontempered_energy_ratio": 0.839903235435,
    "hpcp": {
        "mean": [0.0814134180546, 0.0246841199696, 0.0357331782579, 0.0602928698063, 0.106398835778, 0.125696003437, 0.169676810503, 0.173372998834, 0.0809386447072, 0.026940414682, 0.0100737400353, 0.00584004726261, 0.00780571158975, 0.00599036086351, 0.00530477939174, 0.00879038125277, 0.024461125955, 0.0303629580885, 0.0201818160713, 0.0105122020468, 0.00462709274143, 0.0126741258428, 0.29100394249, 0.637361168861, 0.406081497669, 0.0535660982132, 0.00517509318888, 0.00152382138185, 0.00153466523625, 0.00373155577108, 0.00426051951945, 0.00393389211968, 0.00458067422733, 0.00914488825947, 0.0472798645496, 0.112113490701],