{"lowlevel.dissonance.mean": [0.6988909244537354], "sfx.inharmonicity.mean": [0.6266887784004211], "lowlevel.spectral_contrast.mean": [[0.9644722938537598, 0.6828892230987549, 0.767673134803772, 0.850776195526123, 0.9826903343200684, 1.0951135158538818]], "lowlevel.spectral_centroid.mean": [0.5438216328620911], "lowlevel.mfcc.mean": [[0.9108929634094238, 0.39803171157836914, 0.0078316330909729, 0.8042458295822144, 0.3013002574443817, 0.3604208827018738, -0.0989258885383606, 0.10434690117835999, -0.2141290307044983, 0.305157870054245, 0.7764345407485962, 0.7821207046508789, 0.37756699323654175]], "sfx.logattacktime.mean": [0.3815302848815918], "lowlevel.hfc.mean": [0.5287248492240906]}