{
"metadata": {
    "version": {
        "essentia": "2.1-dev"
    }
},
"lowLevel": {
    "average_loudness": 0.873671531677,
    "barkbands_kurtosis": {
        "mean": -0.14675834775,
        "var": 1.28089213371
    },
    "barkbands_skewness": {
        "mean": -0.570657968521,
        "var": 0.522884607315
    },
    "barkbands_spread": {
        "mean": 25.1070957184,
        "var": 19.7971477509
    },
    "dissonance": {
        "mean": 0.481213271618,
        "var": 0.000225297510042
    },
    "hfc": {
        "mean": 137.287277222,
        "var": 34721.0742188
    },
    "pitch": {
        "mean": 652.924926758,
        "var": 861202.125
    },
    "pitch_instantaneous_confidence": {
        "mean": 0.404624938965,
        "var": 0.0066118594259
    },
    "pitch_salience": {
        "mean": 0.56711345911,
        "var": 0.0038387379609
    },
    "silence_rate_20dB": {
        "mean": 1,
        "var": 0
    },
    "silence_rate_30dB": {
        "mean": 0.798165142536,
        "var": 0.161097466946
    },
    "silence_rate_60dB": {
        "mean": 0.00917431153357,
        "var": 0.00909014418721
    },
    "spectral_centroid": {
        "mean": 2079.3359375,
        "var": 457028.4375
    },
    "spectral_complexity": {
        "mean": 30.5963306427,
        "var": 156.31413269
    },
    "spectral_crest": {
        "mean": 6.49350261688,
        "var": 7.60348081589
    },
    "spectral_decrease": {
        "mean": -1.08772377772e-08,
        "var": 1.91883283686e-16
    },
    "spectral_energy": {
        "mean": 0.0535055734217,
        "var": 0.00472440617159
    },
    "spectral_energyband_high": {
        "mean": 0.00733062205836,
        "var": 0.000126728235045
    },
    "spectral_energyband_low": {
        "mean": 6.18744670646e-05,
        "var": 1.80262282878e-09
    },
    "spectral_energyband_middle_high": {
        "mean": 0.0375620014966,
        "var": 0.00270748650655
    },
    "spectral_energyband_middle_low": {
        "mean": 0.00860934332013,
        "var": 0.000111142508104
    },
    "spectral_flatness_db": {
        "mean": 0.179734870791,
        "var": 0.000470875238534
    },
    "spectral_flux": {
        "mean": 0.0990316867828,
        "var": 0.0054865507409
    },
    "spectral_kurtosis": {
        "mean": 3.28751683235,
        "var": 5.65207052231
    },
    "spectral_rms": {
        "mean": 0.00590618234128,
        "var": 1.73175594682e-05
    },
    "spectral_rolloff": {
        "mean": 3387.82373047,
        "var": 612175.5
    },
    "spectral_skewness": {
        "mean": 1.15300524235,
        "var": 0.132052257657
    },
    "spectral_spread": {
        "mean": 4106976,
        "var": 2.1794937897e+12
    },
    "spectral_strongpeak": {
        "mean": 3.83739423752,
        "var": 24.4785709381
    },
    "zerocrossingrate": {
        "mean": 0.110029026866,
        "var": 0.00102958432399
    },
    "barkbands": {
        "mean": [0.000108144820842, 3.74492287847e-06, 5.61240995012e-07, 0.000708011852112, 0.00461867963895, 0.000802877824754, 0.000514662533533, 0.00160995253827, 0.000347357272403, 6.88720901962e-05, 3.2986052247e-05, 0.00357613014057, 0.00265579065308, 0.00195832038298, 0.00177038111724, 0.00304117798805, 0.00607231725007, 0.00802910979837, 0.00847427733243, 0.00299300998449, 0.00302708614618, 0.00189627392683, 0.000946936372202, 0.000223911600187, 2.31658523262e-05, 1.8394049448e-06, 1.57156527791e-08],
        "var": [1.45527341289e-08, 1.29475241292e-11, 3.36200902187e-12, 2.38784139128e-07, 7.00934033375e-05, 7.30844021746e-07, 3.65904639921e-07, 1.72729244241e-06, 1.80250637527e-07, 2.77835408014e-08, 1.78425381137e-08, 6.2115235778e-05, 1.71419051185e-05, 9.08574565983e-06, 1.35407672133e-05, 1.26489858303e-05, 9.70443943515e-05, 0.000231461788644, 0.000123040837934, 2.07622670132e-05, 2.40695280809e-05, 8.34262755234e-06, 2.56041221292e-06, 1.45917383065e-07, 1.27389709892e-09, 1.36256977923e-11, 7.47061375435e-15]
    },
    "mfcc": {
        "mean": [-625.318908691, 68.8435440063, -79.2390365601, 46.0480232239, -13.8434619904, -5.75273323059, -35.3609008789, -19.1478595734, -34.8380813599, -7.19519376755, 11.6301774979, 11.8513746262, -4.3674993515],
        "var": [9053.15527344, 2242.58520508, 267.694854736, 261.459777832, 36.9297332764, 54.8001441956, 46.520362854, 43.3646087646, 83.091796875, 55.8095855713, 124.285224915, 59.2793006897, 45.676940918]
    },
    "sccoeffs": {
        "mean": [-0.428286641836, -0.664762318134, -0.680433571339, -0.672786951065, -0.668588459492, -0.643388748169],
        "var": [0.00696751009673, 0.00202924292535, 0.00339985708706, 0.002806232078, 0.00190405594185, 0.00199734908529]
    },
    "scvalleys": {
        "mean": [-8.21315956116, -5.92597150803, -7.50589466095, -6.45118999481, -6.42368364334, -9.47866725922],
        "var": [0.316041022539, 0.208652332425, 0.710661709309, 0.579295456409, 1.03969419003, 3.93507266045]
    }
},
"rhythm": {
    "beats_loudness": {
        "mean": 0.0562167838216,
        "var": 0.00593195157126
    },
    "bpm": 198.768051147,
    "confidence": 0,
    "first_peak_bpm": {
        "mean": 199,
        "var": 0
    },
    "first_peak_spread": {
        "mean": 0,
        "var": 0
    },
    "first_peak_weight": {
        "mean": 1,
        "var": 0
    },
    "onset_rate": 0.398763030767,
    "second_peak_bpm": {
        "mean": 0,
        "var": 0
    },
    "second_peak_spread": {
        "mean": 0,
        "var": 0
    },
    "second_peak_weight": {
        "mean": 0,
        "var": 0
    },
    "beats_loudness_band_ratio": {
        "mean": [0.091453447938, 0.0864059254527, 0.140664920211, 0.107281856239, 0.41225078702, 0.219524428248],
        "var": [0.000791408878285, 0.000486223871121, 0.0101516610011, 0.00128714938182, 0.00347154960036, 0.0143847027794]
    },
    "beats_position": [0.290249437094, 0.592108845711, 0.893968224525, 1.19582760334, 1.49768710136, 1.79954648018, 2.10140585899],
    "bpm_estimates": [198.768035889, 198.768051147, 198.768051147, 198.767974854, 198.768051147, 198.768051147],
    "bpm_intervals": [0.301859408617, 0.301859378815, 0.301859378815, 0.301859498024, 0.301859378815, 0.301859378815],
    "onset_times": [0.0232199542224],
    "histogram": [[0, 0, 0, 0, 0, 0, 0, 0, 0, 0, 0, 0, 0, 0, 0, 0, 0, 0, 0, 0, 0, 0, 0, 0, 0, 0, 0, 0, 0, 0, 0, 0, 0, 0, 0, 0, 0, 0, 0, 0, 0, 0, 0, 0, 0, 0, 0, 0, 0, 0, 0, 0, 0, 0, 0, 0, 0, 0, 0, 0, 0, 0, 0, 0, 0, 0, 0, 0, 0, 0, 0, 0, 0, 0, 0, 0, 0, 0, 0, 0, 0, 0, 0, 0, 0, 0, 0, 0, 0, 0, 0, 0, 0, 0, 0, 0, 0, 0, 0, 0, 0, 0, 0, 0, 0, 0, 0, 0, 0, 0, 0, 0, 0, 0, 0, 0, 0, 0, 0, 0, 0, 0, 0, 0, 0, 0, 0, 0, 0, 0, 0, 0, 0, 0, 0, 0, 0, 0, 0, 0, 0, 0, 0, 0, 0, 0, 0, 0, 0, 0, 0, 0, 0, 0, 0, 0, 0, 0, 0, 0, 0, 0, 0, 0, 0, 0, 0, 0, 0, 0, 0, 0, 0, 0, 0, 0, 0, 0, 0, 0, 0, 0, 0, 0, 0, 0, 0, 0, 0, 0, 0, 0, 0, 0, 0, 0, 0, 0, 0, 1, 0, 0, 0, 0, 0, 0, 0, 0, 0, 0, 0, 0, 0, 0, 0, 0, 0, 0, 0, 0, 0, 0, 0, 0, 0, 0, 0, 0, 0, 0, 0, 0, 0, 0, 0, 0, 0, 0, 0, 0, 0, 0, 0, 0, 0, 0, 0, 0, 0, 0]]
},
"sfx": {
    "inharmonicity": {
        "mean": 0.138953104615,
        "var": 0.00936852674931
    },
    "oddtoevenharmonicenergyratio": {
        "mean": 1.26970553398,
        "var": 37.8638534546
    },
    "pitch_after_max_to_before_max_energy_ratio": 0.316887229681,
    "pitch_centroid": 41.6872596741,
    "pitch_max_to_total": 0.412844032049,
    "pitch_min_to_total": 0.917431175709,
    "tristimulus": {
        "mean": [0.234736576676, 0.21093839407, 0.554325044155],
        "var": [0.0900065675378, 0.0250569414347, 0.0682136714458]
    }
},
"tonal": {
    "chords_changes_rate": 0.0909090936184,
    "chords_number_rate": 0.109090909362,
    "chords_strength": {
        "mean": 0.441513538361,
        "var": 0.00317063904367
    },
    "key_strength": 0.401255995035,
    "tuning_diatonic_strength": 0.415308147669,
    "tuning_equal_tempered_deviation": 0.256585538387,
    "tuning_frequency": 434.946166992,
    "tuning_nontempered_energy_ratio": 0.898879647255,