{
"metadata": {
    "version": {
        "essentia": "2.1-dev"
    }
},
"lowLevel": {
    "barkbands_kurtosis": {
        "mean": 0.311406254768,
        "var": 0.99383610487
    },
    "dissonance": {
        "mean": 0.487661272287,
        "var": 6.00270905124e-05
    },
    "hfc": {
        "mean": 218.055831909,
        "var": 39547.0273438
    },
    "spectral_centroid": {
        "mean": 2471.51318359,
        "var": 261284.203125
    },
    "spectral_complexity": {
        "mean": 39.1940307617,
        "var": 40.7832260132
    },
    "spectral_crest": {
        "mean": 6.09037494659,
        "var": 4.4171833992
    },
    "spectral_energyband_high": {
        "mean": 0.0118489777669,
        "var": 0.000153181274072
    },
    "spectral_energyband_low": {
        "mean": 5.60073895031e-05,
        "var": 1.14449594246e-09
    },
    "spectral_kurtosis": {
        "mean": 1.93571698666,
        "var": 1.39513599873
    },
    "spectral_rolloff": {
        "mean": 3737.45727539,
        "var": 526465.375
    },
    "spectral_strongpeak": {
        "mean": 5.78516387939,
        "var": 29.8401317596
    },
    "mfcc": {
        "mean": [-562.270812988, 37.5084228516, -74.4219055176, 39.2180023193, -13.923584938, -3.8456196785, -35.1698303223, -16.4549064636, -37.3533325195, -8.36622047424, 5.78004789352, 10.534362793, -7.68274450302],
        "var": [3283.62036133, 905.826965332, 153.000457764, 190.156082153, 30.803194046, 33.5328369141, 49.9551925659, 28.6583938599, 37.6159934998, 67.5146942139, 65.5514068604, 74.6786956787, 31.7068424225]
    },
    "sccoeffs": {
        "mean": [-0.385875374079, -0.670159518719, -0.660818099976, -0.651287913322, -0.649113357067, -0.647139728069],
        "var": [0.00305574364029, 0.00158396305051, 0.00240810960531, 0.00228388840333, 0.00154903554358, 0.00119608547539]
    }
},
"sfx": {
    "inharmonicity": {
        "mean": 0.145082265139,
        "var": 0.0111496346071
    }
}
}