{"lowlevel.dissonance.mean": [0.32693779468536377], "sfx.inharmonicity.mean": [0.4633887708187103], "lowlevel.spectral_contrast.mean": [[0.2729935646057129, 0.3321901559829712, 1.0985127687454224, 0.7941751480102539, 0.6821227073669434, 0.4443051815032959]], "lowlevel.spectral_centroid.mean": [0.37955719232559204], "lowlevel.mfcc.mean": [[0.35847604274749756, 0.1921791285276413, 0.09756630659103394, 0.21098005771636963, 0.3386229872703552, 0.4301519989967346, 0.4656520485877991, 0.6586614847183228, 0.7707915306091309, 0.5937314629554749, 0.4860745072364807, 0.23679877817630768, 0.08377304673194885]], "sfx.logattacktime.mean": [0.45254725217819214], "lowlevel.hfc.mean": [0.48224133253097534]}