{
"metadata": {
    "version": {
        "essentia": "2.1-dev"
    }
},
"lowLevel": {
    "average_loudness": 0.743567109108,
    "barkbands_kurtosis": {
        "mean": 47.647731781,
        "var": 11150.6914062
    },
    "barkbands_skewness": {
        "mean": 4.80747747421,
        "var": 20.5602302551
    },
    "barkbands_spread": {
        "mean": 9.18973827362,
        "var": 193.802764893
    },
    "dissonance": {
        "mean": 0.405552238226,
        "var": 0.00775730004534
    },
    "hfc": {
        "mean": 35.7065696716,
        "var": 1288.01306152
    },
    "pitch": {
        "mean": 786.24395752,
        "var": 853643.25
    },
    "pitch_instantaneous_confidence": {
        "mean": 0.655631065369,
        "var": 0.160313934088
    },
    "pitch_salience": {
        "mean": 0.277757912874,
        "var": 0.018805000931
    },
    "silence_rate_20dB": {
        "mean": 1,
        "var": 0
    },
    "silence_rate_30dB": {
        "mean": 1,
        "var": 0
    },
    "silence_rate_60dB": {
        "mean": 0.459016382694,
        "var": 0.24832072854
    },
    "spectral_centroid": {
        "mean": 749.586120605,
        "var": 466226.71875
    },
    "spectral_complexity": {
        "mean": 2.22295093536,
        "var": 4.33717823029
    },
    "spectral_crest": {
        "mean": 21.5330505371,
        "var": 21.0360298157
    },
    "spectral_decrease": {
        "mean": -8.60030535677e-09,
        "var": 7.24726154231e-17
    },
    "spectral_energy": {
        "mean": 0.0356982126832,
        "var": 0.00125173374545
    },
    "spectral_energyband_high": {
        "mean": 3.57112585334e-05,
        "var": 1.17696052904e-09
    },
    "spectral_energyband_low": {
        "mean": 1.04538564472e-07,
        "var": 9.444394492e-15
    },
    "spectral_energyband_middle_high": {
        "mean": 0.0356526188552,
        "var": 0.00124891789164
    },
    "spectral_energyband_middle_low": {
        "mean": 1.49432298713e-05,
        "var": 4.76564288032e-10
    },
    "spectral_flatness_db": {
        "mean": 0.363854318857,
        "var": 0.0179215315729
    },
    "spectral_flux": {
        "mean": 0.0101694790646,
        "var": 0.000187818775885
    },
    "spectral_kurtosis": {
        "mean": 9.28088855743,
        "var": 95.7763748169
    },
    "spectral_rms": {
        "mean": 0.0043026143685,
        "var": 1.63150743901e-05
    },
    "spectral_rolloff": {
        "mean": 825.815673828,
        "var": 1037361.8125
    },
    "spectral_skewness": {
        "mean": 2.48097252846,
        "var": 1.64142084122
    },
    "spectral_spread": {
        "mean": 16094854,
        "var": 2.16290090287e+14
    },
    "spectral_strongpeak": {
        "mean": 4.19619512558,
        "var": 15.5157690048
    },
    "zerocrossingrate": {
        "mean": 0.0442174710333,
        "var": 0.000440833595349
    },
    "barkbands": {
        "mean": [1.46384905975e-07, 2.80032459443e-08, 7.06481229074e-09, 6.46380060587e-09, 3.42212871374e-08, 3.64240094086e-07, 3.28075930156e-06, 2.46981954888e-07, 4.51957657788e-06, 0.0311251375824, 6.94292202752e-06, 1.39526928251e-05, 1.81844152394e-05, 0.00251991651021, 0.000383719365345, 7.14634415999e-06, 0.00149454909842, 3.17437957165e-06, 8.0862424511e-05, 1.36547732836e-05, 1.38473051265e-05, 2.81036409433e-06, 3.01459544971e-06, 1.34811784847e-06, 1.18653781556e-06, 1.92857399384e-07, 2.0992059202e-09],
        "var": [3.24588344755e-14, 1.28336100597e-15, 1.35683838775e-16, 7.71218005996e-17, 8.56957208781e-15, 2.6988933549e-13, 5.87768028693e-11, 9.8683526086e-14, 6.76203953942e-11, 0.000938120530918, 2.16740014825e-10, 1.54485124693e-09, 1.36339894929e-09, 8.37604056869e-06, 2.47465663961e-07, 9.78541761509e-11, 3.84351233151e-06, 1.86719251172e-11, 1.05320898669e-08, 1.95524069158e-10, 2.01139091494e-10, 8.22648026089e-12, 1.04075099233e-11, 2.03185255079e-12, 1.48195941196e-12, 4.86104212438e-14, 1.16111863708e-17]
    },
    "mfcc": {
        "mean": [-948.268249512, 16.5080623627, -65.4912490845, -24.7253341675, -18.4675273895, -5.44795703888, -1.32385230064, 13.4768505096, 16.7311687469, 7.04480266571, -0.812431573868, -10.390789032, -16.2964076996],
        "var": [28453.8222656, 169.122573853, 4163.47753906, 739.898742676, 482.936462402, 137.586700439, 51.3437805176, 112.59588623, 149.895309448, 36.7656135559, 44.2555236816, 208.10585022, 375.452972412]
    },
    "sccoeffs": {
        "mean": [-0.797932267189, -0.839964210987, -0.567907869816, -0.698242485523, -0.756272673607, -0.822980463505],
        "var": [0.00681552197784, 0.0049142469652, 0.0940042361617, 0.0323503166437, 0.021228980273, 0.00649792421609]
    },
    "scvalleys": {
        "mean": [-11.0907344818, -10.7798223495, -10.5534887314, -10.7299489975, -11.2638568878, -12.2462882996],
        "var": [1.35016107559, 4.79097127914, 7.05561447144, 7.14371776581, 6.24406862259, 4.04125261307]
    }
},
"rhythm": {
    "beats_loudness": {
        "mean": 0.0438338927925,
        "var": 0.00124361610506
    },
    "bpm": 103.181541443,
    "confidence": 3.06240653992,
    "first_peak_bpm": {
        "mean": 101,
        "var": 0
    },
    "first_peak_spread": {
        "mean": 0.600000023842,
        "var": 0
    },
    "first_peak_weight": {
        "mean": 0.40000000596,
        "var": 0
    },
    "onset_rate": 0.283661484718,
    "second_peak_bpm": {
        "mean": 0,
        "var": 0
    },
    "second_peak_spread": {
        "mean": 0,
        "var": 0
    },
    "second_peak_weight": {
        "mean": 0,
        "var": 0
    },
    "beats_loudness_band_ratio": {
        "mean": [0.323988258839, 0.00281517929398, 0.00611231662333, 0.568674087524, 0.0893693491817, 0.0103033976629],
        "var": [0.189989745617, 3.46135966538e-05, 0.000165266741533, 0.168542966247, 0.00333617650904, 0.000242668378633]
    },
    "beats_position": [0.568888902664, 1.13777780533, 1.71827661991, 2.28716540337, 2.85605430603, 3.44816327095, 4.02866220474, 4.62077093124, 5.21287965775, 5.80498838425, 6.38548755646],
    "bpm_estimates": [105.46875, 103.359382629, 105.468772888, 105.46875, 101.332702637, 103.359359741, 101.332740784, 101.332740784, 101.332740784, 103.359321594],
    "bpm_intervals": [0.568888902664, 0.580498814583, 0.568888783455, 0.568888902664, 0.59210896492, 0.580498933792, 0.592108726501, 0.592108726501, 0.592108726501, 0.580499172211],
    "onset_times": [1.68344676495, 5.97913837433],
    "histogram": [[0, 0, 0, 0, 0, 0, 0, 0, 0, 0, 0, 0, 0, 0, 0, 0, 0, 0, 0, 0, 0, 0, 0, 0, 0, 0, 0, 0, 0, 0, 0, 0, 0, 0, 0, 0, 0, 0, 0, 0, 0, 0, 0, 0, 0, 0, 0, 0, 0, 0, 0, 0, 0, 0, 0, 0, 0, 0, 0, 0, 0, 0, 0, 0, 0, 0, 0, 0, 0, 0, 0, 0, 0, 0, 0, 0, 0, 0, 0, 0, 0, 0, 0, 0, 0, 0, 0, 0, 0, 0, 0, 0, 0, 0, 0, 0, 0, 0, 0, 0, 0, 0.40000000596, 0, 0.300000011921, 0, 0.300000011921, 0, 0, 0, 0, 0, 0, 0, 0, 0, 0, 0, 0, 0, 0, 0, 0, 0, 0, 0, 0, 0, 0, 0, 0, 0, 0, 0, 0, 0, 0, 0, 0, 0, 0, 0, 0, 0, 0, 0, 0, 0, 0, 0, 0, 0, 0, 0, 0, 0, 0, 0, 0, 0, 0, 0, 0, 0, 0, 0, 0, 0, 0, 0, 0, 0, 0, 0, 0, 0, 0, 0, 0, 0, 0, 0, 0, 0, 0, 0, 0, 0, 0, 0, 0, 0, 0, 0, 0, 0, 0, 0, 0, 0, 0, 0, 0, 0, 0, 0, 0, 0, 0, 0, 0, 0, 0, 0, 0, 0, 0, 0, 0, 0, 0, 0, 0, 0, 0, 0, 0, 0, 0, 0, 0, 0, 0, 0, 0, 0, 0, 0, 0, 0, 0, 0, 0, 0, 0, 0, 0, 0, 0, 0, 0]]
},
"sfx": {
    "inharmonicity": {
        "mean": 0.0314988195896,
        "var": 0.00542168598622
    },
    "oddtoevenharmonicenergyratio": {
        "mean": inf,
        "var": inf
    },
    "pitch_after_max_to_before_max_energy_ratio": 0.450406640768,
    "pitch_centroid": 149.357254028,
    "pitch_max_to_total": 0.842622935772,
    "pitch_min_to_total": 0.993442595005,
    "tristimulus": {
        "mean": [0.495380043983, 0.335422098637, 0.165919139981],
        "var": [0.0779732018709, 0.0299004409462, 0.0676466748118]
    }
},
"tonal": {
    "chords_changes_rate": 0.0849673226476,
    "chords_number_rate": 0.0457516349852,
    "chords_strength": {
        "mean": 0.447906285524,
        "var": 0.00174310221337
    },