{
"metadata": {
    "version": {
        "essentia": "2.1-dev"
    }
},
"lowLevel": {
    "barkbands_kurtosis": {
        "mean": 8.41952896118,
        "var": 24.823972702
    },
    "dissonance": {
        "mean": 0.353444427252,
        "var": 0.00527308881283
    },
    "hfc": {
        "mean": 66.7591552734,
        "var": 338.745819092
    },
    "spectral_centroid": {
        "mean": 992.423400879,
        "var": 2114.83154297
    },
    "spectral_complexity": {
        "mean": 4.10429430008,
        "var": 0.412435561419
    },
    "spectral_crest": {
        "mean": 23.6581802368,
        "var": 0.901592135429
    },
    "spectral_energyband_high": {
        "mean": 6.67320200591e-05,
        "var": 1.34489391845e-10
    },
    "spectral_energyband_low": {
        "mean": 1.12633344429e-07,
        "var": 6.57795707146e-15
    },
    "spectral_kurtosis": {
        "mean": 14.8015613556,
        "var": 7.43150281906
    },
    "spectral_rolloff": {
        "mean": 1045.74719238,
        "var": 112329.828125
    },
    "spectral_strongpeak": {
        "mean": 7.81473684311,
        "var": 0.850662350655
    },
    "mfcc": {
        "mean": [-792.566162109, 23.011516571, -124.67527771, -48.4671096802, -37.8724212646, -14.0240278244, -6.42319059372, 20.9342136383, 26.5892505646, 8.8415145874, -5.33645343781, -22.4362373352, -33.2549362183],
        "var": [207.518997192, 61.3351097107, 127.191253662, 76.0302886963, 57.3661155701, 78.3334579468, 29.0327205658, 71.7270202637, 46.8057746887, 45.4371452332, 28.849981308, 50.9344329834, 52.8194923401]
    },
    "sccoeffs": {
        "mean": [-0.856923878193, -0.795227527618, -0.290688663721, -0.536059439182, -0.628256917, -0.752591013908],
        "var": [0.00179761170875, 0.00232453574426, 0.000462932133814, 0.00081541785039, 0.00330826989375, 0.000755824672524]
    }
},
"sfx": {
    "inharmonicity": {
        "mean": 0.00122042524163,
        "var": 3.5752695112e-05
    }
}
}