{
"metadata": {
    "version": {
        "essentia": "2.1-dev"
    }
},
"lowLevel": {
    "barkbands_kurtosis": {
        "mean": 1.90048575401,
        "var": 2.96792387962
    },
    "dissonance": {
        "mean": 0.388402163982,
        "var": 0.000349120731698
    },
    "hfc": {
        "mean": 36.3252449036,
        "var": 179.191726685
    },
    "spectral_centroid": {
        "mean": 894.537780762,
        "var": 4903.82324219
    },
    "spectral_complexity": {
        "mean": 9.14814853668,
        "var": 0.422496467829
    },
    "spectral_crest": {
        "mean": 18.6369781494,
        "var": 0.597638487816
    },
    "spectral_energyband_high": {
        "mean": 0.000212302300497,
        "var": 6.59668453196e-09
    },
    "spectral_energyband_low": {
        "mean": 1.9189719751e-05,
        "var": 3.40446087987e-10
    },
    "spectral_kurtosis": {
        "mean": 7.3883471489,
        "var": 1.79851388931
    },
    "spectral_rolloff": {
        "mean": 1686.23669434,
        "var": 316717
    },
    "spectral_strongpeak": {
        "mean": 3.58733487129,
        "var": 0.481203854084
    },
    "mfcc": {
        "mean": [-731.879272461, 29.3432407379, -92.9140396118, 33.7806472778, -28.3846931458, -40.0469551086, -40.3099365234, -25.8400249481, -3.2288877964, 29.8479099274, 31.4362163544, 32.8926620483, 57.5159263611],
        "var": [663.014526367, 102.636138916, 67.7026290894, 70.2634811401, 29.2681694031, 37.7259902954, 36.3833427429, 37.8125495911, 31.6539649963, 25.7712192535, 42.5856895447, 22.8514041901, 27.8776817322]
    },
    "sccoeffs": {
        "mean": [-0.645634651184, -0.278990149498, -0.587624371052, -0.490601152182, -0.548939287663, -0.661535441875],
        "var": [0.00441093323752, 0.000931073212996, 0.00213348469697, 0.000786112970673, 0.00104104692582, 0.000638922152575]
    }
},
"sfx": {
    "inharmonicity": {
        "mean": 0.00115230202209,
        "var": 1.9840092591e-07
    }
}
}