{"lowlevel.dissonance.mean": [0.21843957901000977], "sfx.inharmonicity.mean": [0.26864317059516907], "lowlevel.spectral_contrast.mean": [[0.5892187356948853, 1.1729309558868408, 1.1614450216293335, 1.0948179960250854, 0.9484806060791016, 0.5952849388122559]], "lowlevel.spectral_centroid.mean": [0.3760852813720703], "lowlevel.mfcc.mean": [[0.537837028503418, 0.44238996505737305, 0.15247541666030884, 0.5233132839202881, 0.4221037030220032, 0.20971456170082092, 0.21632680296897888, 0.24670962989330292, 0.3875015676021576, 0.44815361499786377, 0.5488296151161194, 0.6881391406059265, 0.6985123753547668]], "sfx.logattacktime.mean": [0.5497296452522278], "lowlevel.hfc.mean": [0.4811311960220337]}