{
"metadata": {
    "version": {
        "essentia": "2.1-dev"
    }
},
"lowLevel": {
    "barkbands_kurtosis": {
        "mean": 3.19310665131,
        "var": 4.73410749435
    },
    "dissonance": {
        "mean": 0.497334599495,
        "var": 1.60429281095e-05
    },
    "hfc": {
        "mean": 412.908325195,
        "var": 117081.3125
    },
    "spectral_centroid": {
        "mean": 4843.42138672,
        "var": 173133.390625
    },
    "spectral_complexity": {
        "mean": 41.8260879517,
        "var": 83.5349731445
    },
    "spectral_crest": {
        "mean": 5.95481920242,
        "var": 1.27667593956
    },
    "spectral_energyband_high": {
        "mean": 0.0495593138039,
        "var": 0.00185885163955
    },
    "spectral_energyband_low": {
        "mean": 4.60931842099e-05,
        "var": 6.65265043054e-09
    },
    "spectral_kurtosis": {
        "mean": -0.00254929577932,
        "var": 0.0795728862286
    },
    "spectral_rolloff": {
        "mean": 7111.57470703,
        "var": 265636.25
    },
    "spectral_strongpeak": {
        "mean": 7.71123600006,
        "var": 17.7860736847
    },
    "mfcc": {
        "mean": [-575.327453613, -77.7731246948, -51.7636756897, 13.4100875854, -6.1718416214, -1.33134448528, -21.2150859833, -1.05885052681, -13.7715044022, 0.728035330772, 7.67425394058, 9.20242977142, 6.94030618668],
        "var": [3852.10351562, 741.251708984, 313.040222168, 58.8424301147, 38.1411437988, 56.0219573975, 68.1628799438, 58.598903656, 39.6247596741, 36.8475112915, 34.1631507874, 40.4219856262, 96.6664581299]
    },
    "sccoeffs": {
        "mean": [-0.662527263165, -0.78971940279, -0.784778118134, -0.718919754028, -0.725649058819, -0.704470515251],
        "var": [0.00284652970731, 0.00200921855867, 0.00199910090305, 0.00110816257074, 0.00104384531733, 0.000553296529688]
    }
},
"sfx": {
    "inharmonicity": {
        "mean": 0.0490712858737,
        "var": 0.00534192938358
    }
}
}