{"lowlevel.dissonance.mean": [0.3424398899078369], "sfx.inharmonicity.mean": [0.4117417335510254], "lowlevel.spectral_contrast.mean": [[0.3285236358642578, 0.4975482225418091, 0.26903247833251953, 0.27500367164611816, 0.2636146545410156, 0.25623130798339844]], "lowlevel.spectral_centroid.mean": [0.3737131357192993], "lowlevel.mfcc.mean": [[0.2202434539794922, 0.4353053867816925, 0.6477319002151489, 0.5198971629142761, 0.6034660935401917, 0.5701823234558105, 0.5561079978942871, 0.507226824760437, 0.48959240317344666, 0.4261789321899414, 0.42364731431007385, 0.4616352617740631, 0.5062661170959473]], "sfx.logattacktime.mean": [0.4795827865600586], "lowlevel.hfc.mean": [0.46527889370918274]}