{
"metadata": {
    "version": {
        "essentia": "2.1-dev"
    }
},
"lowLevel": {
    "barkbands_kurtosis": {
        "mean": 2.95264911652,
        "var": 0
    },
    "dissonance": {
        "mean": 0.249922215939,
        "var": 0
    },
    "hfc": {
        "mean": 5.98869419098,
        "var": 0
    },
    "spectral_centroid": {
        "mean": 585.926269531,
        "var": 0
    },
    "spectral_complexity": {
        "mean": 5,
        "var": 0
    },
    "spectral_crest": {
        "mean": 11.1223087311,
        "var": 0
    },
    "spectral_energyband_high": {
        "mean": 2.25320163736e-05,
        "var": 0
    },
    "spectral_energyband_low": {
        "mean": 4.21778713644e-05,
        "var": 0
    },
    "spectral_kurtosis": {
        "mean": 8.06052303314,
        "var": 0
    },
    "spectral_rolloff": {
        "mean": 968.994140625,
        "var": 0
    },
    "spectral_strongpeak": {
        "mean": 0.200844660401,
        "var": 0
    },
    "mfcc": [[-729.797241211, 166.542648315, -4.49276351929, -42.370716095, -21.3326683044, -15.3075637817, -8.68582725525, -8.27605056763, -16.3073692322, -10.6239929199, -32.0873374939, -13.4890785217, -6.15940093994]],
    "sccoeffs": [[-0.64787453413, -0.593962967396, -0.830812573433, -0.813928723335, -0.861448407173, -0.882442891598]]
},
"sfx": {
    "inharmonicity": {
        "mean": 0.0211718287319,
        "var": 0
    }
}
}