{
"metadata": {
    "version": {
        "essentia": "2.1-dev"
    }
},
"lowLevel": {
    "barkbands_kurtosis": {
        "mean": 1.93221461773,
        "var": 1.33474051952
    },
    "dissonance": {
        "mean": 0.475961118937,
        "var": 0.000637828663457
    },
    "hfc": {
        "mean": 5.54660415649,
        "var": 2.3163497448
    },
    "spectral_centroid": {
        "mean": 302.436553955,
        "var": 1506.05187988
    },
    "spectral_complexity": {
        "mean": 12.173913002,
        "var": 4.51633739471
    },
    "spectral_crest": {
        "mean": 11.2718172073,
        "var": 1.11658775806
    },
    "spectral_energyband_high": {
        "mean": 4.74770729397e-07,
        "var": 3.64976129289e-14
    },
    "spectral_energyband_low": {
        "mean": 0.00711232703179,
        "var": 8.05981926533e-06
    },
    "spectral_kurtosis": {
        "mean": 76.6511917114,
        "var": 2745.49536133
    },
    "spectral_rolloff": {
        "mean": 566.417236328,
        "var": 46206.8515625
    },
    "spectral_strongpeak": {
        "mean": 0.500213265419,
        "var": 0.0171670280397
    },
    "mfcc": {
        "mean": [-821.6875, 261.577819824, 20.508556366, -31.6803359985, 16.3261451721, 8.091796875, -5.51019144058, 2.3010456562, -2.13705420494, -13.1013422012, -24.2394580841, -25.6769237518, -22.5152282715],
        "var": [839.177307129, 124.340812683, 529.785095215, 288.250396729, 22.5442085266, 25.2662220001, 14.9120521545, 26.2586650848, 16.4930438995, 16.0011806488, 21.4886341095, 12.5802564621, 12.1027317047]
    },
    "sccoeffs": {
        "mean": [-0.417873740196, -0.735402166843, -0.671662211418, -0.760828077793, -0.767471313477, -0.848184883595],
        "var": [0.000943619641475, 0.000671435147524, 0.000836328486912, 0.000928495603148, 0.00109183054883, 0.000556926825084]
    }
},
"sfx": {
    "inharmonicity": {
        "mean": 0.0808831900358,
        "var": 0.00366382393986
    }
}
}