{
"metadata": {
    "version": {
        "essentia": "2.1-dev"
    }
},
"lowLevel": {
    "barkbands_kurtosis": {
        "mean": -1.23200678825,
        "var": 0.00294144335203
    },
    "dissonance": {
        "mean": 0.393941968679,
        "var": 0.00184153195005
    },
    "hfc": {
        "mean": 14.190990448,
        "var": 1.43333292007
    },
    "spectral_centroid": {
        "mean": 1196.00402832,
        "var": 648.612976074
    },
    "spectral_complexity": {
        "mean": 10.5588235855,
        "var": 0.540657401085
    },
    "spectral_crest": {
        "mean": 7.90609550476,
        "var": 0.125861093402
    },
    "spectral_energyband_high": {
        "mean": 6.47493288852e-05,
        "var": 5.90669180234e-10
    },
    "spectral_energyband_low": {
        "mean": 5.4116821957e-06,
        "var": 1.60580056197e-11
    },
    "spectral_kurtosis": {
        "mean": 11.0561037064,
        "var": 4.49852085114
    },
    "spectral_rolloff": {
        "mean": 1981.0546875,
        "var": 0
    },
    "spectral_strongpeak": {
        "mean": 3.73959350586,
        "var": 0.0308605004102
    },
    "mfcc": {
        "mean": [-699.811706543, 129.77722168, -69.2496032715, -2.35796976089, -8.3593082428, -6.19895124435, -42.3190155029, -29.0232696533, -4.40462732315, -1.66488695145, -4.76324892044, -14.5680131912, -13.1268892288],
        "var": [46.071434021, 34.5291290283, 17.9244747162, 48.4439163208, 46.0467224121, 18.8091926575, 21.6509990692, 24.8412017822, 41.5591621399, 8.13659572601, 21.2621650696, 7.09005451202, 8.99883937836]
    },
    "sccoeffs": {
        "mean": [-0.49647679925, -0.446937650442, -0.493103921413, -0.452871799469, -0.638125121593, -0.675106346607],
        "var": [0.00120421417523, 0.000741494295653, 0.000432938133599, 0.000217969762161, 0.000128476574901, 0.000209735386306]
    }
},
"sfx": {
    "inharmonicity": {
        "mean": 0.0256990026683,
        "var": 0.000121610362839
    }
}
}