{
"metadata": {
    "version": {
        "essentia": "2.1-dev"
    }
},
"lowLevel": {
    "average_loudness": 0.646559000015,
    "barkbands_kurtosis": {
        "mean": 20.2115154266,
        "var": 5766.21630859
    },
    "barkbands_skewness": {
        "mean": 1.19869470596,
        "var": 12.359418869
    },
    "barkbands_spread": {
        "mean": 9.78336811066,
        "var": 39.7551612854
    },
    "dissonance": {
        "mean": 0.330586016178,
        "var": 0.0104120029137
    },
    "hfc": {
        "mean": 4.19657230377,
        "var": 27.682926178
    },
    "pitch": {
        "mean": 231.5834198,
        "var": 76466.21875
    },
    "pitch_instantaneous_confidence": {
        "mean": 0.846543371677,
        "var": 0.0425938107073
    },
    "pitch_salience": {
        "mean": 0.545238792896,
        "var": 0.028235770762
    },
    "silence_rate_20dB": {
        "mean": 1,
        "var": 0
    },
    "silence_rate_30dB": {
        "mean": 1,
        "var": 0
    },
    "silence_rate_60dB": {
        "mean": 0.576419234276,
        "var": 0.244159922004
    },
    "spectral_centroid": {
        "mean": 671.733947754,
        "var": 236613.640625
    },
    "spectral_complexity": {
        "mean": 4.65065479279,
        "var": 20.7775192261
    },
    "spectral_crest": {
        "mean": 12.7165231705,
        "var": 30.0886497498
    },
    "spectral_decrease": {
        "mean": -8.52024784059e-10,
        "var": 1.07382022862e-18
    },
    "spectral_energy": {
        "mean": 0.00359637872316,
        "var": 1.92508814507e-05
    },
    "spectral_energyband_high": {
        "mean": 1.56616497407e-05,
        "var": 6.06153294225e-10
    },
    "spectral_energyband_low": {
        "mean": 4.72165856991e-06,
        "var": 5.70957274515e-11
    },
    "spectral_energyband_middle_high": {
        "mean": 0.00200519571081,
        "var": 6.20944547336e-06
    },
    "spectral_energyband_middle_low": {
        "mean": 0.00157059740741,
        "var": 3.57711746801e-06
    },
    "spectral_flatness_db": {
        "mean": 0.305300652981,
        "var": 0.0073401927948
    },
    "spectral_flux": {
        "mean": 0.003691569902,
        "var": 1.38722598422e-05
    },
    "spectral_kurtosis": {
        "mean": 19.4426307678,
        "var": 577.391357422
    },
    "spectral_rms": {
        "mean": 0.00134558160789,
        "var": 1.69807185557e-06
    },
    "spectral_rolloff": {
        "mean": 1110.8885498,
        "var": 684676.3125
    },
    "spectral_skewness": {
        "mean": 3.63282847404,
        "var": 2.97828531265
    },
    "spectral_spread": {
        "mean": 7622546,
        "var": 3.49806065091e+13
    },
    "spectral_strongpeak": {
        "mean": 1.35730540752,
        "var": 2.27039527893
    },
    "zerocrossingrate": {
        "mean": 0.0408599711955,
        "var": 0.000764807278756
    },
    "barkbands": {
        "mean": [2.40434474108e-06, 1.52209042881e-06, 1.11272640879e-06, 6.063296496e-06, 0.000560569227673, 2.64453547061e-06, 0.000419978663558, 4.59026239241e-07, 0.000580772641115, 5.28985437995e-05, 8.54005179463e-07, 0.000146941267303, 1.23790032376e-05, 0.00106251589023, 0.00035399250919, 0.000305051071336, 3.43685314874e-05, 6.98692429069e-06, 2.20654692384e-05, 8.01700934971e-06, 5.71576401853e-06, 6.64352000967e-06, 6.16973863998e-07, 1.39048688652e-06, 3.42657671126e-07, 7.60956808676e-08, 2.3641386071e-10],
        "var": [5.82099342686e-12, 6.31877362933e-12, 8.15161393247e-12, 1.03050346034e-09, 4.54382927728e-07, 1.68814781598e-10, 3.41902676837e-07, 2.40727316553e-12, 4.99214138472e-07, 3.78433195891e-09, 2.14563696671e-11, 2.7501613431e-08, 2.08769335153e-10, 1.74045305812e-06, 2.30975587101e-07, 1.78230891379e-07, 2.29955299247e-09, 1.11072845366e-10, 8.12110712012e-10, 8.99413599154e-11, 7.24534321428e-11, 2.2760737739e-10, 6.84946728242e-13, 3.09078197064e-12, 1.69702766379e-13, 9.80420053546e-15, 8.17080091039e-20]
    },
    "mfcc": {
        "mean": [-906.233276367, 104.488075256, -12.1308288574, 2.92823791504, -1.07659077644, -6.53115367889, -16.1393165588, -11.7270107269, -1.45545697212, 4.9928355217, -3.66454029083, -4.64461660385, -5.15445137024],
        "var": [31147.8085938, 2196.06787109, 3166.41333008, 437.896942139, 231.072433472, 161.072738647, 276.903717041, 179.570632935, 55.0785446167, 27.7507820129, 118.519325256, 101.836891174, 104.474624634]
    },
    "sccoeffs": {
        "mean": [-0.615326344967, -0.581257998943, -0.632095217705, -0.679770767689, -0.782134056091, -0.811508119106],
        "var": [0.00957467593253, 0.0178746525198, 0.0234390478581, 0.0409105941653, 0.0163809843361, 0.00979063753039]
    },
    "scvalleys": {
        "mean": [-8.88318824768, -10.0357608795, -10.5859308243, -10.99492836, -11.6499481201, -12.8401880264],
        "var": [1.41531646252, 3.10000038147, 3.89538788795, 4.86109495163, 4.57684421539, 2.26251196861]
    }
},
"rhythm": {
    "beats_loudness": {
        "mean": 0.00443071080372,
        "var": 1.8175891455e-05
    },
    "bpm": 102.501945496,
    "confidence": 0,
    "first_peak_bpm": {
        "mean": 103,
        "var": 0
    },
    "first_peak_spread": {
        "mean": 0.285714268684,
        "var": 0
    },
    "first_peak_weight": {
        "mean": 0.714285731316,
        "var": 0
    },
    "onset_rate": 0.378316730261,
    "second_peak_bpm": {
        "mean": 0,
        "var": 0
    },
    "second_peak_spread": {
        "mean": 0,
        "var": 0
    },
    "second_peak_weight": {
        "mean": 0,
        "var": 0
    },
    "beats_loudness_band_ratio": {
        "mean": [0.167484939098, 0.267915934324, 0.314983338118, 0.206708654761, 0.102437876165, 0.0080369124189],
        "var": [0.036491651088, 0.0428528003395, 0.0581748448312, 0.0326622352004, 0.00845756102353, 4.89302510687e-05]
    },
    "beats_position": [0.510838985443, 1.09133780003, 1.67183673382, 2.2523355484, 2.83283448219, 3.41333317757, 4.00544214249, 4.60916090012],
    "bpm_estimates": [103.359382629, 103.359359741, 103.359382629, 103.359359741, 103.359405518, 101.332702637, 99.3840255737],
    "bpm_intervals": [0.580498814583, 0.580498933792, 0.580498814583, 0.580498933792, 0.580498695374, 0.59210896492, 0.603718757629],
    "onset_times": [0.487619042397, 3.56426310539],
    "histogram": [[0, 0, 0, 0, 0, 0, 0, 0, 0, 0, 0, 0, 0, 0, 0, 0, 0, 0, 0, 0, 0, 0, 0, 0, 0, 0, 0, 0, 0, 0, 0, 0, 0, 0, 0, 0, 0, 0, 0, 0, 0, 0, 0, 0, 0, 0, 0, 0, 0, 0, 0, 0, 0, 0, 0, 0, 0, 0, 0, 0, 0, 0, 0, 0, 0, 0, 0, 0, 0, 0, 0, 0, 0, 0, 0, 0, 0, 0, 0, 0, 0, 0, 0, 0, 0, 0, 0, 0, 0, 0, 0, 0, 0, 0, 0, 0, 0, 0, 0, 0.142857149243, 0, 0.142857149243, 0, 0.714285731316, 0, 0, 0, 0, 0, 0, 0, 0, 0, 0, 0, 0, 0, 0, 0, 0, 0, 0, 0, 0, 0, 0, 0, 0, 0, 0, 0, 0, 0, 0, 0, 0, 0, 0, 0, 0, 0, 0, 0, 0, 0, 0, 0, 0, 0, 0, 0, 0, 0, 0, 0, 0, 0, 0, 0, 0, 0, 0, 0, 0, 0, 0, 0, 0, 0, 0, 0, 0, 0, 0, 0, 0, 0, 0, 0, 0, 0, 0, 0, 0, 0, 0, 0, 0, 0, 0, 0, 0, 0, 0, 0, 0, 0, 0, 0, 0, 0, 0, 0, 0, 0, 0, 0, 0, 0, 0, 0, 0, 0, 0, 0, 0, 0, 0, 0, 0, 0, 0, 0, 0, 0, 0, 0, 0, 0, 0, 0, 0, 0, 0, 0, 0, 0, 0, 0, 0, 0, 0, 0, 0, 0, 0, 0, 0, 0, 0]]
},
"sfx": {
    "inharmonicity": {
        "mean": 0.0275201573968,
        "var": 0.00118316675071
    },
    "oddtoevenharmonicenergyratio": {
        "mean": 1.78775954247,
        "var": 61.4286689758
    },
    "pitch_after_max_to_before_max_energy_ratio": 1.50771296024,
    "pitch_centroid": 109.233222961,
    "pitch_max_to_total": 0.0480349361897,
    "pitch_min_to_total": 0,
    "tristimulus": {
        "mean": [0.263485908508, 0.380548208952, 0.355965733528],
        "var": [0.0368557088077, 0.0255221966654, 0.0718986913562]
    }
},
"tonal": {
    "chords_changes_rate": 0.0782608687878,
    "chords_number_rate": 0.0260869562626,
    "chords_strength": {
        "mean": 0.411441832781,
        "var": 0.00957744568586
    },
    "key_strength": 0.584136784077,
    "tuning_diatonic_strength": 0.444137841463,
    "tuning_equal_tempered_deviation": 0.0887258425355,