{"lowlevel.dissonance.mean": [0.33973121643066406], "sfx.inharmonicity.mean": [0.2649165391921997], "lowlevel.spectral_contrast.mean": [[0.30419373512268066, 0.4119483232498169, 0.2560577392578125, 0.24886131286621094, 0.28055429458618164, 0.2419273853302002]], "lowlevel.spectral_centroid.mean": [0.40563878417015076], "lowlevel.mfcc.mean": [[0.20435094833374023, 0.41777291893959045, 0.6510055065155029, 0.5577490329742432, 0.663374125957489, 0.5996419191360474, 0.5526306629180908, 0.5444915890693665, 0.5780422687530518, 0.4705258011817932, 0.496448814868927, 0.49149733781814575, 0.5347054600715637]], "sfx.logattacktime.mean": [0.47726792097091675], "lowlevel.hfc.mean": [0.4652186632156372]}