{"lowlevel.dissonance.mean": [0.402651309967041], "sfx.inharmonicity.mean": [0.4927205443382263], "lowlevel.spectral_contrast.mean": [[0.7706043720245361, 0.7471164464950562, 0.6759672164916992, 0.7289235591888428, 0.8452126979827881, 0.7965044975280762]], "lowlevel.spectral_centroid.mean": [0.42567962408065796], "lowlevel.mfcc.mean": [[0.5843439102172852, 0.4466665983200073, 0.37768426537513733, 0.5677744746208191, 0.2880060076713562, 0.24979567527770996, 0.16482558846473694, 0.46348926424980164, 0.2991974949836731, 0.5721198320388794, 0.8365268707275391, 0.6076263189315796, 0.5367288589477539]], "sfx.logattacktime.mean": [0.3249559998512268], "lowlevel.hfc.mean": [0.5250821113586426]}