{
"metadata": {
    "version": {
        "essentia": "2.1-dev"
    }
},
"lowLevel": {
    "barkbands_kurtosis": {
        "mean": 0.132720828056,
        "var": 2.44105219841
    },
    "dissonance": {
        "mean": 0.481363087893,
        "var": 0.000938753830269
    },
    "hfc": {
        "mean": 461.606689453,
        "var": 53278.7578125
    },
    "spectral_centroid": {
        "mean": 2354.13134766,
        "var": 729466.625
    },
    "spectral_complexity": {
        "mean": 45.4210510254,
        "var": 81.6121826172
    },
    "spectral_crest": {
        "mean": 8.17111587524,
        "var": 20.5730381012
    },
    "spectral_energyband_high": {
        "mean": 0.0326350554824,
        "var": 0.000421238131821
    },
    "spectral_energyband_low": {
        "mean": 6.3674779085e-05,
        "var": 8.49477821419e-09
    },
    "spectral_kurtosis": {
        "mean": 2.00934743881,
        "var": 4.54139900208
    },
    "spectral_rolloff": {
        "mean": 3937.17651367,
        "var": 1337751
    },
    "spectral_strongpeak": {
        "mean": 4.13802099228,
        "var": 21.9360294342
    },
    "mfcc": {
        "mean": [-500.650970459, 32.2240028381, -58.6448783875, 31.1210708618, -16.3577728271, -4.83141946793, -31.5338840485, -12.3563899994, -29.505865097, -9.84285163879, -13.0870933533, -10.8176393509, -14.2320432663],
        "var": [3055.10717773, 1383.60046387, 137.925323486, 136.286987305, 55.0510902405, 84.483215332, 57.4724502563, 39.4835700989, 50.6909446716, 105.716293335, 69.9532241821, 124.018669128, 24.537147522]
    },
    "sccoeffs": {
        "mean": [-0.323050498962, -0.654693424702, -0.70617377758, -0.656799733639, -0.642261624336, -0.647145092487],
        "var": [0.0206582080573, 0.00419628759846, 0.00366809102707, 0.0057824649848, 0.0025857030414, 0.00294124544598]
    }
},
"sfx": {
    "inharmonicity": {
        "mean": 0.108948178589,
        "var": 0.00600643828511
    }
}
}