{
"metadata": {
    "version": {
        "essentia": "2.1-dev"
    }
},
"lowLevel": {
    "barkbands_kurtosis": {
        "mean": 7.9200334549,
        "var": 10.7060880661
    },
    "dissonance": {
        "mean": 0.170391857624,
        "var": 0.0037184341345
    },
    "hfc": {
        "mean": 28.503704071,
        "var": 110.006721497
    },
    "spectral_centroid": {
        "mean": 535.251953125,
        "var": 257.435028076
    },
    "spectral_complexity": {
        "mean": 7.49350643158,
        "var": 1.54865884781
    },
    "spectral_crest": {
        "mean": 18.7476463318,
        "var": 15.4855308533
    },
    "spectral_energyband_high": {
        "mean": 6.42141230855e-07,
        "var": 3.12008383539e-12
    },
    "spectral_energyband_low": {
        "mean": 1.61533280334e-05,
        "var": 1.46197619982e-11
    },
    "spectral_kurtosis": {
        "mean": 139.660598755,
        "var": 2026.02270508
    },
    "spectral_rolloff": {
        "mean": 596.218566895,
        "var": 2219.14648438
    },
    "spectral_strongpeak": {
        "mean": 3.70443606377,
        "var": 1.47252976894
    },
    "mfcc": {
        "mean": [-825.967529297, 250.783126831, -10.0484476089, -72.9177856445, -48.3700866699, -36.7459144592, -50.7362709045, -44.7841339111, -8.10835838318, -0.81204688549, -4.69180822372, -13.3940782547, -17.0037593842],
        "var": [654.904052734, 110.102577209, 268.57510376, 69.768913269, 49.7365989685, 51.4702339172, 39.1285324097, 30.0190086365, 53.5013809204, 51.4065628052, 47.8586502075, 51.4532775879, 48.6215782166]
    },
    "sccoeffs": {
        "mean": [-0.438867926598, -0.207635104656, -0.435361742973, -0.584125697613, -0.793840110302, -0.837269544601],
        "var": [0.00114637275692, 0.00445148907602, 0.00285901804455, 0.00146802794188, 0.00113723857794, 0.000416060123825]
    }
},
"sfx": {
    "inharmonicity": {
        "mean": 0.0173125118017,
        "var": 1.74266406248e-05
    }
}
}