{"lowlevel.dissonance.mean": [0.31835150718688965], "sfx.inharmonicity.mean": [0.289693683385849], "lowlevel.spectral_contrast.mean": [[0.5863536596298218, 0.9451555013656616, 0.973605751991272, 0.9555642604827881, 0.8617391586303711, 0.5862975120544434]], "lowlevel.spectral_centroid.mean": [0.4147421717643738], "lowlevel.mfcc.mean": [[0.49679553508758545, 0.3573678135871887, 0.2069704234600067, 0.5806167125701904, 0.38922134041786194, 0.33242687582969666, 0.42616087198257446, 0.6055082678794861, 0.5527745485305786, 0.5165694952011108, 0.5158077478408813, 1.1655207872390747, 1.3833469152450562]], "sfx.logattacktime.mean": [0.5950334072113037], "lowlevel.hfc.mean": [0.4714711308479309]}