{
"metadata": {
    "version": {
        "essentia": "2.1-dev"
    }
},
"lowLevel": {
    "barkbands_kurtosis": {
        "mean": -0.976700842381,
        "var": 0.0657180771232
    },
    "dissonance": {
        "mean": 0.419117748737,
        "var": 0.00093815830769
    },
    "hfc": {
        "mean": 26.567565918,
        "var": 106.034049988
    },
    "spectral_centroid": {
        "mean": 1646.90270996,
        "var": 65175.6601562
    },
    "spectral_complexity": {
        "mean": 10.4545450211,
        "var": 0.641872763634
    },
    "spectral_crest": {
        "mean": 9.06604385376,
        "var": 6.46243190765
    },
    "spectral_energyband_high": {
        "mean": 0.00043383197044,
        "var": 2.00625009938e-08
    },
    "spectral_energyband_low": {
        "mean": 3.970913167e-05,
        "var": 6.7412297966e-10
    },
    "spectral_kurtosis": {
        "mean": 7.52973222733,
        "var": 3.25061964989
    },
    "spectral_rolloff": {
        "mean": 2697.5246582,
        "var": 10278.859375
    },
    "spectral_strongpeak": {
        "mean": 3.06387710571,
        "var": 3.63135790825
    },
    "mfcc": {
        "mean": [-711.858093262, 44.3921661377, -106.465461731, 28.0381450653, -19.5317192078, -21.2190608978, -15.4014148712, 6.48487567902, -2.89608764648, -3.45468902588, -10.0454540253, 29.8986110687, 39.3714599609],
        "var": [346.84463501, 209.925094604, 78.2267074585, 29.3961677551, 49.8807220459, 114.199035645, 68.4296035767, 85.1570587158, 50.8356246948, 26.982011795, 74.2649459839, 80.6721801758, 43.357334137]
    },
    "sccoeffs": {
        "mean": [-0.613080739975, -0.434783160686, -0.460659980774, -0.512549877167, -0.572808265686, -0.663758277893],
        "var": [0.00228801718913, 0.00429159915075, 0.00229432876222, 0.000474637025036, 0.000548136304133, 0.00069333409192]
    }
},
"sfx": {
    "inharmonicity": {
        "mean": 0.0101333558559,
        "var": 0.000114281741844
    }
}
}