{
"metadata": {
    "version": {
        "essentia": "2.1-dev"
    }
},
"lowLevel": {
    "average_loudness": 0.972860097885,
    "barkbands_kurtosis": {
        "mean": 28.339553833,
        "var": 5408.25830078
    },
    "barkbands_skewness": {
        "mean": 1.61328554153,
        "var": 10.6477746964
    },
    "barkbands_spread": {
        "mean": 11.9384155273,
        "var": 55.907081604
    },
    "dissonance": {
        "mean": 0.379447668791,
        "var": 0.0078871101141
    },
    "hfc": {
        "mean": 13.3383674622,
        "var": 202.857528687
    },
    "pitch": {
        "mean": 415.285705566,
        "var": 84017.328125
    },
    "pitch_instantaneous_confidence": {
        "mean": 0.863241553307,
        "var": 0.0579144619405
    },
    "pitch_salience": {
        "mean": 0.562072634697,
        "var": 0.0380144007504
    },
    "silence_rate_20dB": {
        "mean": 1,
        "var": 0
    },
    "silence_rate_30dB": {
        "mean": 1,
        "var": 0
    },
    "silence_rate_60dB": {
        "mean": 0.439999997616,
        "var": 0.246399819851
    },
    "spectral_centroid": {
        "mean": 1022.12341309,
        "var": 542835.8125
    },
    "spectral_complexity": {
        "mean": 5.92000007629,
        "var": 24.9669303894
    },
    "spectral_crest": {
        "mean": 12.7824239731,
        "var": 26.8242950439
    },
    "spectral_decrease": {
        "mean": -1.83358073169e-09,
        "var": 3.4177125949e-18
    },
    "spectral_energy": {
        "mean": 0.0081301825121,
        "var": 6.78844153299e-05
    },
    "spectral_energyband_high": {
        "mean": 0.000232781589148,
        "var": 5.72893519291e-08
    },
    "spectral_energyband_low": {
        "mean": 2.67877931037e-05,
        "var": 5.72700886714e-10
    },
    "spectral_energyband_middle_high": {
        "mean": 0.0060954997316,
        "var": 4.53831889899e-05
    },
    "spectral_energyband_middle_low": {
        "mean": 0.00182642939035,
        "var": 5.90474564888e-06
    },
    "spectral_flatness_db": {
        "mean": 0.324833065271,
        "var": 0.00551304547116
    },
    "spectral_flux": {
        "mean": 0.0114569421858,
        "var": 7.86953605711e-05
    },
    "spectral_kurtosis": {
        "mean": 15.2428922653,
        "var": 354.466003418
    },
    "spectral_rms": {
        "mean": 0.00218962412328,
        "var": 3.13743066727e-06
    },
    "spectral_rolloff": {
        "mean": 1663.51342773,
        "var": 1366906.75
    },
    "spectral_skewness": {
        "mean": 3.04429388046,
        "var": 2.41772556305
    },
    "spectral_spread": {
        "mean": 6020469,
        "var": 1.65936638198e+13
    },
    "spectral_strongpeak": {
        "mean": 1.66838645935,
        "var": 3.75545740128
    },
    "zerocrossingrate": {
        "mean": 0.0505045577884,
        "var": 0.00121831730939
    },
    "barkbands": {
        "mean": [2.88254923362e-05, 9.62042759056e-06, 2.53477651313e-07, 1.46029668358e-08, 1.30019566313e-06, 2.31367221204e-06, 0.00182197336107, 4.96645043313e-07, 2.23504102337e-07, 0.00167424581014, 1.73926564457e-05, 3.50836018015e-07, 0.00106608844362, 5.70314568904e-07, 0.00019518561021, 0.000922559818719, 0.00146610534284, 0.000401108147344, 0.00017017259961, 0.000198445326532, 0.000119575830468, 1.76821467903e-05, 1.29351301439e-05, 2.08015626413e-06, 5.16499881087e-07, 1.54313511302e-07, 1.12853104639e-09],
        "var": [7.43740069531e-10, 1.01719993539e-10, 8.42704405606e-14, 2.20878319966e-16, 5.22533188593e-12, 1.81215823597e-11, 5.89268029216e-06, 4.80151671461e-13, 1.54943142735e-13, 5.10023210154e-06, 4.97861862847e-10, 2.34944388163e-13, 1.23865345358e-06, 1.4679751555e-12, 5.85119650509e-08, 2.19316575567e-06, 3.45193234352e-06, 2.79100277112e-07, 4.60195010987e-08, 4.62057947459e-08, 1.87820496933e-08, 5.77312919692e-10, 3.16111720133e-10, 5.56190640419e-12, 3.49087973155e-13, 3.26265063415e-14, 3.09472751702e-17]
    },
    "mfcc": {
        "mean": [-871.687866211, 57.2569465637, -46.6707305908, 20.027463913, -8.2978105545, -9.29674720764, -4.77954912186, 6.74714899063, 2.30470204353, 2.06738758087, 0.801765859127, 26.2246818542, 32.7725296021],
        "var": [31589.546875, 759.692260742, 4785.22021484, 371.684143066, 361.222747803, 340.215545654, 227.078277588, 94.2173538208, 94.8314743042, 73.4868774414, 204.262390137, 97.7767028809, 145.259277344]
    },
    "sccoeffs": {
        "mean": [-0.619570732117, -0.545333206654, -0.599759042263, -0.648131787777, -0.710118353367, -0.766586780548],
        "var": [0.00437288358808, 0.0287142302841, 0.0326494425535, 0.026660002768, 0.0234557129443, 0.0126564474776]
    },
    "scvalleys": {
        "mean": [-9.70816707611, -9.58514690399, -10.1789340973, -10.3684358597, -10.2968664169, -12.2376680374],
        "var": [0.430854737759, 1.97616291046, 2.34396839142, 3.34385442734, 5.34449625015, 2.05470085144]
    }
},
"rhythm": {
    "beats_loudness": {
        "mean": 0.0116029959172,
        "var": 7.51038460294e-05
    },
    "bpm": 102.346061707,
    "confidence": 0,
    "first_peak_bpm": {
        "mean": 101,
        "var": 0
    },
    "first_peak_spread": {
        "mean": 0.5,
        "var": 0
    },
    "first_peak_weight": {
        "mean": 0.25,
        "var": 0
    },
    "onset_rate": 2.03587675095,
    "second_peak_bpm": {
        "mean": 108,
        "var": 0
    },
    "second_peak_spread": {
        "mean": 0.5,
        "var": 0
    },
    "second_peak_weight": {
        "mean": 0.25,
        "var": 0
    },
    "beats_loudness_band_ratio": {
        "mean": [0.0489561595023, 0.000753703992814, 0.370869100094, 0.258624523878, 0.261604964733, 0.059761710465],
        "var": [0.00785587728024, 2.83249278255e-07, 0.0289034955204, 0.0060047567822, 0.022925645113, 0.00113155506551]
    },
    "beats_position": [0.53405892849, 1.09133780003, 1.62539684772, 2.21750569344, 2.79800438881],
    "bpm_estimates": [101.332717896, 103.359405518],
    "bpm_intervals": [0.557278871536, 0.534059047699, 0.592108845711, 0.580498695374],
    "onset_times": [0.220589563251, 0.301859408617, 0.487619042397, 2.65868473053, 2.97215414047, 3.15791392326, 3.27401351929],
    "histogram": [[0, 0, 0, 0, 0, 0, 0, 0, 0, 0, 0, 0, 0, 0, 0, 0, 0, 0, 0, 0, 0, 0, 0, 0, 0, 0, 0, 0, 0, 0, 0, 0, 0, 0, 0, 0, 0, 0, 0, 0, 0, 0, 0, 0, 0, 0, 0, 0, 0, 0, 0, 0, 0, 0, 0, 0, 0, 0, 0, 0, 0, 0, 0, 0, 0, 0, 0, 0, 0, 0, 0, 0, 0, 0, 0, 0, 0, 0, 0, 0, 0, 0, 0, 0, 0, 0, 0, 0, 0, 0, 0, 0, 0, 0, 0, 0, 0, 0, 0, 0, 0, 0.25, 0, 0.25, 0, 0, 0, 0, 0.25, 0, 0, 0, 0.25, 0, 0, 0, 0, 0, 0, 0, 0, 0, 0, 0, 0, 0, 0, 0, 0, 0, 0, 0, 0, 0, 0, 0, 0, 0, 0, 0, 0, 0, 0, 0, 0, 0, 0, 0, 0, 0, 0, 0, 0, 0, 0, 0, 0, 0, 0, 0, 0, 0, 0, 0, 0, 0, 0, 0, 0, 0, 0, 0, 0, 0, 0, 0, 0, 0, 0, 0, 0, 0, 0, 0, 0, 0, 0, 0, 0, 0, 0, 0, 0, 0, 0, 0, 0, 0, 0, 0, 0, 0, 0, 0, 0, 0, 0, 0, 0, 0, 0, 0, 0, 0, 0, 0, 0, 0, 0, 0, 0, 0, 0, 0, 0, 0, 0, 0, 0, 0, 0, 0, 0, 0, 0, 0, 0, 0, 0, 0, 0, 0, 0, 0, 0, 0, 0, 0, 0, 0]]
},
"sfx": {
    "inharmonicity": {
        "mean": 0.0153194507584,
        "var": 0.00069933780469
    },
    "oddtoevenharmonicenergyratio": {
        "mean": 7.70369720459,
        "var": 7152.22753906
    },
    "pitch_after_max_to_before_max_energy_ratio": 2.83986854553,
    "pitch_centroid": 78.5713806152,
    "pitch_max_to_total": 0.10000000149,
    "pitch_min_to_total": 0.0066666668281,
    "tristimulus": {
        "mean": [0.331740885973, 0.321745336056, 0.346513867378],
        "var": [0.077373765409, 0.0175781100988, 0.0606546066701]
    }
},
"tonal": {
    "chords_changes_rate": 0.039473682642,
    "chords_number_rate": 0.0263157896698,
    "chords_strength": {
        "mean": 0.537861347198,
        "var": 0.00586804235354
    },
    "key_strength": 0.693681895733,
    "tuning_diatonic_strength": 0.497199684381,
    "tuning_equal_tempered_deviation": 0.157314255834,
    "tuning_frequency": 442.293365479,
    "tuning_nontempered_energy_ratio": 0.662637710571,