{
"metadata": {
    "version": {
        "essentia": "2.1-dev"
    }
},
"lowLevel": {
    "barkbands_kurtosis": {
        "mean": 17.8006191254,
        "var": 412.122344971
    },
    "dissonance": {
        "mean": 0.464887350798,
        "var": 0.00552684674039
    },
    "hfc": {
        "mean": 114.213409424,
        "var": 1405.49572754
    },
    "spectral_centroid": {
        "mean": 1802.19152832,
        "var": 36793.5273438
    },
    "spectral_complexity": {
        "mean": 2.11848330498,
        "var": 0.104444973171
    },
    "spectral_crest": {
        "mean": 23.9695625305,
        "var": 9.27251434326
    },
    "spectral_energyband_high": {
        "mean": 5.70642368984e-05,
        "var": 4.2276174228e-10
    },
    "spectral_energyband_low": {
        "mean": 1.14281242247e-07,
        "var": 8.86198564889e-15
    },
    "spectral_kurtosis": {
        "mean": 21.8862628937,
        "var": 40.4940376282
    },
    "spectral_rolloff": {
        "mean": 2005.14160156,
        "var": 447971.3125
    },
    "spectral_strongpeak": {
        "mean": 14.0442266464,
        "var": 19.0045452118
    },
    "mfcc": {
        "mean": [-940.562805176, -31.9121322632, -108.646057129, -3.28984808922, 22.7718009949, 45.4986457825, 13.6419687271, -25.5185394287, -51.5388832092, 44.3711509705, 76.595085144, -38.3072242737, -46.8956985474],
        "var": [470.488342285, 120.931381226, 136.09147644, 112.997146606, 95.447303772, 109.740615845, 44.845790863, 56.8736190796, 70.9961700439, 57.8269119263, 58.2280426025, 61.973651886, 78.9679107666]
    },
    "sccoeffs": {
        "mean": [-0.795162498951, -0.887767612934, -0.891621351242, -0.333758890629, -0.514402031898, -0.736204564571],
        "var": [0.00313424528576, 0.000510666228365, 0.0004307400377, 0.00138185010292, 0.00293450639583, 0.00146886880975]
    }
},
"sfx": {
    "inharmonicity": {
        "mean": 7.95346495579e-05,
        "var": 2.99294349304e-08
    }
}
}