{
"metadata": {
    "version": {
        "essentia": "2.1-dev"
    }
},
"lowLevel": {
    "average_loudness": 0.936815738678,
    "barkbands_kurtosis": {
        "mean": 5.51823329926,
        "var": 126.53326416
    },
    "barkbands_skewness": {
        "mean": 1.98014903069,
        "var": 1.54337012768
    },
    "barkbands_spread": {
        "mean": 8.55271053314,
        "var": 257.33694458
    },
    "dissonance": {
        "mean": 0.287970423698,
        "var": 0.0105129880831
    },
    "hfc": {
        "mean": 3.86364459991,
        "var": 5.12376213074
    },
    "pitch": {
        "mean": 723.591186523,
        "var": 148348.046875
    },
    "pitch_instantaneous_confidence": {
        "mean": 0.902596175671,
        "var": 0.048000369221
    },
    "pitch_salience": {
        "mean": 0.406772226095,
        "var": 0.0104951458052
    },
    "silence_rate_20dB": {
        "mean": 1,
        "var": 0
    },
    "silence_rate_30dB": {
        "mean": 1,
        "var": 0
    },
    "silence_rate_60dB": {
        "mean": 0.215384617448,
        "var": 0.168993994594
    },
    "spectral_centroid": {
        "mean": 844.233764648,
        "var": 84867.7734375
    },
    "spectral_complexity": {
        "mean": 2.09230780602,
        "var": 1.12224590778
    },
    "spectral_crest": {
        "mean": 20.8101558685,
        "var": 20.3473472595
    },
    "spectral_decrease": {
        "mean": -1.17835974311e-09,
        "var": 4.28171432524e-19
    },
    "spectral_energy": {
        "mean": 0.004797834903,
        "var": 7.15000396667e-06
    },
    "spectral_energyband_high": {
        "mean": 5.37328958217e-07,
        "var": 1.23508110206e-13
    },
    "spectral_energyband_low": {
        "mean": 1.36151797392e-07,
        "var": 2.13806904581e-14
    },
    "spectral_energyband_middle_high": {
        "mean": 0.000903992680833,
        "var": 5.033645607e-07
    },
    "spectral_energyband_middle_low": {
        "mean": 0.00389326177537,
        "var": 4.20489595854e-06
    },
    "spectral_flatness_db": {
        "mean": 0.466727137566,
        "var": 0.0226387567818
    },
    "spectral_flux": {
        "mean": 0.00371638778597,
        "var": 1.11589579319e-05
    },
    "spectral_kurtosis": {
        "mean": 25.7193832397,
        "var": 170.45451355
    },
    "spectral_rms": {
        "mean": 0.00194986001588,
        "var": 8.78859907516e-07
    },
    "spectral_rolloff": {
        "mean": 1249.01037598,
        "var": 807204.1875
    },
    "spectral_skewness": {
        "mean": 4.26958942413,
        "var": 1.58038890362
    },
    "spectral_spread": {
        "mean": 5014547,
        "var": 2.9560475222e+13
    },
    "spectral_strongpeak": {
        "mean": 1.26972794533,
        "var": 0.42642223835
    },
    "zerocrossingrate": {
        "mean": 0.0369854271412,
        "var": 0.000332553958287
    },
    "barkbands": {
        "mean": [2.52325975225e-07, 3.13432586552e-08, 1.71116099068e-09, 5.79895742536e-10, 6.40442934241e-08, 5.97966165472e-09, 1.03427248987e-08, 2.48184903739e-07, 0.00389266968705, 6.08242260114e-07, 5.54605357195e-08, 1.05339360346e-07, 0.000831438752357, 4.49334947916e-07, 1.95048087335e-05, 4.58246286144e-05, 5.13174256866e-07, 3.5635491713e-07, 5.03798128193e-06, 3.62634494877e-07, 1.22536590652e-07, 7.58591198746e-08, 3.09951104782e-08, 3.1818530033e-08, 2.80400502817e-08, 1.60944964023e-08, 1.88956558733e-10],
        "var": [1.12736758134e-13, 1.33929969708e-15, 2.24513713411e-18, 4.17411105225e-19, 4.78496636844e-14, 6.17075214952e-17, 3.21853779353e-16, 1.15042890036e-13, 4.20382366428e-06, 7.6810926326e-13, 3.89574982516e-14, 1.33886364452e-14, 4.21508786985e-07, 2.09312059872e-13, 1.04886799246e-09, 2.94139756996e-09, 3.19068935769e-13, 1.12488170905e-13, 2.6525701774e-11, 8.82022590815e-14, 5.21144389985e-15, 2.18537697941e-15, 6.05859691402e-16, 1.42071449227e-15, 9.3076702453e-16, 2.1912140158e-16, 1.1761783235e-19]
    },
    "mfcc": {
        "mean": [-997.280029297, 59.6840934753, -75.0119247437, -41.0437812805, -23.3023357391, -15.442574501, 7.64818334579, 3.25587058067, 17.616558075, 47.8605690002, 39.7490501404, 3.71986627579, -21.1484737396],
        "var": [3091.36889648, 509.689422607, 1294.09936523, 425.773803711, 228.881011963, 128.64225769, 47.6494560242, 42.5751419067, 59.1888122559, 312.821014404, 231.79397583, 46.9101638794, 116.291648865]
    },
    "sccoeffs": {
        "mean": [-0.765836119652, -0.472702175379, -0.459471523762, -0.574402153492, -0.820387721062, -0.851386427879],
        "var": [0.00296557229012, 0.0312476493418, 0.0331691876054, 0.0188930109143, 0.00132654269692, 0.000615161261521]
    },
    "scvalleys": {
        "mean": [-11.1915063858, -11.1683855057, -10.4827394485, -10.2562761307, -10.6312179565, -12.2198553085],
        "var": [0.138191878796, 0.267897874117, 0.526781022549, 0.572839319706, 0.643437981606, 0.6511952281]
    }
},
"rhythm": {
    "beats_loudness": {
        "mean": 0.00563122937456,
        "var": 5.34434866495e-06
    },
    "bpm": 105.50390625,
    "confidence": 0.40000000596,
    "first_peak_bpm": {
        "mean": 103,
        "var": 0
    },
    "first_peak_spread": {
        "mean": 0.33333337307,
        "var": 0
    },
    "first_peak_weight": {
        "mean": 0.222222223878,
        "var": 0
    },
    "onset_rate": 0.998287200928,
    "second_peak_bpm": {
        "mean": 108,
        "var": 0
    },
    "second_peak_spread": {
        "mean": 0.600000023842,
        "var": 0
    },
    "second_peak_weight": {
        "mean": 0.222222223878,
        "var": 0
    },
    "beats_loudness_band_ratio": {
        "mean": [0.0224418509752, 0.000402966223191, 0.808652997017, 0.152168735862, 0.0134248640388, 0.00304823881015],
        "var": [0.00452011916786, 1.41585258007e-06, 0.00631007924676, 0.00357871130109, 0.000159916933626, 3.04391396639e-05]
    },
    "beats_position": [0.510838985443, 1.04489791393, 1.6137868166, 2.15945577621, 2.71673464775, 3.26240348816, 3.87773227692, 4.45823097229, 5.01551008224, 5.59600877762],
    "bpm_estimates": [105.46875, 107.666023254, 103.359405518, 107.665977478, 103.359405518],
    "bpm_intervals": [0.53405892849, 0.568888902664, 0.545668959618, 0.557278871536, 0.545668840408, 0.615328788757, 0.580498695374, 0.557279109955, 0.580498695374],
    "onset_times": [0.0116099771112, 0.301859408617, 0.510838985443, 0.917188227177, 5.74693870544, 5.93269824982],
    "histogram": [[0, 0, 0, 0, 0, 0, 0, 0, 0, 0, 0, 0, 0, 0, 0, 0, 0, 0, 0, 0, 0, 0, 0, 0, 0, 0, 0, 0, 0, 0, 0, 0, 0, 0, 0, 0, 0, 0, 0, 0, 0, 0, 0, 0, 0, 0, 0, 0, 0, 0, 0, 0, 0, 0, 0, 0, 0, 0, 0, 0, 0, 0, 0, 0, 0, 0, 0, 0, 0, 0, 0, 0, 0, 0, 0, 0, 0, 0, 0, 0, 0, 0, 0, 0, 0, 0, 0, 0, 0, 0, 0, 0, 0, 0, 0, 0, 0, 0, 0.111111111939, 0, 0, 0, 0, 0.222222223878, 0, 0.111111111939, 0, 0, 0.222222223878, 0, 0.222222223878, 0, 0.111111111939, 0, 0, 0, 0, 0, 0, 0, 0, 0, 0, 0, 0, 0, 0, 0, 0, 0, 0, 0, 0, 0, 0, 0, 0, 0, 0, 0, 0, 0, 0, 0, 0, 0, 0, 0, 0, 0, 0, 0, 0, 0, 0, 0, 0, 0, 0, 0, 0, 0, 0, 0, 0, 0, 0, 0, 0, 0, 0, 0, 0, 0, 0, 0, 0, 0, 0, 0, 0, 0, 0, 0, 0, 0, 0, 0, 0, 0, 0, 0, 0, 0, 0, 0, 0, 0, 0, 0, 0, 0, 0, 0, 0, 0, 0, 0, 0, 0, 0, 0, 0, 0, 0, 0, 0, 0, 0, 0, 0, 0, 0, 0, 0, 0, 0, 0, 0, 0, 0, 0, 0, 0, 0, 0, 0, 0, 0, 0, 0, 0, 0, 0, 0, 0, 0, 0, 0, 0]]
},
"sfx": {
    "inharmonicity": {
        "mean": 0.00876289326698,
        "var": 0.00119967153296
    },
    "oddtoevenharmonicenergyratio": {
        "mean": 0.395952999592,
        "var": 1.6325917244
    },
    "pitch_after_max_to_before_max_energy_ratio": 0.26468655467,
    "pitch_centroid": 138.0834198,
    "pitch_max_to_total": 0.953846156597,
    "pitch_min_to_total": 0.0423076935112,
    "tristimulus": {
        "mean": [0.605806052685, 0.345617890358, 0.0485763177276],
        "var": [0.0264814533293, 0.0160237718374, 0.0120710758492]
    }
},
"tonal": {
    "chords_changes_rate": 0.0610687024891,
    "chords_number_rate": 0.0152671756223,