{
"metadata": {
    "version": {
        "essentia": "2.1-dev"
    }
},
"lowLevel": {
    "average_loudness": 0.986056268215,
    "barkbands_kurtosis": {
        "mean": 54.9282493591,
        "var": 29662.0136719
    },
    "barkbands_skewness": {
        "mean": 3.08226919174,
        "var": 22.2776031494
    },
    "barkbands_spread": {
        "mean": 13.0802669525,
        "var": 58.1780891418
    },
    "dissonance": {
        "mean": 0.373431622982,
        "var": 0.0033049271442
    },
    "hfc": {
        "mean": 48.6789474487,
        "var": 1868.56433105
    },
    "pitch": {
        "mean": 434.220703125,
        "var": 11979.7841797
    },
    "pitch_instantaneous_confidence": {
        "mean": 0.88311880827,
        "var": 0.0544375143945
    },
    "pitch_salience": {
        "mean": 0.45243909955,
        "var": 0.0342170707881
    },
    "silence_rate_20dB": {
        "mean": 1,
        "var": 0
    },
    "silence_rate_30dB": {
        "mean": 0.992366433144,
        "var": 0.00757532473654
    },
    "silence_rate_60dB": {
        "mean": 0.351145029068,
        "var": 0.227842077613
    },
    "spectral_centroid": {
        "mean": 759.828674316,
        "var": 224699.4375
    },
    "spectral_complexity": {
        "mean": 5.77862596512,
        "var": 17.5616912842
    },
    "spectral_crest": {
        "mean": 15.9717111588,
        "var": 14.5391645432
    },
    "spectral_decrease": {
        "mean": -1.05400692618e-08,
        "var": 8.46906686406e-17
    },
    "spectral_energy": {
        "mean": 0.044195946306,
        "var": 0.00149337493349
    },
    "spectral_energyband_high": {
        "mean": 0.00024261623912,
        "var": 5.26731511741e-08
    },
    "spectral_energyband_low": {
        "mean": 2.2182792236e-05,
        "var": 5.15191556083e-10
    },
    "spectral_energyband_middle_high": {
        "mean": 0.0215607769787,
        "var": 0.000373483315343
    },
    "spectral_energyband_middle_low": {
        "mean": 0.0223581213504,
        "var": 0.000368744978914
    },
    "spectral_flatness_db": {
        "mean": 0.369907200336,
        "var": 0.00448460271582
    },
    "spectral_flux": {
        "mean": 0.0116446018219,
        "var": 0.000112072630145
    },
    "spectral_kurtosis": {
        "mean": 14.1405639648,
        "var": 98.4681549072
    },
    "spectral_rms": {
        "mean": 0.00521449651569,
        "var": 1.59270311997e-05
    },
    "spectral_rolloff": {
        "mean": 1538.88549805,
        "var": 1067786.125
    },
    "spectral_skewness": {
        "mean": 3.01334691048,
        "var": 0.876324474812
    },
    "spectral_spread": {
        "mean": 6244243,
        "var": 2.97031235011e+13
    },
    "spectral_strongpeak": {
        "mean": 2.20414805412,
        "var": 2.92795586586
    },
    "zerocrossingrate": {
        "mean": 0.0443217754364,
        "var": 0.000686931656674
    },
    "barkbands": {
        "mean": [2.8737296816e-05, 5.75803687752e-06, 9.39758848517e-08, 1.79495813768e-08, 9.70073074313e-07, 1.93086634681e-06, 0.022350391373, 4.45932937509e-06, 2.84174547005e-07, 0.000753190426622, 0.00999535713345, 1.58360492719e-07, 0.00072537426604, 2.4109175456e-07, 0.000636333948933, 0.000481287832372, 0.00605149520561, 0.000881818705238, 0.000847267685458, 0.00138746760786, 1.1354981325e-05, 1.65308229043e-05, 1.063039781e-05, 3.10541986437e-06, 1.05314813936e-06, 7.00812961441e-07, 3.49526185772e-09],
        "var": [1.03679453911e-09, 3.6181876939e-11, 2.21774973162e-15, 4.50425492752e-16, 2.95419916828e-12, 6.93504975668e-12, 0.000368538749171, 2.37537454983e-11, 8.31887252768e-14, 4.39784344053e-07, 8.26038303785e-05, 2.5141518438e-14, 4.49683682291e-07, 2.89642089609e-13, 3.76135346869e-07, 1.66531137324e-07, 2.88211886073e-05, 8.05451577435e-07, 6.65362904329e-07, 1.72539114374e-06, 1.08924855247e-10, 2.18561238552e-10, 1.20594492725e-10, 1.11592011673e-11, 1.00417070492e-12, 5.30015376206e-13, 6.60454485334e-17]
    },
    "mfcc": {
        "mean": [-843.43536377, 47.1122512817, -69.3973770142, 20.0754947662, -5.94313764572, -23.8520622253, -7.56635522842, 5.2900261879, -7.09878730774, 8.06911754608, 10.684803009, 29.307466507, 42.3026771545],
        "var": [33962.6640625, 386.313140869, 4986.02099609, 103.408355713, 249.310684204, 633.604187012, 185.354110718, 62.1225891113, 271.029998779, 63.874912262, 70.9337463379, 69.7890319824, 216.668182373]
    },
    "sccoeffs": {
        "mean": [-0.634018838406, -0.417195111513, -0.50139015913, -0.635508060455, -0.618489801884, -0.743116557598],
        "var": [0.00658668810502, 0.0553801245987, 0.0595576427877, 0.0333473049104, 0.0414834432304, 0.0132357133552]
    },
    "scvalleys": {
        "mean": [-9.73986339569, -9.46842479706, -10.2138662338, -10.3781290054, -10.3681735992, -12.2201719284],
        "var": [0.547707021236, 2.57034111023, 2.5538585186, 3.09761619568, 4.14491081238, 1.44936430454]
    }
},
"rhythm": {
    "beats_loudness": {
        "mean": 0.0581969805062,
        "var": 0.00146296760067
    },
    "bpm": 93.4037704468,
    "confidence": 0,
    "first_peak_bpm": {
        "mean": 94,
        "var": 0
    },
    "first_peak_spread": {
        "mean": 0.333333313465,
        "var": 0
    },
    "first_peak_weight": {
        "mean": 0.666666686535,
        "var": 0
    },
    "onset_rate": 1.66667914391,
    "second_peak_bpm": {
        "mean": 0,
        "var": 0
    },
    "second_peak_spread": {
        "mean": 0,
        "var": 0
    },
    "second_peak_weight": {
        "mean": 0,
        "var": 0
    },
    "beats_loudness_band_ratio": {
        "mean": [0.248114302754, 7.09934174665e-05, 0.379861295223, 0.194320231676, 0.136686548591, 0.0409816987813],
        "var": [0.18422549963, 1.87098736504e-09, 0.0465635731816, 0.0129002295434, 0.00623175594956, 0.000603676890023]
    },
    "beats_position": [0.626938760281, 1.27709746361, 1.91564619541, 2.55419492722],
    "bpm_estimates": [92.28515625, 93.9630737305, 93.9630737305],
    "bpm_intervals": [0.650158703327, 0.638548731804, 0.638548731804],
    "onset_times": [0.162539675832, 2.41487526894, 2.47292518616, 2.79800462723, 3.00698423386],
    "histogram": [[0, 0, 0, 0, 0, 0, 0, 0, 0, 0, 0, 0, 0, 0, 0, 0, 0, 0, 0, 0, 0, 0, 0, 0, 0, 0, 0, 0, 0, 0, 0, 0, 0, 0, 0, 0, 0, 0, 0, 0, 0, 0, 0, 0, 0, 0, 0, 0, 0, 0, 0, 0, 0, 0, 0, 0, 0, 0, 0, 0, 0, 0, 0, 0, 0, 0, 0, 0, 0, 0, 0, 0, 0, 0, 0, 0, 0, 0, 0, 0, 0, 0, 0, 0, 0, 0, 0, 0, 0, 0, 0, 0, 0.333333343267, 0, 0.666666686535, 0, 0, 0, 0, 0, 0, 0, 0, 0, 0, 0, 0, 0, 0, 0, 0, 0, 0, 0, 0, 0, 0, 0, 0, 0, 0, 0, 0, 0, 0, 0, 0, 0, 0, 0, 0, 0, 0, 0, 0, 0, 0, 0, 0, 0, 0, 0, 0, 0, 0, 0, 0, 0, 0, 0, 0, 0, 0, 0, 0, 0, 0, 0, 0, 0, 0, 0, 0, 0, 0, 0, 0, 0, 0, 0, 0, 0, 0, 0, 0, 0, 0, 0, 0, 0, 0, 0, 0, 0, 0, 0, 0, 0, 0, 0, 0, 0, 0, 0, 0, 0, 0, 0, 0, 0, 0, 0, 0, 0, 0, 0, 0, 0, 0, 0, 0, 0, 0, 0, 0, 0, 0, 0, 0, 0, 0, 0, 0, 0, 0, 0, 0, 0, 0, 0, 0, 0, 0, 0, 0, 0, 0, 0, 0, 0, 0, 0, 0, 0, 0, 0, 0, 0, 0, 0]]
},
"sfx": {
    "inharmonicity": {
        "mean": 0.0116930752993,
        "var": 0.000830870587379
    },
    "oddtoevenharmonicenergyratio": {
        "mean": 2.59757517002e+36,
        "var": inf
    },
    "pitch_after_max_to_before_max_energy_ratio": 0.010126825422,
    "pitch_centroid": 67.4336700439,
    "pitch_max_to_total": 0.977099239826,
    "pitch_min_to_total": 0.053435113281,
    "tristimulus": {
        "mean": [0.398546904325, 0.295870214701, 0.305582761765],
        "var": [0.0526275075972, 0.0169121902436, 0.030525393784]
    }
},
"tonal": {
    "chords_changes_rate": 0.0757575780153,
    "chords_number_rate": 0.0454545468092,
    "chords_strength": {
        "mean": 0.408470392227,
        "var": 0.000295237172395
    },
    "key_strength": 0.60673981905,
    "tuning_diatonic_strength": 0.431028276682,
    "tuning_equal_tempered_deviation": 0.097086712718,
    "tuning_frequency": 440,
    "tuning_nontempered_energy_ratio": 0.643484115601,