{
"metadata": {
    "version": {
        "essentia": "2.1-dev"
    }
},
"lowLevel": {
    "barkbands_kurtosis": {
        "mean": -0.588889539242,
        "var": 0.311442524195
    },
    "dissonance": {
        "mean": 0.375078618526,
        "var": 0.000928617198952
    },
    "hfc": {
        "mean": 77.5212783813,
        "var": 759.545532227
    },
    "spectral_centroid": {
        "mean": 1092.82446289,
        "var": 6264.70068359
    },
    "spectral_complexity": {
        "mean": 8.87804889679,
        "var": 0.375371783972
    },
    "spectral_crest": {
        "mean": 13.8288459778,
        "var": 0.968376815319
    },
    "spectral_energyband_high": {
        "mean": 0.000385316961911,
        "var": 2.95345063961e-08
    },
    "spectral_energyband_low": {
        "mean": 2.25935218623e-05,
        "var": 4.37853864277e-10
    },
    "spectral_kurtosis": {
        "mean": 13.4149675369,
        "var": 53.4013748169
    },
    "spectral_rolloff": {
        "mean": 2277.00732422,
        "var": 66439.6484375
    },
    "spectral_strongpeak": {
        "mean": 3.45920872688,
        "var": 0.426718592644
    },
    "mfcc": {
        "mean": [-708.298950195, 44.7012901306, -120.880241394, 21.3071537018, -16.0958385468, -41.9652023315, -16.3344612122, 1.878729105, -18.311340332, 4.85551023483, 5.90315580368, 32.7638778687, 51.419593811],
        "var": [810.637756348, 280.585968018, 115.52104187, 46.5969467163, 16.6480941772, 34.5687866211, 19.0009250641, 24.7000007629, 35.8264389038, 33.7539672852, 23.8055458069, 26.9459667206, 20.8104972839]
    },
    "sccoeffs": {
        "mean": [-0.656772851944, -0.253003776073, -0.324831008911, -0.504839003086, -0.468500286341, -0.659483492374],
        "var": [0.00446572899818, 0.00101898226421, 0.00104944175109, 0.000593134085648, 0.000856022932567, 0.000929305737372]
    }
},
"sfx": {
    "inharmonicity": {
        "mean": 0.00484299752861,
        "var": 9.25733729673e-07
    }
}
}