{
"metadata": {
    "version": {
        "essentia": "2.1-dev"
    }
},
"lowLevel": {
    "barkbands_kurtosis": {
        "mean": 4.53621816635,
        "var": 8.20917510986
    },
    "dissonance": {
        "mean": 0.494443386793,
        "var": 8.60820146045e-05
    },
    "hfc": {
        "mean": 338.087432861,
        "var": 71425.015625
    },
    "spectral_centroid": {
        "mean": 5039.90087891,
        "var": 199420.6875
    },
    "spectral_complexity": {
        "mean": 36.1199989319,
        "var": 63.7055969238
    },
    "spectral_crest": {
        "mean": 6.61738157272,
        "var": 1.63646662235
    },
    "spectral_energyband_high": {
        "mean": 0.0406339168549,
        "var": 0.000993692665361
    },
    "spectral_energyband_low": {
        "mean": 2.64034188149e-05,
        "var": 5.71086122836e-10
    },
    "spectral_kurtosis": {
        "mean": 0.0016169261653,
        "var": 0.107872731984
    },
    "spectral_rolloff": {
        "mean": 7190.36767578,
        "var": 394124
    },
    "spectral_strongpeak": {
        "mean": 7.75698804855,
        "var": 29.2929439545
    },
    "mfcc": {
        "mean": [-596.37109375, -85.8577346802, -54.0194625854, 8.14766693115, -12.815372467, -7.53325557709, -29.4446525574, -1.87961816788, -13.7285432816, 3.41704535484, 15.37068367, 19.9640960693, 17.8137016296],
        "var": [3358.30224609, 485.311065674, 309.948272705, 105.740539551, 16.4747371674, 88.9306182861, 55.6802215576, 147.464385986, 51.5896148682, 31.4368038177, 27.0967311859, 95.3995132446, 181.140258789]
    },
    "sccoeffs": {
        "mean": [-0.633404433727, -0.714523077011, -0.805946052074, -0.687526702881, -0.724439024925, -0.698280274868],
        "var": [0.00460296077654, 0.00270764436573, 0.000793424085714, 0.00223331293091, 0.0012899072608, 0.000746780133341]
    }
},
"sfx": {
    "inharmonicity": {
        "mean": 0.0709101855755,
        "var": 0.00758334714919
    }
}
}