{
"metadata": {
    "version": {
        "essentia": "2.1-dev"
    }
},
"lowLevel": {
    "average_loudness": 0.717127740383,
    "barkbands_kurtosis": {
        "mean": 10.4131326675,
        "var": 2567.29321289
    },
    "barkbands_skewness": {
        "mean": -1.12849748135,
        "var": 7.53087520599
    },
    "barkbands_spread": {
        "mean": 24.747505188,
        "var": 391.210083008
    },
    "dissonance": {
        "mean": 0.494304537773,
        "var": 7.45785000618e-05
    },
    "hfc": {
        "mean": 92.8090286255,
        "var": 40344.2539062
    },
    "pitch": {
        "mean": 1826.15014648,
        "var": 1563562.625
    },
    "pitch_instantaneous_confidence": {
        "mean": 0.362364351749,
        "var": 0.00859193038195
    },
    "pitch_salience": {
        "mean": 0.605755984783,
        "var": 0.0217252504081
    },
    "silence_rate_20dB": {
        "mean": 1,
        "var": 0
    },
    "silence_rate_30dB": {
        "mean": 0.926315784454,
        "var": 0.0682547539473
    },
    "silence_rate_60dB": {
        "mean": 0.642105281353,
        "var": 0.229805842042
    },
    "spectral_centroid": {
        "mean": 3288.09204102,
        "var": 2088586.125
    },
    "spectral_complexity": {
        "mean": 12.4421052933,
        "var": 252.520599365
    },
    "spectral_crest": {
        "mean": 8.8500995636,
        "var": 15.9082946777
    },
    "spectral_decrease": {
        "mean": -2.56903986973e-09,
        "var": 2.72495247148e-17
    },
    "spectral_energy": {
        "mean": 0.0181142017245,
        "var": 0.00143515144009
    },
    "spectral_energyband_high": {
        "mean": 0.0110708307475,
        "var": 0.000574399658944
    },
    "spectral_energyband_low": {
        "mean": 2.24262894335e-05,
        "var": 3.54343027142e-10
    },
    "spectral_energyband_middle_high": {
        "mean": 0.00664095813408,
        "var": 0.000173428226844
    },
    "spectral_energyband_middle_low": {
        "mean": 0.000357635231921,
        "var": 2.42260239247e-06
    },
    "spectral_flatness_db": {
        "mean": 0.204032853246,
        "var": 0.00129957310855
    },
    "spectral_flux": {
        "mean": 0.0524198040366,
        "var": 0.00484532071277
    },
    "spectral_kurtosis": {
        "mean": 3.96764373779,
        "var": 20.3802680969
    },
    "spectral_rms": {
        "mean": 0.00260233529843,
        "var": 1.09002457975e-05
    },
    "spectral_rolloff": {
        "mean": 4919.09033203,
        "var": 3128461.5
    },
    "spectral_skewness": {
        "mean": 1.04288458824,
        "var": 0.307577580214
    },
    "spectral_spread": {
        "mean": 5668185.5,
        "var": 8.8471723049e+12
    },
    "spectral_strongpeak": {
        "mean": 2.58779382706,
        "var": 17.878818512
    },
    "zerocrossingrate": {
        "mean": 0.164478823543,
        "var": 0.00368561968207
    },
    "barkbands": {
        "mean": [5.60151493119e-05, 3.14322664963e-06, 1.18119928061e-07, 2.89356847816e-07, 1.06804927782e-05, 5.50528529857e-05, 0.000106814281025, 0.000152373831952, 3.14064236591e-05, 1.02456424429e-05, 9.41155758483e-06, 4.74608859804e-05, 0.000114680326078, 0.000390695262467, 0.000213864914258, 0.000799515284598, 0.000357203563908, 0.00167860544752, 0.00277623813599, 0.000605788256507, 0.00243015866727, 0.00211168057285, 0.00384713243693, 0.00159414345399, 0.000547569012269, 0.000162293203175, 1.63202503245e-06],
        "var": [2.94584734384e-09, 1.18475758717e-11, 2.13124182473e-13, 1.26595478891e-12, 2.45724240955e-09, 1.3739492033e-07, 1.15281309832e-07, 7.28326142507e-07, 2.90235320222e-08, 7.9526291108e-10, 5.55713586259e-10, 2.21155840308e-08, 5.16193381372e-08, 3.33734692504e-06, 2.6272189757e-07, 2.17531191993e-06, 4.4526635179e-07, 9.98026916932e-06, 4.42199561803e-05, 1.54306837885e-06, 2.50949669862e-05, 2.00673330255e-05, 6.72443929943e-05, 1.92426650756e-05, 2.22358130486e-06, 3.73282233568e-07, 6.97258223381e-11]
    },
    "mfcc": {
        "mean": [-781.646606445, -18.8734836578, -71.34324646, 30.1687450409, -9.0159740448, 1.32318770885, -9.58567047119, 7.47966432571, -4.86469364166, 4.92471265793, 14.6907787323, 21.0231246948, 23.060874939],
        "var": [18686.65625, 3322.51342773, 559.175476074, 242.320770264, 129.494247437, 93.1429672241, 261.343292236, 90.7634887695, 85.3601608276, 34.148059845, 20.9974861145, 49.8585281372, 89.6696624756]
    },
    "sccoeffs": {
        "mean": [-0.622297048569, -0.716875195503, -0.799422562122, -0.768500208855, -0.774584889412, -0.688935935497],
        "var": [0.00524639943615, 0.00210448540747, 0.00099857407622, 0.004298127722, 0.0020375137683, 0.00209481548518]
    },
    "scvalleys": {
        "mean": [-9.50187778473, -9.03282356262, -8.48388767242, -7.70046043396, -7.33243751526, -9.68072223663],
        "var": [0.481229692698, 1.72238957882, 0.852321565151, 1.12421452999, 1.81697952747, 7.26558256149]
    }
},
"rhythm": {
    "beats_loudness": {
        "mean": 0.0148552795872,
        "var": 0.000744387332816
    },
    "bpm": 198.768035889,
    "confidence": 0,
    "first_peak_bpm": {
        "mean": 199,
        "var": 0
    },
    "first_peak_spread": {
        "mean": 0,
        "var": 0
    },
    "first_peak_weight": {
        "mean": 1,
        "var": 0
    },
    "onset_rate": 0.458153247833,
    "second_peak_bpm": {
        "mean": 0,
        "var": 0
    },
    "second_peak_spread": {
        "mean": 0,
        "var": 0
    },
    "second_peak_weight": {
        "mean": 0,
        "var": 0
    },
    "beats_loudness_band_ratio": {
        "mean": [0.0710360407829, 0.000744995370042, 0.0186863224953, 0.0364157371223, 0.3644323349, 0.513512313366],
        "var": [0.00764265283942, 1.40938595905e-07, 0.000407921528677, 0.000757418863941, 0.00881536398083, 0.0303309690207]
    },
    "beats_position": [0.278639435768, 0.580498874187, 0.882358253002, 1.18421769142, 1.48607707024, 1.78793644905],
    "bpm_estimates": [198.768005371, 198.768051147, 198.768005371, 198.768051147, 198.768051147],
    "bpm_intervals": [0.301859438419, 0.301859378815, 0.301859438419, 0.301859378815, 0.301859378815],
    "onset_times": [0.0464399084449],
    "histogram": [[0, 0, 0, 0, 0, 0, 0, 0, 0, 0, 0, 0, 0, 0, 0, 0, 0, 0, 0, 0, 0, 0, 0, 0, 0, 0, 0, 0, 0, 0, 0, 0, 0, 0, 0, 0, 0, 0, 0, 0, 0, 0, 0, 0, 0, 0, 0, 0, 0, 0, 0, 0, 0, 0, 0, 0, 0, 0, 0, 0, 0, 0, 0, 0, 0, 0, 0, 0, 0, 0, 0, 0, 0, 0, 0, 0, 0, 0, 0, 0, 0, 0, 0, 0, 0, 0, 0, 0, 0, 0, 0, 0, 0, 0, 0, 0, 0, 0, 0, 0, 0, 0, 0, 0, 0, 0, 0, 0, 0, 0, 0, 0, 0, 0, 0, 0, 0, 0, 0, 0, 0, 0, 0, 0, 0, 0, 0, 0, 0, 0, 0, 0, 0, 0, 0, 0, 0, 0, 0, 0, 0, 0, 0, 0, 0, 0, 0, 0, 0, 0, 0, 0, 0, 0, 0, 0, 0, 0, 0, 0, 0, 0, 0, 0, 0, 0, 0, 0, 0, 0, 0, 0, 0, 0, 0, 0, 0, 0, 0, 0, 0, 0, 0, 0, 0, 0, 0, 0, 0, 0, 0, 0, 0, 0, 0, 0, 0, 0, 0, 1, 0, 0, 0, 0, 0, 0, 0, 0, 0, 0, 0, 0, 0, 0, 0, 0, 0, 0, 0, 0, 0, 0, 0, 0, 0, 0, 0, 0, 0, 0, 0, 0, 0, 0, 0, 0, 0, 0, 0, 0, 0, 0, 0, 0, 0, 0, 0, 0, 0, 0]]
},
"sfx": {
    "inharmonicity": {
        "mean": 0.0764103457332,
        "var": 0.0087806917727
    },
    "oddtoevenharmonicenergyratio": {
        "mean": 1.34048545361,
        "var": 24.2117862701
    },
    "pitch_after_max_to_before_max_energy_ratio": 3.41689705849,
    "pitch_centroid": 50.847694397,
    "pitch_max_to_total": 0.34736841917,
    "pitch_min_to_total": 0,
    "tristimulus": {
        "mean": [0.44820868969, 0.293728709221, 0.258062541485],
        "var": [0.215594768524, 0.115638159215, 0.119648329914]
    }
},
"tonal": {
    "chords_changes_rate": 0.0416666679084,
    "chords_number_rate": 0.0625,
    "chords_strength": {
        "mean": 0.377547383308,
        "var": 0.000595391262323
    },
    "key_strength": 0.682464778423,
    "tuning_diatonic_strength": 0.523813247681,
    "tuning_equal_tempered_deviation": 0.27559658885,
    "tuning_frequency": 448.467559814,
    "tuning_nontempered_energy_ratio": 0.958139657974,