{
"metadata": {
    "version": {
        "essentia": "2.1-dev"
    }
},
"lowLevel": {
    "barkbands_kurtosis": {
        "mean": 3.2804043293,
        "var": 2.36179304123
    },
    "dissonance": {
        "mean": 0.496994256973,
        "var": 1.44580799315e-05
    },
    "hfc": {
        "mean": 405.140014648,
        "var": 116696.015625
    },
    "spectral_centroid": {
        "mean": 5384.16064453,
        "var": 106666.398438
    },
    "spectral_complexity": {
        "mean": 39.5,
        "var": 73.0500030518
    },
    "spectral_crest": {
        "mean": 6.13137149811,
        "var": 1.68195128441
    },
    "spectral_energyband_high": {
        "mean": 0.0499820224941,
        "var": 0.00165976397693
    },
    "spectral_energyband_low": {
        "mean": 2.74010199064e-05,
        "var": 1.51721868402e-09
    },
    "spectral_kurtosis": {
        "mean": -0.14171667397,
        "var": 0.0756166428328
    },
    "spectral_rolloff": {
        "mean": 7560.30761719,
        "var": 371958.5
    },
    "spectral_strongpeak": {
        "mean": 7.71163272858,
        "var": 26.6847686768
    },
    "mfcc": {
        "mean": [-590.285461426, -91.0138092041, -49.3133354187, 2.58764863014, -13.7753477097, -5.9295630455, -21.2011756897, 1.30454671383, -9.63077735901, 2.4493060112, 11.7339277267, 15.7063426971, 13.1577529907],
        "var": [4350.8125, 602.370605469, 289.585266113, 90.683555603, 64.6044235229, 232.539031982, 192.810134888, 104.351356506, 50.8752098083, 63.4155769348, 38.1019630432, 54.9369392395, 75.907913208]
    },
    "sccoeffs": {
        "mean": [-0.665437281132, -0.760747790337, -0.771567523479, -0.712274253368, -0.735956192017, -0.70807081461],
        "var": [0.00254335254431, 0.00336139043793, 0.00231982301921, 0.00178053195123, 0.000482176721562, 0.000395603856305]
    }
},
"sfx": {
    "inharmonicity": {
        "mean": 0.125479385257,
        "var": 0.0113877607509
    }
}
}