{
"metadata": {
    "version": {
        "essentia": "2.1-dev"
    }
},
"lowLevel": {
    "average_loudness": 0.99068403244,
    "barkbands_kurtosis": {
        "mean": 5.50829553604,
        "var": 11.9649648666
    },
    "barkbands_skewness": {
        "mean": -1.6544533968,
        "var": 0.328287988901
    },
    "barkbands_spread": {
        "mean": 12.6708612442,
        "var": 83.1045532227
    },
    "dissonance": {
        "mean": 0.495735526085,
        "var": 0.000104663035017
    },
    "hfc": {
        "mean": 180.34703064,
        "var": 87178.15625
    },
    "pitch": {
        "mean": 1461.52563477,
        "var": 1313675.75
    },
    "pitch_instantaneous_confidence": {
        "mean": 0.327749550343,
        "var": 0.00481597427279
    },
    "pitch_salience": {
        "mean": 0.69999474287,
        "var": 0.00243355007842
    },
    "silence_rate_20dB": {
        "mean": 1,
        "var": 0
    },
    "silence_rate_30dB": {
        "mean": 0.87234044075,
        "var": 0.11136251688
    },
    "silence_rate_60dB": {
        "mean": 0.340425521135,
        "var": 0.224536001682
    },
    "spectral_centroid": {
        "mean": 4521.52294922,
        "var": 757991.9375
    },
    "spectral_complexity": {
        "mean": 23.4255313873,
        "var": 260.28704834
    },
    "spectral_crest": {
        "mean": 6.46509647369,
        "var": 1.99478471279
    },
    "spectral_decrease": {
        "mean": -4.3931542848e-09,
        "var": 4.5582118527e-17
    },
    "spectral_energy": {
        "mean": 0.0329387933016,
        "var": 0.00272943545133
    },
    "spectral_energyband_high": {
        "mean": 0.0221699457616,
        "var": 0.00128080567811
    },
    "spectral_energyband_low": {
        "mean": 2.14864958252e-05,
        "var": 8.35294222679e-10
    },
    "spectral_energyband_middle_high": {
        "mean": 0.00980189349502,
        "var": 0.000200535374461
    },
    "spectral_energyband_middle_low": {
        "mean": 0.000959063880146,
        "var": 9.28414465307e-06
    },
    "spectral_flatness_db": {
        "mean": 0.204003408551,
        "var": 0.00162544439081
    },
    "spectral_flux": {
        "mean": 0.0899894088507,
        "var": 0.00727627892047
    },
    "spectral_kurtosis": {
        "mean": 0.587532877922,
        "var": 1.66390454769
    },
    "spectral_rms": {
        "mean": 0.00423625763506,
        "var": 1.41895307024e-05
    },
    "spectral_rolloff": {
        "mean": 6569.92041016,
        "var": 1222538.25
    },
    "spectral_skewness": {
        "mean": 0.634812474251,
        "var": 0.0899746641517
    },
    "spectral_spread": {
        "mean": 7286025,
        "var": 8.76553227469e+12
    },
    "spectral_strongpeak": {
        "mean": 4.13432884216,
        "var": 21.5656776428
    },
    "zerocrossingrate": {
        "mean": 0.212475061417,
        "var": 0.0026648088824
    },
    "barkbands": {
        "mean": [5.0888673286e-05, 3.62203309123e-06, 3.24470704527e-07, 4.3932041649e-07, 2.9811202694e-05, 0.00011972226639, 0.000164605473401, 0.000438507413492, 0.00020000540826, 2.50295051956e-05, 2.89872186841e-05, 0.000175666267751, 0.000153228000272, 0.000264656438958, 0.000249932723818, 0.00164557632525, 0.000829829892609, 0.0023004161194, 0.00339648360386, 0.00156886910554, 0.00398135790601, 0.00462687201798, 0.00677285529673, 0.00373571855016, 0.00181339867413, 0.000356936419848, 5.05794105266e-06],
        "var": [4.13489198436e-09, 3.75830894184e-11, 2.60758081794e-12, 3.12246561072e-12, 1.32547448572e-08, 1.86825303672e-07, 3.6797661096e-07, 2.67016093858e-06, 4.62579635041e-07, 3.76658038093e-09, 1.52728774072e-09, 1.22552151538e-07, 4.98806613791e-08, 4.23324650001e-07, 2.54812988487e-07, 7.10511085344e-06, 2.37029689742e-06, 1.08928834379e-05, 2.79838859569e-05, 4.38243796452e-06, 3.87551845051e-05, 5.36322258995e-05, 0.000113110094389, 5.1462360716e-05, 1.53743058036e-05, 8.93716730843e-07, 3.20986848212e-10]
    },
    "mfcc": {
        "mean": [-688.026306152, -71.8228149414, -65.3703689575, 17.6784114838, -8.8065032959, 7.7474489212, -11.4029550552, 12.0809392929, -4.4704656601, 5.80119657516, 8.59615707397, 16.6120834351, 11.8834438324],
        "var": [10618.9111328, 951.578552246, 484.990722656, 285.792877197, 77.4731063843, 287.662872314, 186.377548218, 170.149658203, 52.8841667175, 49.2346229553, 46.1655006409, 73.3564529419, 62.7315597534]
    },
    "sccoeffs": {
        "mean": [-0.655990004539, -0.784530222416, -0.775271177292, -0.745720744133, -0.759805977345, -0.709228932858],
        "var": [0.00484362849966, 0.00266635161825, 0.00192755402531, 0.00219628121704, 0.000942647689953, 0.00118770461995]
    },
    "scvalleys": {
        "mean": [-9.17713069916, -8.40312385559, -7.99484300613, -6.94590091705, -6.3586101532, -7.47218084335],
        "var": [0.671370744705, 2.12735319138, 0.847489118576, 0.613346815109, 0.727759599686, 2.39363765717]
    }
},
"rhythm": {
    "beats_loudness": {
        "mean": 0.018293119967,
        "var": 0.000173839827767
    },
    "bpm": 184.5703125,
    "confidence": 0,
    "first_peak_bpm": {
        "mean": 185,
        "var": 0
    },
    "first_peak_spread": {
        "mean": 0,
        "var": 0
    },
    "first_peak_weight": {
        "mean": 1,
        "var": 0
    },
    "onset_rate": 0.946514427662,
    "second_peak_bpm": {
        "mean": 0,
        "var": 0
    },
    "second_peak_spread": {
        "mean": 0,
        "var": 0
    },
    "second_peak_weight": {
        "mean": 0,
        "var": 0
    },
    "beats_loudness_band_ratio": {
        "mean": [0.00781031791121, 0.000153768793098, 0.000532318488695, 0.0205103065819, 0.233143910766, 0.74358022213],
        "var": [5.5360931583e-05, 8.77693651091e-09, 1.67488112268e-09, 1.07325895442e-05, 0.00248655024916, 0.00384264835157]
    },
    "beats_position": [0.31346938014, 0.638548731804],
    "bpm_estimates": [184.5703125],
    "bpm_intervals": [0.325079351664],
    "onset_times": [0.0116099771112],
    "histogram": [[0, 0, 0, 0, 0, 0, 0, 0, 0, 0, 0, 0, 0, 0, 0, 0, 0, 0, 0, 0, 0, 0, 0, 0, 0, 0, 0, 0, 0, 0, 0, 0, 0, 0, 0, 0, 0, 0, 0, 0, 0, 0, 0, 0, 0, 0, 0, 0, 0, 0, 0, 0, 0, 0, 0, 0, 0, 0, 0, 0, 0, 0, 0, 0, 0, 0, 0, 0, 0, 0, 0, 0, 0, 0, 0, 0, 0, 0, 0, 0, 0, 0, 0, 0, 0, 0, 0, 0, 0, 0, 0, 0, 0, 0, 0, 0, 0, 0, 0, 0, 0, 0, 0, 0, 0, 0, 0, 0, 0, 0, 0, 0, 0, 0, 0, 0, 0, 0, 0, 0, 0, 0, 0, 0, 0, 0, 0, 0, 0, 0, 0, 0, 0, 0, 0, 0, 0, 0, 0, 0, 0, 0, 0, 0, 0, 0, 0, 0, 0, 0, 0, 0, 0, 0, 0, 0, 0, 0, 0, 0, 0, 0, 0, 0, 0, 0, 0, 0, 0, 0, 0, 0, 0, 0, 0, 0, 0, 0, 0, 0, 0, 0, 0, 0, 0, 1, 0, 0, 0, 0, 0, 0, 0, 0, 0, 0, 0, 0, 0, 0, 0, 0, 0, 0, 0, 0, 0, 0, 0, 0, 0, 0, 0, 0, 0, 0, 0, 0, 0, 0, 0, 0, 0, 0, 0, 0, 0, 0, 0, 0, 0, 0, 0, 0, 0, 0, 0, 0, 0, 0, 0, 0, 0, 0, 0, 0, 0, 0, 0, 0]]
},
"sfx": {
    "inharmonicity": {
        "mean": 0.114718019962,
        "var": 0.0150467148051
    },
    "oddtoevenharmonicenergyratio": {
        "mean": 0.776830554008,
        "var": 1.01780867577
    },
    "pitch_after_max_to_before_max_energy_ratio": 1.1849861145,
    "pitch_centroid": 25.8076343536,
    "pitch_max_to_total": 0.638297855854,
    "pitch_min_to_total": 0.446808516979,
    "tristimulus": {
        "mean": [0.317425429821, 0.336013376713, 0.346561104059],
        "var": [0.18225941062, 0.111215084791, 0.133888870478]
    }
},
"tonal": {
    "chords_changes_rate": 0,
    "chords_number_rate": 0.0416666679084,
    "chords_strength": {
        "mean": 0.515631020069,
        "var": 0.000106965169834
    },
    "key_strength": 0.689835488796,
    "tuning_diatonic_strength": 0.560104012489,
    "tuning_equal_tempered_deviation": 0.26266849041,
    "tuning_frequency": 446.657836914,
    "tuning_nontempered_energy_ratio": 0.919643104076,