{"lowlevel.dissonance.mean": [0.5875377655029297], "sfx.inharmonicity.mean": [0.7418836355209351], "lowlevel.spectral_contrast.mean": [[0.6413770914077759, 0.3725769519805908, 0.3201601505279541, 0.33269381523132324, 0.373565673828125, 0.670116662979126]], "lowlevel.spectral_centroid.mean": [0.47282862663269043], "lowlevel.mfcc.mean": [[0.5460143089294434, 0.30444538593292236, 0.636732816696167, 0.5144738554954529, 0.4829958975315094, 0.7535191774368286, 0.49678587913513184, 0.6614219546318054, 0.9814324975013733, 0.4464126527309418, 1.161620855331421, 0.8220621943473816, 0.5897428393363953]], "sfx.logattacktime.mean": [0.13868805766105652], "lowlevel.hfc.mean": [0.47323572635650635]}