{
"metadata": {
    "version": {
        "essentia": "2.1-dev"
    }
},
"lowLevel": {
    "average_loudness": 0.99068403244,
    "barkbands_kurtosis": {
        "mean": 3.91888833046,
        "var": 20.2005405426
    },
    "barkbands_skewness": {
        "mean": 1.9379029274,
        "var": 1.80610513687
    },
    "barkbands_spread": {
        "mean": 53.199546814,
        "var": 975.401977539
    },
    "dissonance": {
        "mean": 0.458067059517,
        "var": 0.0026114967186
    },
    "hfc": {
        "mean": 16.4835548401,
        "var": 916.368591309
    },
    "pitch": {
        "mean": 4279.26513672,
        "var": 3988537.75
    },
    "pitch_instantaneous_confidence": {
        "mean": 0.46323594451,
        "var": 0.0345500856638
    },
    "pitch_salience": {
        "mean": 0.3341191113,
        "var": 0.0532589815557
    },
    "silence_rate_20dB": {
        "mean": 1,
        "var": 0
    },
    "silence_rate_30dB": {
        "mean": 1,
        "var": 0
    },
    "silence_rate_60dB": {
        "mean": 0.54545456171,
        "var": 0.247933879495
    },
    "spectral_centroid": {
        "mean": 1492.22644043,
        "var": 2456671.5
    },
    "spectral_complexity": {
        "mean": 4.36363649368,
        "var": 88.0495910645
    },
    "spectral_crest": {
        "mean": 17.1189289093,
        "var": 56.0985374451
    },
    "spectral_decrease": {
        "mean": -2.6619586535e-09,
        "var": 2.52687282415e-17
    },
    "spectral_energy": {
        "mean": 0.0115419542417,
        "var": 0.000458738126326
    },
    "spectral_energyband_high": {
        "mean": 0.00175396050327,
        "var": 1.01443283711e-05
    },
    "spectral_energyband_low": {
        "mean": 0.00497441645712,
        "var": 0.000117625000712
    },
    "spectral_energyband_middle_high": {
        "mean": 0.000832223158795,
        "var": 4.43445151177e-06
    },
    "spectral_energyband_middle_low": {
        "mean": 0.000936214113608,
        "var": 6.15582075625e-06
    },
    "spectral_flatness_db": {
        "mean": 0.164623424411,
        "var": 0.00539701478556
    },
    "spectral_flux": {
        "mean": 0.075451426208,
        "var": 0.00561047904193
    },
    "spectral_kurtosis": {
        "mean": -0.143651351333,
        "var": 1.74168288708
    },
    "spectral_rms": {
        "mean": 0.00223656697199,
        "var": 6.25821394351e-06
    },
    "spectral_rolloff": {
        "mean": 2699.48071289,
        "var": 14589889
    },
    "spectral_skewness": {
        "mean": 0.681443870068,
        "var": 0.280071616173
    },
    "spectral_spread": {
        "mean": 20914178,
        "var": 1.20627407094e+13
    },
    "spectral_strongpeak": {
        "mean": 0.00588121218607,
        "var": 0.000155791116413
    },
    "zerocrossingrate": {
        "mean": 0.0744850859046,
        "var": 0.00246764812618
    },
    "barkbands": {
        "mean": [0.00578025681898, 0.00128530722577, 0.000970259716269, 0.000403895159252, 6.09327435086e-05, 0.000227833123063, 7.24726196495e-05, 3.1705458241e-05, 8.06604002719e-05, 6.99034935678e-05, 8.26393516036e-05, 8.67058479344e-05, 0.000158980386914, 3.97531330236e-05, 5.3778567235e-05, 0.000104168451799, 0.000143877347, 7.9080411524e-05, 3.29773756675e-05, 4.81447095808e-05, 0.000247042422416, 0.000628512760159, 9.52582267928e-05, 0.000275167316431, 0.000164972516359, 0.000308146583848, 9.53057588049e-06],
        "var": [9.06691420823e-05, 9.85993483482e-06, 7.84427084e-06, 1.43629881677e-06, 1.85514146267e-08, 4.46400349574e-07, 2.22127134464e-08, 1.39234757057e-09, 3.1888834684e-08, 2.59132484359e-08, 4.07770066602e-08, 3.86065437397e-08, 1.58264455763e-07, 8.02014543666e-09, 1.37384379428e-08, 7.92208538769e-08, 1.75581760686e-07, 4.8013387044e-08, 6.00463145872e-09, 1.77128018919e-08, 1.94475674675e-07, 1.75576724359e-06, 4.71589380879e-08, 1.97304089511e-07, 8.88932660814e-08, 3.40941596733e-07, 2.76822315071e-10]
    },
    "mfcc": {
        "mean": [-844.122497559, 42.2269744873, 28.7637519836, 12.8453865051, 1.31746792793, 19.4769763947, -0.256193339825, 11.1558132172, 22.8565769196, -1.926648736, 29.2882022858, 11.5366401672, 3.60394763947],
        "var": [29012.6542969, 969.684814453, 281.013977051, 85.0250778198, 75.4044647217, 94.6931838989, 31.7073612213, 46.6755371094, 46.4637832642, 56.5057029724, 150.666900635, 64.1681213379, 10.3081378937]
    },
    "sccoeffs": {
        "mean": [-0.581567168236, -0.818156659603, -0.858801066875, -0.865104317665, -0.839103877544, -0.778555512428],
        "var": [0.0179649125785, 0.00387199153192, 0.00246827607043, 0.00112867983989, 0.00166813924443, 0.0015542418696]
    },
    "scvalleys": {
        "mean": [-7.73814344406, -7.94160461426, -8.50945854187, -8.64242172241, -9.31070041656, -9.26327896118],
        "var": [3.11397480965, 2.42469501495, 3.15321803093, 3.1555917263, 2.67857694626, 2.95500850677]
    }
},
"rhythm": {
    "bpm": 0,
    "confidence": 0,
    "first_peak_bpm": {
        "mean": 0,
        "var": 0
    },
    "first_peak_spread": {
        "mean": 0,
        "var": 0
    },
    "first_peak_weight": {
        "mean": 0,
        "var": 0
    },
    "onset_rate": 4.38893318176,
    "second_peak_bpm": {
        "mean": 0,
        "var": 0
    },
    "second_peak_spread": {
        "mean": 0,
        "var": 0
    },
    "second_peak_weight": {
        "mean": 0,
        "var": 0
    },
    "beats_position": [],
    "bpm_estimates": [],
    "bpm_intervals": [],
    "onset_times": [0.0116099771112],
    "histogram": [[0, 0, 0, 0, 0, 0, 0, 0, 0, 0, 0, 0, 0, 0, 0, 0, 0, 0, 0, 0, 0, 0, 0, 0, 0, 0, 0, 0, 0, 0, 0, 0, 0, 0, 0, 0, 0, 0, 0, 0, 0, 0, 0, 0, 0, 0, 0, 0, 0, 0, 0, 0, 0, 0, 0, 0, 0, 0, 0, 0, 0, 0, 0, 0, 0, 0, 0, 0, 0, 0, 0, 0, 0, 0, 0, 0, 0, 0, 0, 0, 0, 0, 0, 0, 0, 0, 0, 0, 0, 0, 0, 0, 0, 0, 0, 0, 0, 0, 0, 0, 0, 0, 0, 0, 0, 0, 0, 0, 0, 0, 0, 0, 0, 0, 0, 0, 0, 0, 0, 0, 0, 0, 0, 0, 0, 0, 0, 0, 0, 0, 0, 0, 0, 0, 0, 0, 0, 0, 0, 0, 0, 0, 0, 0, 0, 0, 0, 0, 0, 0, 0, 0, 0, 0, 0, 0, 0, 0, 0, 0, 0, 0, 0, 0, 0, 0, 0, 0, 0, 0, 0, 0, 0, 0, 0, 0, 0, 0, 0, 0, 0, 0, 0, 0, 0, 0, 0, 0, 0, 0, 0, 0, 0, 0, 0, 0, 0, 0, 0, 0, 0, 0, 0, 0, 0, 0, 0, 0, 0, 0, 0, 0, 0, 0, 0, 0, 0, 0, 0, 0, 0, 0, 0, 0, 0, 0, 0, 0, 0, 0, 0, 0, 0, 0, 0, 0, 0, 0, 0, 0, 0, 0, 0, 0, 0, 0, 0, 0, 0, 0]]
},
"sfx": {
    "inharmonicity": {
        "mean": 0.0171398930252,
        "var": 0.0012283034157
    },
    "oddtoevenharmonicenergyratio": {
        "mean": 0.145618364215,
        "var": 0.108131438494
    },
    "pitch_after_max_to_before_max_energy_ratio": 0.128625378013,
    "pitch_centroid": 5.30244541168,
    "pitch_max_to_total": 0.818181812763,
    "pitch_min_to_total": 0,
    "tristimulus": {
        "mean": [0.837270498276, 0.0790013819933, 0.0837281495333],
        "var": [0.0928276032209, 0.0195687059313, 0.0414836965501]
    }
},
"tonal": {
    "chords_changes_rate": 0,
    "chords_number_rate": 0.166666671634,
    "chords_strength": {
        "mean": 0.268502086401,
        "var": 0
    },
    "key_strength": 0.338718354702,
    "tuning_diatonic_strength": 0.358812212944,
    "tuning_equal_tempered_deviation": 0.227829352021,
    "tuning_frequency": 450.805023193,
    "tuning_nontempered_energy_ratio": 0.920546412468,
    "hpcp": {
        "mean": [0.104702405632, 0.167047604918, 0.210572615266, 0.181924834847, 0.250499337912, 0.293673664331, 0.24389898777, 0.189903542399, 0.103316932917, 0.186896756291, 0.287448853254, 0.262301981449, 0.314818412066, 0.307835131884, 0.379386454821, 0.375899344683, 0.220899775624, 0.278219878674, 0.322766005993, 0.205241695046, 0.0977132245898, 0.29797655344, 0.513355851173, 0.360835522413, 0.149268046021, 0.0932067260146, 0.104494459927, 0.147046029568, 0.132124707103, 0.0868237242103, 0.0704047977924, 0.0628613308072, 0.12353181839, 0.26639342308, 0.258769392967, 0.123884521425],