{
"metadata": {
    "version": {
        "essentia": "2.1-dev"
    }
},
"lowLevel": {
    "barkbands_kurtosis": {
        "mean": 1.60784626007,
        "var": 11.7019453049
    },
    "dissonance": {
        "mean": 0.473876237869,
        "var": 0.000105091756268
    },
    "hfc": {
        "mean": 57.0853157043,
        "var": 1084.7401123
    },
    "spectral_centroid": {
        "mean": 2416.06811523,
        "var": 3924976
    },
    "spectral_complexity": {
        "mean": 14,
        "var": 184.666671753
    },
    "spectral_crest": {
        "mean": 13.9072446823,
        "var": 49.0791931152
    },
    "spectral_energyband_high": {
        "mean": 0.0061039342545,
        "var": 1.10592309284e-05
    },
    "spectral_energyband_low": {
        "mean": 0.0162073206156,
        "var": 0.000253905920545
    },
    "spectral_kurtosis": {
        "mean": -0.897585213184,
        "var": 0.0821216925979
    },
    "spectral_rolloff": {
        "mean": 4708.59375,
        "var": 21967970
    },
    "spectral_strongpeak": {
        "mean": 0,
        "var": 0
    },
    "mfcc": {
        "mean": [-634.925048828, 41.4983558655, 37.2318534851, 12.2207250595, 2.68422818184, 22.3595027924, 1.27743589878, 8.92270183563, 22.9558773041, -4.89081573486, 18.0445213318, 7.80818367004, 3.15580630302],
        "var": [4991.56884766, 328.646270752, 210.136672974, 112.637153625, 83.3106689453, 44.2331428528, 28.4684391022, 18.41157341, 37.8065681458, 95.6385498047, 23.6345214844, 50.5256156921, 5.33061599731]
    },
    "sccoeffs": {
        "mean": [-0.511687517166, -0.760673582554, -0.79864025116, -0.829895317554, -0.808162271976, -0.758687019348],
        "var": [0.0177252013236, 0.00249742693268, 0.00127723207697, 0.000865183770657, 0.000503993651364, 0.00017554218357]
    }
},
"sfx": {
    "inharmonicity": {
        "mean": 0.0211445782334,
        "var": 0.000894186552614
    }
}
}