{
"metadata": {
    "version": {
        "essentia": "2.1-dev"
    }
},
"lowLevel": {
    "barkbands_kurtosis": {
        "mean": 0.674120545387,
        "var": 0.04611479491
    },
    "dissonance": {
        "mean": 0.391661524773,
        "var": 0.00335642276332
    },
    "hfc": {
        "mean": 16.257610321,
        "var": 23.1340236664
    },
    "spectral_centroid": {
        "mean": 1174.89111328,
        "var": 1620.62841797
    },
    "spectral_complexity": {
        "mean": 14.3255815506,
        "var": 1.73120653629
    },
    "spectral_crest": {
        "mean": 9.58208274841,
        "var": 0.959333360195
    },
    "spectral_energyband_high": {
        "mean": 8.93437027116e-06,
        "var": 5.39366953878e-11
    },
    "spectral_energyband_low": {
        "mean": 9.75133616521e-07,
        "var": 4.07907892576e-13
    },
    "spectral_kurtosis": {
        "mean": 25.003156662,
        "var": 26.9092140198
    },
    "spectral_rolloff": {
        "mean": 1589.20007324,
        "var": 4570.15039062
    },
    "spectral_strongpeak": {
        "mean": 2.82308292389,
        "var": 0.456098109484
    },
    "mfcc": {
        "mean": [-741.351989746, 178.343322754, -139.04574585, -43.2824363708, -29.2041072845, -23.9104766846, -12.5345726013, -19.1369934082, -16.3456821442, -17.0599403381, -8.71805286407, -6.75613069534, -7.96632432938],
        "var": [230.231994629, 120.982170105, 46.3025398254, 54.6166992188, 42.2200012207, 32.3625221252, 35.7818183899, 10.7881555557, 21.5008125305, 13.9120187759, 20.5217952728, 18.7461910248, 15.768242836]
    },
    "sccoeffs": {
        "mean": [-0.526441156864, -0.458061248064, -0.444961518049, -0.558783888817, -0.675619244576, -0.776322543621],
        "var": [0.00240637618117, 0.00126863922924, 0.00138170935679, 0.00143275340088, 0.000487792800413, 0.00206734728999]
    }
},
"sfx": {
    "inharmonicity": {
        "mean": 0.00714646885172,
        "var": 5.25476789335e-05
    }
}
}