{
"metadata": {
    "version": {
        "essentia": "2.1-dev"
    }
},
"lowLevel": {
    "average_loudness": 0.970293879509,
    "barkbands_kurtosis": {
        "mean": 0.650950789452,
        "var": 1.08701491356
    },
    "barkbands_skewness": {
        "mean": -0.117408826947,
        "var": 0.558312535286
    },
    "barkbands_spread": {
        "mean": 16.6947174072,
        "var": 495.163696289
    },
    "dissonance": {
        "mean": 0.399614363909,
        "var": 0.00529719796032
    },
    "hfc": {
        "mean": 9.92612934113,
        "var": 51.9598197937
    },
    "pitch": {
        "mean": 262.797698975,
        "var": 77108.53125
    },
    "pitch_instantaneous_confidence": {
        "mean": 0.760566174984,
        "var": 0.0757383331656
    },
    "pitch_salience": {
        "mean": 0.816723048687,
        "var": 0.0247189942747
    },
    "silence_rate_20dB": {
        "mean": 1,
        "var": 0
    },
    "silence_rate_30dB": {
        "mean": 1,
        "var": 0
    },
    "silence_rate_60dB": {
        "mean": 0.248780488968,
        "var": 0.186888664961
    },
    "spectral_centroid": {
        "mean": 1304.01037598,
        "var": 694317.125
    },
    "spectral_complexity": {
        "mean": 10.1024389267,
        "var": 33.7699813843
    },
    "spectral_crest": {
        "mean": 9.66150093079,
        "var": 5.30445289612
    },
    "spectral_decrease": {
        "mean": -2.02571559527e-09,
        "var": 1.96092428629e-18
    },
    "spectral_energy": {
        "mean": 0.00854583922774,
        "var": 3.52492825186e-05
    },
    "spectral_energyband_high": {
        "mean": 4.55870031146e-06,
        "var": 3.78594031125e-11
    },
    "spectral_energyband_low": {
        "mean": 6.57554210193e-07,
        "var": 3.74678369927e-13
    },
    "spectral_energyband_middle_high": {
        "mean": 0.00665979459882,
        "var": 2.31934554904e-05
    },
    "spectral_energyband_middle_low": {
        "mean": 0.00202372926287,
        "var": 1.57605859386e-06
    },
    "spectral_flatness_db": {
        "mean": 0.239463865757,
        "var": 0.00806204602122
    },
    "spectral_flux": {
        "mean": 0.00920959375799,
        "var": 0.000107629297418
    },
    "spectral_kurtosis": {
        "mean": 22.9068050385,
        "var": 223.47428894
    },
    "spectral_rms": {
        "mean": 0.00248574232683,
        "var": 2.15848649532e-06
    },
    "spectral_rolloff": {
        "mean": 1983.78259277,
        "var": 3489478.75
    },
    "spectral_skewness": {
        "mean": 3.10476636887,
        "var": 1.84060001373
    },
    "spectral_spread": {
        "mean": 7810811.5,
        "var": 1.65942403269e+14
    },
    "spectral_strongpeak": {
        "mean": 1.96052658558,
        "var": 1.54510080814
    },
    "zerocrossingrate": {
        "mean": 0.0810356289148,
        "var": 0.00498815858737
    },
    "barkbands": {
        "mean": [5.01154886479e-08, 7.16453953942e-08, 7.07057097316e-08, 3.08458511427e-05, 0.000129279360408, 0.00037695170613, 9.05499764485e-05, 0.000618786492851, 0.000171830542968, 0.000612659554463, 0.000934841227718, 0.003060414223, 0.000874624296557, 0.000558219151571, 0.000670109991916, 0.000180188188097, 0.000133472276502, 7.40531249903e-05, 2.15535619645e-05, 4.88468958793e-06, 1.8745864736e-06, 3.41863000131e-07, 1.10762982786e-07, 4.80815742776e-08, 1.6488520771e-08, 3.59045615461e-09, 1.90372106967e-10],
        "var": [1.00127002365e-14, 1.55278808339e-14, 3.0561155413e-14, 3.35766275894e-10, 5.82673376215e-09, 5.61595037141e-08, 3.84934661923e-09, 1.76905146532e-07, 4.7280437343e-08, 1.59254142318e-07, 4.63953426788e-07, 4.38714323536e-06, 5.24477798081e-07, 2.8114695283e-07, 2.91736398594e-07, 3.20187467651e-08, 1.31118200741e-08, 5.31079891175e-09, 4.43384134963e-10, 2.753758159e-11, 6.76325271828e-12, 3.20396731065e-13, 2.42691981691e-14, 6.75064803116e-15, 1.18031934205e-15, 1.67389473131e-16, 1.51238135983e-19]
    },
    "mfcc": {
        "mean": [-844.168762207, 141.476959229, -101.474967957, -37.9897499084, -20.9888648987, -20.1846561432, -9.56474685669, -15.0525684357, -15.0094347, -12.4180135727, -7.1531291008, -6.34360837936, -5.41626548767],
        "var": [24912.6835938, 5441.23779297, 3336.9609375, 516.608093262, 158.505996704, 148.675674438, 51.1840705872, 79.4340133667, 88.0256195068, 53.2264213562, 27.970495224, 26.2027301788, 21.3070049286]
    },
    "sccoeffs": {
        "mean": [-0.591534435749, -0.559026241302, -0.562063097954, -0.648530244827, -0.741910517216, -0.820568025112],
        "var": [0.0188332982361, 0.0316886417568, 0.0351721942425, 0.0198326967657, 0.00977372471243, 0.00412652594969]
    },
    "scvalleys": {
        "mean": [-10.1686067581, -9.35628318787, -8.85189628601, -8.94290065765, -10.1152410507, -12.4546051025],
        "var": [3.53944277763, 5.54177951813, 7.29507112503, 7.3932762146, 5.62604522705, 2.66451692581]
    }
},
"rhythm": {
    "beats_loudness": {
        "mean": 0.0122459763661,
        "var": 3.79123157472e-05
    },
    "bpm": 68.9123764038,
    "confidence": 0,
    "first_peak_bpm": {
        "mean": 69,
        "var": 0
    },
    "first_peak_spread": {
        "mean": 0,
        "var": 0
    },
    "first_peak_weight": {
        "mean": 1,
        "var": 0
    },
    "onset_rate": 0.422367274761,
    "second_peak_bpm": {
        "mean": 0,
        "var": 0
    },
    "second_peak_spread": {
        "mean": 0,
        "var": 0
    },
    "second_peak_weight": {
        "mean": 0,
        "var": 0
    },
    "beats_loudness_band_ratio": {
        "mean": [0.0169373750687, 0.0593070276082, 0.184635922313, 0.645223200321, 0.127459019423, 0.00332656572573],
        "var": [1.90825958271e-05, 0.000480686081573, 0.00118773244321, 0.000348733330611, 0.00114928791299, 2.79393907476e-06]
    },
    "beats_position": [0.789478421211, 1.66022670269, 2.51936507225, 3.39011335373, 4.27247142792],
    "bpm_estimates": [68.90625, 69.8374099731, 68.90625, 67.9996032715],
    "bpm_intervals": [0.870748281479, 0.85913836956, 0.870748281479, 0.882358074188],
    "onset_times": [0.719818592072, 3.5178232193],
    "histogram": [[0, 0, 0, 0, 0, 0, 0, 0, 0, 0, 0, 0, 0, 0, 0, 0, 0, 0, 0, 0, 0, 0, 0, 0, 0, 0, 0, 0, 0, 0, 0, 0, 0, 0, 0, 0, 0, 0, 0, 0, 0, 0, 0, 0, 0, 0, 0, 0, 0, 0, 0, 0, 0, 0, 0, 0, 0, 0, 0, 0, 0, 0, 0, 0, 0, 0, 0, 0, 0.25, 0.5, 0.25, 0, 0, 0, 0, 0, 0, 0, 0, 0, 0, 0, 0, 0, 0, 0, 0, 0, 0, 0, 0, 0, 0, 0, 0, 0, 0, 0, 0, 0, 0, 0, 0, 0, 0, 0, 0, 0, 0, 0, 0, 0, 0, 0, 0, 0, 0, 0, 0, 0, 0, 0, 0, 0, 0, 0, 0, 0, 0, 0, 0, 0, 0, 0, 0, 0, 0, 0, 0, 0, 0, 0, 0, 0, 0, 0, 0, 0, 0, 0, 0, 0, 0, 0, 0, 0, 0, 0, 0, 0, 0, 0, 0, 0, 0, 0, 0, 0, 0, 0, 0, 0, 0, 0, 0, 0, 0, 0, 0, 0, 0, 0, 0, 0, 0, 0, 0, 0, 0, 0, 0, 0, 0, 0, 0, 0, 0, 0, 0, 0, 0, 0, 0, 0, 0, 0, 0, 0, 0, 0, 0, 0, 0, 0, 0, 0, 0, 0, 0, 0, 0, 0, 0, 0, 0, 0, 0, 0, 0, 0, 0, 0, 0, 0, 0, 0, 0, 0, 0, 0, 0, 0, 0, 0, 0, 0, 0, 0, 0, 0]]
},
"sfx": {
    "inharmonicity": {
        "mean": 0.0288243331015,
        "var": 0.00359283667058
    },
    "oddtoevenharmonicenergyratio": {
        "mean": 1.44270849228,
        "var": 0.303967177868
    },
    "pitch_after_max_to_before_max_energy_ratio": 1.35908329487,
    "pitch_centroid": 90.5155563354,
    "pitch_max_to_total": 0.0926829278469,
    "pitch_min_to_total": 0.126829266548,
    "tristimulus": {
        "mean": [0.0850545018911, 0.268812477589, 0.646133124828],
        "var": [0.0148078035563, 0.00957049522549, 0.0315628573298]
    }
},
"tonal": {
    "chords_changes_rate": 0.0291262138635,
    "chords_number_rate": 0.0291262138635,
    "chords_strength": {
        "mean": 0.527066111565,
        "var": 0.00349976215512
    },
    "key_strength": 0.71478754282,
    "tuning_diatonic_strength": 0.518088579178,
    "tuning_equal_tempered_deviation": 0.047702357173,
    "tuning_frequency": 435.952270508,
    "tuning_nontempered_energy_ratio": 0.598678529263,