{"lowlevel.dissonance.mean": [0.7063919305801392], "sfx.inharmonicity.mean": [1.0800797939300537], "lowlevel.spectral_contrast.mean": [[0.6382913589477539, 0.406551718711853, 0.5950266122817993, 0.8860125541687012, 0.7156510353088379, 0.8094196319580078]], "lowlevel.spectral_centroid.mean": [0.4381510019302368], "lowlevel.mfcc.mean": [[0.3727301359176636, 0.29458877444267273, 0.16325917840003967, 0.5810297131538391, 0.4688546359539032, 0.8155407309532166, 1.2038037776947021, 0.6410760879516602, 0.29545658826828003, 0.9119073152542114, 0.828933596611023, 0.32444852590560913, -0.006203651428222656]], "sfx.logattacktime.mean": [0.2958129644393921], "lowlevel.hfc.mean": [0.4653225839138031]}