{
"metadata": {
    "version": {
        "essentia": "2.1-dev"
    }
},
"lowLevel": {
    "average_loudness": 0.99068403244,
    "barkbands_kurtosis": {
        "mean": 5.01653003693,
        "var": 15.7705554962
    },
    "barkbands_skewness": {
        "mean": -1.53596818447,
        "var": 0.306428313255
    },
    "barkbands_spread": {
        "mean": 15.4343671799,
        "var": 263.766265869
    },
    "dissonance": {
        "mean": 0.494329303503,
        "var": 0.000151897358592
    },
    "hfc": {
        "mean": 357.778991699,
        "var": 209712.046875
    },
    "pitch": {
        "mean": 2385.59667969,
        "var": 1196909.625
    },
    "pitch_instantaneous_confidence": {
        "mean": 0.309770435095,
        "var": 0.00369042041712
    },
    "pitch_salience": {
        "mean": 0.713926494122,
        "var": 0.00214459910057
    },
    "silence_rate_20dB": {
        "mean": 1,
        "var": 0
    },
    "silence_rate_30dB": {
        "mean": 0.756756782532,
        "var": 0.184076070786
    },
    "silence_rate_60dB": {
        "mean": 0.135135129094,
        "var": 0.116873651743
    },
    "spectral_centroid": {
        "mean": 4755.38183594,
        "var": 731773.1875
    },
    "spectral_complexity": {
        "mean": 32.5945930481,
        "var": 255.214050293
    },
    "spectral_crest": {
        "mean": 6.62892198563,
        "var": 1.09337210655
    },
    "spectral_decrease": {
        "mean": -9.00004426541e-09,
        "var": 1.26377884831e-16
    },
    "spectral_energy": {
        "mean": 0.0664197802544,
        "var": 0.00699585443363
    },
    "spectral_energyband_high": {
        "mean": 0.0434307381511,
        "var": 0.00309265661053
    },
    "spectral_energyband_low": {
        "mean": 4.12071167375e-05,
        "var": 2.02041827713e-09
    },
    "spectral_energyband_middle_high": {
        "mean": 0.0216844100505,
        "var": 0.000761044560932
    },
    "spectral_energyband_middle_low": {
        "mean": 0.00131873774808,
        "var": 1.91736453417e-05
    },
    "spectral_flatness_db": {
        "mean": 0.189351543784,
        "var": 0.0020368215628
    },
    "spectral_flux": {
        "mean": 0.137839213014,
        "var": 0.0106831202284
    },
    "spectral_kurtosis": {
        "mean": 0.268196880817,
        "var": 0.632014751434
    },
    "spectral_rms": {
        "mean": 0.00641693314537,
        "var": 2.36227697314e-05
    },
    "spectral_rolloff": {
        "mean": 6903.42871094,
        "var": 925514.5
    },
    "spectral_skewness": {
        "mean": 0.560387849808,
        "var": 0.0241089779884
    },
    "spectral_spread": {
        "mean": 7972095,
        "var": 7.03870953062e+12
    },
    "spectral_strongpeak": {
        "mean": 6.74787902832,
        "var": 45.0053977966
    },
    "zerocrossingrate": {
        "mean": 0.225981846452,
        "var": 0.00298816873692
    },
    "barkbands": {
        "mean": [9.07158610062e-05, 1.01050500234e-05, 5.71896293877e-07, 5.61452998227e-06, 0.000344829837559, 0.00012482512102, 7.04176272848e-05, 8.08264667285e-05, 0.000683035468683, 5.07906224811e-05, 5.8713449107e-05, 0.000229555080296, 0.000610867049545, 0.00046606286196, 0.00103342568036, 0.00281933997758, 0.0019246537704, 0.00493801478297, 0.00814496539533, 0.00280015054159, 0.0068045812659, 0.00963234063238, 0.0155724091455, 0.00674762763083, 0.00251331855543, 0.000650888541713, 1.1085549886e-05],
        "var": [8.61129123564e-09, 9.17341758111e-10, 3.07575601273e-12, 2.87737611515e-10, 1.72095155904e-06, 1.2513758918e-07, 2.30875869534e-08, 8.24031758384e-08, 6.34241678199e-06, 1.84737167785e-08, 2.73238818238e-08, 8.45567740271e-08, 1.05067681488e-06, 7.38907431241e-07, 2.27205669034e-06, 2.64171922026e-05, 1.07252681119e-05, 4.37903254351e-05, 0.000100117547845, 1.40672527777e-05, 5.9397858422e-05, 0.00018751474272, 0.000375696778065, 8.96256315173e-05, 1.43698907777e-05, 1.52375946527e-06, 1.79884629414e-09]
    },
    "mfcc": {
        "mean": [-634.192077637, -67.4406204224, -49.7619247437, 20.0428676605, 0.403963506222, 7.67725515366, -16.8369197845, 1.82176291943, -16.4295558929, -1.11097693443, 7.18512058258, 8.19656848907, 6.52963590622],
        "var": [12558.3964844, 1514.34594727, 321.515197754, 201.42237854, 55.6016426086, 125.738624573, 91.5321350098, 47.4732513428, 39.7243270874, 50.6450271606, 48.0195274353, 57.1073226929, 73.3580169678]
    },
    "sccoeffs": {
        "mean": [-0.649791300297, -0.781911790371, -0.788659274578, -0.746089160442, -0.75289440155, -0.703407764435],
        "var": [0.00528651010245, 0.00314315245487, 0.00221445108764, 0.00282891280949, 0.00151069974527, 0.00130904302932]
    },
    "scvalleys": {
        "mean": [-8.35509204865, -7.78996133804, -7.60894680023, -6.50251293182, -5.94685316086, -6.79985952377],
        "var": [0.819459795952, 1.38214373589, 1.11509525776, 0.960502207279, 1.05760216713, 2.30930805206]
    }
},
"rhythm": {
    "beats_loudness": {
        "mean": 0.0258279778063,
        "var": 0.000351804657839
    },
    "bpm": 178.205825806,
    "confidence": 0,
    "first_peak_bpm": {
        "mean": 178,
        "var": 0
    },
    "first_peak_spread": {
        "mean": 0,
        "var": 0
    },
    "first_peak_weight": {
        "mean": 1,
        "var": 0
    },
    "onset_rate": 1.21313822269,
    "second_peak_bpm": {
        "mean": 0,
        "var": 0
    },
    "second_peak_spread": {
        "mean": 0,
        "var": 0
    },
    "second_peak_weight": {
        "mean": 0,
        "var": 0
    },
    "beats_loudness_band_ratio": {
        "mean": [0.00217947759666, 0.000820376444608, 0.000957107520662, 0.0169389434159, 0.256387770176, 0.725471258163],
        "var": [3.32862259711e-06, 4.04907694929e-07, 4.42712355664e-08, 4.76163322105e-08, 0.0059715975076, 0.00623322743922]
    },
    "beats_position": [0.31346938014, 0.650158703327],
    "bpm_estimates": [178.205825806],
    "bpm_intervals": [0.336689323187],
    "onset_times": [0.0116099771112],
    "histogram": [[0, 0, 0, 0, 0, 0, 0, 0, 0, 0, 0, 0, 0, 0, 0, 0, 0, 0, 0, 0, 0, 0, 0, 0, 0, 0, 0, 0, 0, 0, 0, 0, 0, 0, 0, 0, 0, 0, 0, 0, 0, 0, 0, 0, 0, 0, 0, 0, 0, 0, 0, 0, 0, 0, 0, 0, 0, 0, 0, 0, 0, 0, 0, 0, 0, 0, 0, 0, 0, 0, 0, 0, 0, 0, 0, 0, 0, 0, 0, 0, 0, 0, 0, 0, 0, 0, 0, 0, 0, 0, 0, 0, 0, 0, 0, 0, 0, 0, 0, 0, 0, 0, 0, 0, 0, 0, 0, 0, 0, 0, 0, 0, 0, 0, 0, 0, 0, 0, 0, 0, 0, 0, 0, 0, 0, 0, 0, 0, 0, 0, 0, 0, 0, 0, 0, 0, 0, 0, 0, 0, 0, 0, 0, 0, 0, 0, 0, 0, 0, 0, 0, 0, 0, 0, 0, 0, 0, 0, 0, 0, 0, 0, 0, 0, 0, 0, 0, 0, 0, 0, 0, 0, 0, 0, 0, 0, 0, 0, 1, 0, 0, 0, 0, 0, 0, 0, 0, 0, 0, 0, 0, 0, 0, 0, 0, 0, 0, 0, 0, 0, 0, 0, 0, 0, 0, 0, 0, 0, 0, 0, 0, 0, 0, 0, 0, 0, 0, 0, 0, 0, 0, 0, 0, 0, 0, 0, 0, 0, 0, 0, 0, 0, 0, 0, 0, 0, 0, 0, 0, 0, 0, 0, 0, 0, 0, 0, 0, 0, 0, 0]]
},
"sfx": {
    "inharmonicity": {
        "mean": 0.0266437400132,
        "var": 0.00169204396661
    },
    "oddtoevenharmonicenergyratio": {
        "mean": 1.18614983559,
        "var": 8.14027786255
    },
    "pitch_after_max_to_before_max_energy_ratio": 0.228364601731,
    "pitch_centroid": 16.3452281952,
    "pitch_max_to_total": 0.756756782532,
    "pitch_min_to_total": 0.864864885807,
    "tristimulus": {
        "mean": [0.646471202374, 0.229891464114, 0.123637288809],
        "var": [0.20703586936, 0.139215528965, 0.0889974683523]
    }
},
"tonal": {
    "chords_changes_rate": 0,
    "chords_number_rate": 0.0526315793395,
    "chords_strength": {
        "mean": 0.329620987177,
        "var": 8.881784197e-16
    },
    "key_strength": 0.683856487274,
    "tuning_diatonic_strength": 0.382016807795,
    "tuning_equal_tempered_deviation": 0.237210020423,
    "tuning_frequency": 438.984558105,
    "tuning_nontempered_energy_ratio": 0.868104815483,