{
"metadata": {
    "version": {
        "essentia": "2.1-dev"
    }
},
"lowLevel": {
    "barkbands_kurtosis": {
        "mean": 4.96569252014,
        "var": 12.3710718155
    },
    "dissonance": {
        "mean": 0.496348917484,
        "var": 1.68805254361e-05
    },
    "hfc": {
        "mean": 521.72857666,
        "var": 227410.4375
    },
    "spectral_centroid": {
        "mean": 5223.29394531,
        "var": 185359.09375
    },
    "spectral_complexity": {
        "mean": 42.0800018311,
        "var": 49.5135955811
    },
    "spectral_crest": {
        "mean": 6.73563861847,
        "var": 1.24548304081
    },
    "spectral_energyband_high": {
        "mean": 0.0634176135063,
        "var": 0.00334424525499
    },
    "spectral_energyband_low": {
        "mean": 5.17276312166e-05,
        "var": 2.52417087232e-09
    },
    "spectral_kurtosis": {
        "mean": 0.00506204599515,
        "var": 0.0958858951926
    },
    "spectral_rolloff": {
        "mean": 7399.67138672,
        "var": 268150.3125
    },
    "spectral_strongpeak": {
        "mean": 9.26063346863,
        "var": 46.5232162476
    },
    "mfcc": {
        "mean": [-575.512390137, -82.3247070312, -47.3393325806, 12.4600439072, -0.886963486671, 3.6677801609, -20.4293231964, -0.11039032042, -16.3306465149, 1.29968881607, 7.84925031662, 6.50212812424, 6.32080459595],
        "var": [3982.96289062, 948.895385742, 207.284133911, 62.5037879944, 35.6706428528, 103.072555542, 51.3950386047, 30.0670757294, 31.96783638, 34.9558296204, 42.9131546021, 53.1099128723, 66.3886947632]
    },
    "sccoeffs": {
        "mean": [-0.632830381393, -0.769351661205, -0.783582150936, -0.721352934837, -0.735327839851, -0.693716287613],
        "var": [0.00412187026814, 0.00192095397506, 0.00189335271716, 0.00142453669105, 0.000886703783181, 0.000793433107901]
    }
},
"sfx": {
    "inharmonicity": {
        "mean": 0.0223459918052,
        "var": 0.0015175640583
    }
}
}