{"lowlevel.dissonance.mean": [0.39699041843414307], "sfx.inharmonicity.mean": [0.24018338322639465], "lowlevel.spectral_contrast.mean": [[0.7850484848022461, 0.7928602695465088, 0.6924028396606445, 0.7639255523681641, 0.47898054122924805, 0.32761526107788086]], "lowlevel.spectral_centroid.mean": [0.3379226624965668], "lowlevel.mfcc.mean": [[0.2954576015472412, 0.41300541162490845, 0.23179392516613007, 0.2006651610136032, 0.3893391788005829, 0.37037086486816406, 0.25239917635917664, 0.22343140840530396, 0.15558916330337524, 0.16022777557373047, 0.33063721656799316, 0.33471280336380005, 0.2278418242931366]], "sfx.logattacktime.mean": [0.4023420214653015], "lowlevel.hfc.mean": [0.46586838364601135]}