{"lowlevel.dissonance.mean": [0.6328675746917725], "sfx.inharmonicity.mean": [0.48710986971855164], "lowlevel.spectral_contrast.mean": [[0.20463871955871582, 0.6861134767532349, 0.7397235631942749, 0.7794589996337891, 0.7007274627685547, 0.5548908710479736]], "lowlevel.spectral_centroid.mean": [0.45592454075813293], "lowlevel.mfcc.mean": [[0.3047668933868408, 0.17799878120422363, 0.047551244497299194, 0.31821781396865845, 0.2564365267753601, 0.3538748323917389, 0.2897995114326477, 0.4170728027820587, 0.4250819683074951, 0.582436203956604, 0.7506598234176636, 0.8029156923294067, 0.9590370655059814]], "sfx.logattacktime.mean": [0.5305009484291077], "lowlevel.hfc.mean": [0.4763725697994232]}