{"lowlevel.dissonance.mean": [0.5498238801956177], "sfx.inharmonicity.mean": [0.8360863924026489], "lowlevel.spectral_contrast.mean": [[0.843329906463623, 0.5481618642807007, 0.6183813810348511, 0.6474363803863525, 0.8114309310913086, 0.6824021339416504]], "lowlevel.spectral_centroid.mean": [0.39669400453567505], "lowlevel.mfcc.mean": [[0.5465266704559326, 0.5838344693183899, 0.3005814254283905, 0.5992922782897949, 0.5789216756820679, 0.38577088713645935, 0.15860673785209656, 0.23569469153881073, 0.15763267874717712, 0.40201568603515625, 0.7934771776199341, 0.9022272825241089, 0.549854576587677]], "sfx.logattacktime.mean": [0.43080490827560425], "lowlevel.hfc.mean": [0.4800468385219574]}