{
"metadata": {
    "version": {
        "essentia": "2.1-dev"
    }
},
"lowLevel": {
    "barkbands_kurtosis": {
        "mean": -0.233968660235,
        "var": 0.704646110535
    },
    "dissonance": {
        "mean": 0.483856678009,
        "var": 0.000205306758289
    },
    "hfc": {
        "mean": 165.279525757,
        "var": 15409.4482422
    },
    "spectral_centroid": {
        "mean": 2332.71069336,
        "var": 161937.40625
    },
    "spectral_complexity": {
        "mean": 38.9583320618,
        "var": 36.095489502
    },
    "spectral_crest": {
        "mean": 5.95876789093,
        "var": 6.30210971832
    },
    "spectral_energyband_high": {
        "mean": 0.00772948144004,
        "var": 4.08702508139e-05
    },
    "spectral_energyband_low": {
        "mean": 6.56238262309e-05,
        "var": 1.60847257735e-09
    },
    "spectral_kurtosis": {
        "mean": 1.82381987572,
        "var": 1.57257473469
    },
    "spectral_rolloff": {
        "mean": 3588.86767578,
        "var": 251391.171875
    },
    "spectral_strongpeak": {
        "mean": 3.65291309357,
        "var": 23.7240009308
    },
    "mfcc": {
        "mean": [-564.472717285, 42.9047775269, -73.6015701294, 41.5056877136, -16.753162384, -2.11738491058, -34.180480957, -11.2135353088, -36.1272544861, -11.2092027664, 2.24096131325, 10.2812633514, -7.17166471481],
        "var": [2358.91650391, 535.087341309, 94.3972702026, 95.701751709, 51.9759025574, 36.1299591064, 46.3505859375, 27.3218574524, 20.7638969421, 43.7006835938, 42.878944397, 72.8083343506, 44.7739105225]
    },
    "sccoeffs": {
        "mean": [-0.375526309013, -0.664040088654, -0.67951965332, -0.656314969063, -0.640938043594, -0.637418031693],
        "var": [0.0040278499946, 0.0018540432211, 0.00210906867869, 0.00163194630295, 0.0013442520285, 0.000571725191548]
    }
},
"sfx": {
    "inharmonicity": {
        "mean": 0.133687570691,
        "var": 0.0106042157859
    }
}
}