{
"metadata": {
    "version": {
        "essentia": "2.1-dev"
    }
},
"lowLevel": {
    "average_loudness": 0.0102777928114,
    "barkbands_kurtosis": {
        "mean": 2.82002401352,
        "var": 80.7455368042
    },
    "barkbands_skewness": {
        "mean": 0.971401631832,
        "var": 1.88715517521
    },
    "barkbands_spread": {
        "mean": 17.1236228943,
        "var": 83.5966873169
    },
    "dissonance": {
        "mean": 0.439610928297,
        "var": 0.00191173749045
    },
    "hfc": {
        "mean": 32.1226501465,
        "var": 6948.62646484
    },
    "pitch": {
        "mean": 358.321807861,
        "var": 371549.1875
    },
    "pitch_instantaneous_confidence": {
        "mean": 0.492504626513,
        "var": 0.00873179547489
    },
    "pitch_salience": {
        "mean": 0.485422432423,
        "var": 0.00741100311279
    },
    "silence_rate_20dB": {
        "mean": 1,
        "var": 0
    },
    "silence_rate_30dB": {
        "mean": 0.937823832035,
        "var": 0.0583105832338
    },
    "silence_rate_60dB": {
        "mean": 0.683937847614,
        "var": 0.216164946556
    },
    "spectral_centroid": {
        "mean": 877.888305664,
        "var": 719666.25
    },
    "spectral_complexity": {
        "mean": 10.6424865723,
        "var": 221.909179688
    },
    "spectral_crest": {
        "mean": 11.1791210175,
        "var": 32.1939926147
    },
    "spectral_decrease": {
        "mean": -2.98566260604e-09,
        "var": 5.21381336864e-17
    },
    "spectral_energy": {
        "mean": 0.0141821904108,
        "var": 0.00118930451572
    },
    "spectral_energyband_high": {
        "mean": 0.00146172882523,
        "var": 1.66358950082e-05
    },
    "spectral_energyband_low": {
        "mean": 5.59750187676e-05,
        "var": 1.61336732862e-09
    },
    "spectral_energyband_middle_high": {
        "mean": 0.00921797100455,
        "var": 0.000550250639208
    },
    "spectral_energyband_middle_low": {
        "mean": 0.00341833312996,
        "var": 0.000106383791717
    },
    "spectral_flatness_db": {
        "mean": 0.260457992554,
        "var": 0.00564358849078
    },
    "spectral_flux": {
        "mean": 0.0348124355078,
        "var": 0.00271272915415
    },
    "spectral_kurtosis": {
        "mean": 35.4447898865,
        "var": 727.848754883
    },
    "spectral_rms": {
        "mean": 0.00216292124242,
        "var": 9.15805958357e-06
    },
    "spectral_rolloff": {
        "mean": 1539.62402344,
        "var": 1808035.125
    },
    "spectral_skewness": {
        "mean": 4.09768486023,
        "var": 6.28934383392
    },
    "spectral_spread": {
        "mean": 3089373.5,
        "var": 1.80070488474e+12
    },
    "spectral_strongpeak": {
        "mean": 0.861618995667,
        "var": 6.32535076141
    },
    "zerocrossingrate": {
        "mean": 0.051546562463,
        "var": 0.00184465269558
    },
    "barkbands": {
        "mean": [0.000121621451399, 3.69645704268e-06, 1.72904918827e-07, 0.000263051420916, 0.00202916422859, 0.00027487493935, 0.000178210306331, 0.000579167332035, 9.12908217288e-05, 3.48400681105e-05, 1.19391606859e-05, 0.000858350598719, 0.00058439199347, 0.000421728182118, 0.000374444614863, 0.00122340966482, 0.00121951464098, 0.00242315116338, 0.00161464198027, 0.000690662825946, 0.000537361134775, 0.000416892376961, 0.0001943611569, 3.14639837597e-05, 3.59542718797e-06, 1.96088208781e-07, 2.8395796825e-09],
        "var": [1.86663626778e-08, 1.44763818988e-11, 2.52667136345e-13, 1.56787777428e-07, 6.8447610829e-05, 9.23630864236e-07, 2.39952981929e-07, 1.0387831253e-06, 6.54930971677e-08, 2.87376007435e-08, 3.64353947013e-09, 5.80270307182e-06, 2.2859769615e-06, 1.82348992439e-06, 1.4992292563e-06, 1.15317134259e-05, 1.04393748188e-05, 5.89677110838e-05, 1.98574562091e-05, 3.51148310074e-06, 2.3548432182e-06, 1.48706715208e-06, 3.57239088089e-07, 8.89367512968e-09, 1.18941717586e-10, 6.42230572109e-13, 5.52564907757e-16]
    },
    "mfcc": {
        "mean": [-842.656738281, 118.676826477, -28.8949127197, 23.1027488708, 8.55367946625, -4.75042676926, -20.449262619, -12.7337408066, -16.8845157623, -3.32835841179, 12.199420929, 16.361530304, 2.01359581947],
        "var": [28223.5410156, 1768.69604492, 2669.03515625, 414.103942871, 412.071716309, 165.8465271, 223.564712524, 99.3652877808, 162.513885498, 64.600982666, 65.6461791992, 47.8129463196, 45.4419059753]
    },
    "sccoeffs": {
        "mean": [-0.476327478886, -0.728428483009, -0.743487238884, -0.747485637665, -0.721461951733, -0.762710988522],
        "var": [0.00505591696128, 0.00570101942867, 0.00319623155519, 0.00309538166039, 0.00336308008991, 0.0158639475703]
    },
    "scvalleys": {
        "mean": [-9.06091022491, -7.33305168152, -9.21457958221, -8.46326732635, -9.82546329498, -12.814499855],
        "var": [0.546597421169, 1.27604877949, 2.30094623566, 2.99560046196, 7.09102392197, 5.74559593201]
    }
},
"rhythm": {
    "beats_loudness": {
        "mean": 0.00995045900345,
        "var": 0.000581577362027
    },
    "bpm": 98.8686828613,
    "confidence": 2.09912252426,
    "first_peak_bpm": {
        "mean": 99,
        "var": 0
    },
    "first_peak_spread": {
        "mean": 0.538461565971,
        "var": 0
    },
    "first_peak_weight": {
        "mean": 0.461538463831,
        "var": 0
    },
    "onset_rate": 0.111860796809,
    "second_peak_bpm": {
        "mean": 0,
        "var": 0
    },
    "second_peak_spread": {
        "mean": 0,
        "var": 0
    },
    "second_peak_weight": {
        "mean": 0,
        "var": 0
    },
    "beats_loudness_band_ratio": {
        "mean": [0.493803083897, 0.0891801565886, 0.157915607095, 0.093352638185, 0.167945638299, 0.0524675287306],
        "var": [0.0851488187909, 0.000903422536794, 0.0101091619581, 0.00246440735646, 0.0290558822453, 0.00832524802536]
    },
    "beats_position": [0.603718817234, 1.21904754639, 1.8111563921, 2.39165520668, 2.99537420273, 3.59909296036, 4.22603178024, 4.82975053787, 5.4334692955, 6.03718805313, 6.6176867485, 7.24462556839, 7.87156438828, 8.498503685],
    "bpm_estimates": [97.5088577271, 101.332717896, 103.359382629, 99.3839874268, 99.3840255737, 95.7031173706, 99.3840255737, 99.3840255737, 99.3840255737, 103.359405518, 95.7031173706, 95.7031173706, 95.7030487061],
    "bpm_intervals": [0.615328729153, 0.592108845711, 0.580498814583, 0.603718996048, 0.603718757629, 0.626938819885, 0.603718757629, 0.603718757629, 0.603718757629, 0.580498695374, 0.626938819885, 0.626938819885, 0.626939296722],
    "onset_times": [0.0348299331963],
    "histogram": [[0, 0, 0, 0, 0, 0, 0, 0, 0, 0, 0, 0, 0, 0, 0, 0, 0, 0, 0, 0, 0, 0, 0, 0, 0, 0, 0, 0, 0, 0, 0, 0, 0, 0, 0, 0, 0, 0, 0, 0, 0, 0, 0, 0, 0, 0, 0, 0, 0, 0, 0, 0, 0, 0, 0, 0, 0, 0, 0, 0, 0, 0, 0, 0, 0, 0, 0, 0, 0, 0, 0, 0, 0, 0, 0, 0, 0, 0, 0, 0, 0, 0, 0, 0, 0, 0, 0, 0, 0, 0, 0, 0, 0, 0, 0, 0, 0.307692319155, 0, 0.0769230797887, 0.384615391493, 0, 0.0769230797887, 0, 0.153846159577, 0, 0, 0, 0, 0, 0, 0, 0, 0, 0, 0, 0, 0, 0, 0, 0, 0, 0, 0, 0, 0, 0, 0, 0, 0, 0, 0, 0, 0, 0, 0, 0, 0, 0, 0, 0, 0, 0, 0, 0, 0, 0, 0, 0, 0, 0, 0, 0, 0, 0, 0, 0, 0, 0, 0, 0, 0, 0, 0, 0, 0, 0, 0, 0, 0, 0, 0, 0, 0, 0, 0, 0, 0, 0, 0, 0, 0, 0, 0, 0, 0, 0, 0, 0, 0, 0, 0, 0, 0, 0, 0, 0, 0, 0, 0, 0, 0, 0, 0, 0, 0, 0, 0, 0, 0, 0, 0, 0, 0, 0, 0, 0, 0, 0, 0, 0, 0, 0, 0, 0, 0, 0, 0, 0, 0, 0, 0, 0, 0, 0, 0, 0, 0, 0, 0, 0, 0, 0, 0, 0, 0, 0, 0, 0, 0, 0]]
},
"sfx": {
    "inharmonicity": {
        "mean": 0.0812244713306,
        "var": 0.00463182805106
    },
    "oddtoevenharmonicenergyratio": {
        "mean": 1.32655656338,
        "var": 7.51742744446
    },
    "pitch_after_max_to_before_max_energy_ratio": 0.727960467339,
    "pitch_centroid": 123.15725708,
    "pitch_max_to_total": 0.132124349475,
    "pitch_min_to_total": 0.803108811378,
    "tristimulus": {
        "mean": [0.315716952085, 0.294898718596, 0.389384359121],
        "var": [0.0587210319936, 0.0259697083384, 0.0521057248116]
    }
},