{"lowlevel.dissonance.mean": [0.7074427604675293], "sfx.inharmonicity.mean": [0.44270026683807373], "lowlevel.spectral_contrast.mean": [[0.33981335163116455, 0.26638197898864746, 0.34571194648742676, 0.9425541162490845, 0.41417360305786133, 0.5402872562408447]], "lowlevel.spectral_centroid.mean": [0.43992483615875244], "lowlevel.mfcc.mean": [[0.30227911472320557, 0.10849747061729431, 0.21344664692878723, 0.2510300874710083, 0.46260955929756165, 0.7923163175582886, 0.4677976071834564, 0.3100633919239044, 0.6912287473678589, 0.7999250292778015, 0.940099835395813, 0.22026380896568298, 0.4675024747848511]], "sfx.logattacktime.mean": [0.6515350937843323], "lowlevel.hfc.mean": [0.4810478687286377]}