{
"metadata": {
    "version": {
        "essentia": "2.1-dev"
    }
},
"lowLevel": {
    "barkbands_kurtosis": {
        "mean": 56.111289978,
        "var": 13027.7021484
    },
    "dissonance": {
        "mean": 0.473742336035,
        "var": 0.00526636838913
    },
    "hfc": {
        "mean": 73.1663665771,
        "var": 1399.3782959
    },
    "spectral_centroid": {
        "mean": 1915.36547852,
        "var": 4844.38427734
    },
    "spectral_complexity": {
        "mean": 1.74242424965,
        "var": 0.433654665947
    },
    "spectral_crest": {
        "mean": 26.1302185059,
        "var": 0.29729244113
    },
    "spectral_energyband_high": {
        "mean": 0.00080244615674,
        "var": 4.82757585019e-08
    },
    "spectral_energyband_low": {
        "mean": 1.58523633331e-07,
        "var": 2.46750116542e-14
    },
    "spectral_kurtosis": {
        "mean": 4.52752923965,
        "var": 2.88069438934
    },
    "spectral_rolloff": {
        "mean": 1825.59094238,
        "var": 79.488571167
    },
    "spectral_strongpeak": {
        "mean": 12.3544054031,
        "var": 24.0404949188
    },
    "mfcc": {
        "mean": [-848.437316895, -26.8477096558, -105.478713989, -37.1374855042, -0.46813595295, 33.9480934143, -11.9314002991, -27.8897514343, 18.1779403687, 24.5746078491, 17.5440483093, -21.5590610504, -9.81916332245],
        "var": [202.927001953, 76.8316116333, 51.7065315247, 60.6443214417, 83.0188598633, 63.2420539856, 57.1763916016, 114.179580688, 60.3973770142, 59.7398757935, 47.81457901, 53.2101860046, 50.6809043884]
    },
    "sccoeffs": {
        "mean": [-0.811294555664, -0.832867026329, -0.80344581604, -0.439881801605, -0.785964369774, -0.648284256458],
        "var": [0.00250618089922, 0.00144431437366, 0.00105829641689, 0.00186261534691, 0.000648809422273, 0.00153884058818]
    }
},
"sfx": {
    "inharmonicity": {
        "mean": 0.00219016615301,
        "var": 0.000249104516115
    }
}
}