{"lowlevel.dissonance.mean": [0.34455573558807373], "sfx.inharmonicity.mean": [0.291428804397583], "lowlevel.spectral_contrast.mean": [[0.46347904205322266, 0.42931103706359863, 0.33132243156433105, 0.26076173782348633, 0.294635534286499, 0.2878079414367676]], "lowlevel.spectral_centroid.mean": [0.3809298276901245], "lowlevel.mfcc.mean": [[0.24623322486877441, 0.2807692289352417, 0.536879301071167, 0.4382409453392029, 0.39740243554115295, 0.3459145426750183, 0.44443345069885254, 0.4269041419029236, 0.4100857675075531, 0.3452247977256775, 0.3330991864204407, 0.3761618733406067, 0.3682965040206909]], "sfx.logattacktime.mean": [0.20291781425476074], "lowlevel.hfc.mean": [0.4713733196258545]}