{
"metadata": {
    "version": {
        "essentia": "2.1-dev"
    }
},
"lowLevel": {
    "average_loudness": 0.99068403244,
    "barkbands_kurtosis": {
        "mean": 12.5454530716,
        "var": 398.155303955
    },
    "barkbands_skewness": {
        "mean": 1.76112103462,
        "var": 7.04107761383
    },
    "barkbands_spread": {
        "mean": 16.1277656555,
        "var": 205.137054443
    },
    "dissonance": {
        "mean": 0.394246160984,
        "var": 0.0124336769804
    },
    "hfc": {
        "mean": 10.8077278137,
        "var": 1478.34033203
    },
    "pitch": {
        "mean": 376.815338135,
        "var": 476467.5625
    },
    "pitch_instantaneous_confidence": {
        "mean": 0.524707138538,
        "var": 0.0568043552339
    },
    "pitch_salience": {
        "mean": 0.501540541649,
        "var": 0.0566459335387
    },
    "silence_rate_20dB": {
        "mean": 1,
        "var": 0
    },
    "silence_rate_30dB": {
        "mean": 1,
        "var": 0
    },
    "silence_rate_60dB": {
        "mean": 0.891891896725,
        "var": 0.0964206680655
    },
    "spectral_centroid": {
        "mean": 1913.28356934,
        "var": 8873723
    },
    "spectral_complexity": {
        "mean": 4.48648643494,
        "var": 180.574005127
    },
    "spectral_crest": {
        "mean": 12.6843576431,
        "var": 50.8066749573
    },
    "spectral_decrease": {
        "mean": -7.95805921161e-10,
        "var": 7.72294697368e-18
    },
    "spectral_energy": {
        "mean": 0.00398383708671,
        "var": 0.000191006169189
    },
    "spectral_energyband_high": {
        "mean": 0.00133662926964,
        "var": 3.09101378662e-05
    },
    "spectral_energyband_low": {
        "mean": 0.000104964055936,
        "var": 1.62283484428e-07
    },
    "spectral_energyband_middle_high": {
        "mean": 0.00180493132211,
        "var": 3.82943908335e-05
    },
    "spectral_energyband_middle_low": {
        "mean": 0.000847069371957,
        "var": 1.06486440927e-05
    },
    "spectral_flatness_db": {
        "mean": 0.243474856019,
        "var": 0.0128971040249
    },
    "spectral_flux": {
        "mean": 0.0214580651373,
        "var": 0.00318140606396
    },
    "spectral_kurtosis": {
        "mean": 7.23661613464,
        "var": 236.827972412
    },
    "spectral_rms": {
        "mean": 0.00069176958641,
        "var": 3.40812380273e-06
    },
    "spectral_rolloff": {
        "mean": 3221.25,
        "var": 26735430
    },
    "spectral_skewness": {
        "mean": 1.75446486473,
        "var": 3.31596302986
    },
    "spectral_spread": {
        "mean": 10606114,
        "var": 9.04039277527e+13
    },
    "spectral_strongpeak": {
        "mean": 0.118304468691,
        "var": 0.0905553475022
    },
    "zerocrossingrate": {
        "mean": 0.123548351228,
        "var": 0.0238376222551
    },
    "barkbands": {
        "mean": [1.03541401586e-06, 1.04234622995e-05, 6.25998509349e-05, 6.27368353889e-05, 6.97036302881e-05, 9.28920926526e-05, 0.000317268248182, 8.12165235402e-05, 0.000120793352835, 0.000274250516668, 0.000135506343213, 0.000618804071564, 5.64212823519e-05, 4.18858471676e-05, 7.04235280864e-05, 8.24551316327e-05, 6.50334040984e-05, 0.000136078015203, 0.000193800457055, 0.000435295427451, 0.00067981146276, 0.000109739805339, 0.000117445088108, 0.000104385115264, 4.38329443568e-05, 4.71800243318e-09, 4.69632110978e-09],
        "var": [3.44493253368e-11, 1.66588087769e-09, 5.25121777173e-08, 6.86778065528e-08, 3.96053465579e-08, 7.74869377551e-08, 2.38983420786e-06, 8.42744540819e-08, 2.05650565022e-07, 1.28523845433e-06, 1.7665588814e-07, 5.82529946769e-06, 4.04260269704e-08, 1.95625702304e-08, 6.34246646314e-08, 9.29074914779e-08, 4.30067501611e-08, 1.9396449602e-07, 4.37396835196e-07, 3.09422875944e-06, 1.13946152851e-05, 1.47823314478e-07, 1.29210519617e-07, 9.6319283216e-08, 1.98318286238e-08, 7.8448072877e-16, 7.77218374159e-16]
    },
    "mfcc": {
        "mean": [-1019.13238525, 35.6830024719, 10.5956821442, 5.21172714233, -7.28022909164, -7.93140697479, -3.63164710999, -2.43038010597, -4.73424339294, -5.44016551971, -7.412150383, -4.28570413589, -4.38553524017],
        "var": [37492.9101562, 1700.95996094, 293.277618408, 43.2191810608, 125.013435364, 102.536590576, 57.3873329163, 29.8764839172, 27.2920150757, 41.6003265381, 66.2575454712, 30.8099784851, 27.1606674194]
    },
    "sccoeffs": {
        "mean": [-0.711479008198, -0.797663748264, -0.869631886482, -0.893649220467, -0.886600613594, -0.899098575115],
        "var": [0.011438133195, 0.0103929964826, 0.00450291251764, 0.00294358516112, 0.003420536872, 0.00260504800826]
    },
    "scvalleys": {
        "mean": [-13.0087623596, -12.7138090134, -13.1816701889, -13.8144807816, -13.8910675049, -14.3986005783],
        "var": [25.8649482727, 30.9366779327, 30.4230537415, 25.5429401398, 26.414598465, 23.5111923218]
    }
},
"rhythm": {
    "bpm": 0,
    "confidence": 0,
    "first_peak_bpm": {
        "mean": 0,
        "var": 0
    },
    "first_peak_spread": {
        "mean": 0,
        "var": 0
    },
    "first_peak_weight": {
        "mean": 0,
        "var": 0
    },
    "onset_rate": 1.20003271103,
    "second_peak_bpm": {
        "mean": 0,
        "var": 0
    },
    "second_peak_spread": {
        "mean": 0,
        "var": 0
    },
    "second_peak_weight": {
        "mean": 0,
        "var": 0
    },
    "beats_position": [],
    "bpm_estimates": [],
    "bpm_intervals": [],
    "onset_times": [0.0116099771112],
    "histogram": [[0, 0, 0, 0, 0, 0, 0, 0, 0, 0, 0, 0, 0, 0, 0, 0, 0, 0, 0, 0, 0, 0, 0, 0, 0, 0, 0, 0, 0, 0, 0, 0, 0, 0, 0, 0, 0, 0, 0, 0, 0, 0, 0, 0, 0, 0, 0, 0, 0, 0, 0, 0, 0, 0, 0, 0, 0, 0, 0, 0, 0, 0, 0, 0, 0, 0, 0, 0, 0, 0, 0, 0, 0, 0, 0, 0, 0, 0, 0, 0, 0, 0, 0, 0, 0, 0, 0, 0, 0, 0, 0, 0, 0, 0, 0, 0, 0, 0, 0, 0, 0, 0, 0, 0, 0, 0, 0, 0, 0, 0, 0, 0, 0, 0, 0, 0, 0, 0, 0, 0, 0, 0, 0, 0, 0, 0, 0, 0, 0, 0, 0, 0, 0, 0, 0, 0, 0, 0, 0, 0, 0, 0, 0, 0, 0, 0, 0, 0, 0, 0, 0, 0, 0, 0, 0, 0, 0, 0, 0, 0, 0, 0, 0, 0, 0, 0, 0, 0, 0, 0, 0, 0, 0, 0, 0, 0, 0, 0, 0, 0, 0, 0, 0, 0, 0, 0, 0, 0, 0, 0, 0, 0, 0, 0, 0, 0, 0, 0, 0, 0, 0, 0, 0, 0, 0, 0, 0, 0, 0, 0, 0, 0, 0, 0, 0, 0, 0, 0, 0, 0, 0, 0, 0, 0, 0, 0, 0, 0, 0, 0, 0, 0, 0, 0, 0, 0, 0, 0, 0, 0, 0, 0, 0, 0, 0, 0, 0, 0, 0, 0]]
},
"sfx": {
    "inharmonicity": {
        "mean": 0.102764725685,
        "var": 0.00750333536416
    },
    "oddtoevenharmonicenergyratio": {
        "mean": 0.832993328571,
        "var": 1.5762784481
    },
    "pitch_after_max_to_before_max_energy_ratio": 1.15917754173,
    "pitch_centroid": 13.1227626801,
    "pitch_max_to_total": 0,
    "pitch_min_to_total": 0.94594591856,
    "tristimulus": {
        "mean": [0.418167561293, 0.32722273469, 0.254609763622],
        "var": [0.0635909289122, 0.0468151941895, 0.0489355847239]
    }
},
"tonal": {
    "chords_changes_rate": 0,
    "chords_number_rate": 0.0526315793395,
    "chords_strength": {
        "mean": 0.586355447769,
        "var": 3.5527136788e-15
    },
    "key_strength": 0.753902256489,
    "tuning_diatonic_strength": 0.475792258978,
    "tuning_equal_tempered_deviation": 0.166323900223,
    "tuning_frequency": 448.726654053,
    "tuning_nontempered_energy_ratio": 0.826030194759,
    "hpcp": {
        "mean": [0.0779070407152, 0.0823712050915, 0.130400076509, 0.125766709447, 0.130130127072, 0.258396297693, 0.235023677349, 0.113784298301, 0.356125056744, 0.433854907751, 0.185800984502, 0.139727592468, 0.145736470819, 0.156288430095, 0.164356514812, 0.12189745903, 0.148218676448, 0.28497877717, 0.221554234624, 0.0454262197018, 0.0420809499919, 0.04123653844, 0.0216832514852, 0.0181078705937, 0.0232111234218, 0.0264257192612, 0.028878396377, 0.0279347766191, 0.0312734022737, 0.159633889794, 0.542989730835, 0.480948895216, 0.111449934542, 0.0702049508691, 0.0614067055285, 0.0712416544557],