{
"metadata": {
    "version": {
        "essentia": "2.1-dev"
    }
},
"lowLevel": {
    "barkbands_kurtosis": {
        "mean": -0.649581491947,
        "var": 0.0672864243388
    },
    "dissonance": {
        "mean": 0.480308443308,
        "var": 0.000113714275358
    },
    "hfc": {
        "mean": 126.252174377,
        "var": 3633.19311523
    },
    "spectral_centroid": {
        "mean": 2824.9152832,
        "var": 483596.09375
    },
    "spectral_complexity": {
        "mean": 48.3333320618,
        "var": 64.2222213745
    },
    "spectral_crest": {
        "mean": 6.25251913071,
        "var": 4.67837190628
    },
    "spectral_energyband_high": {
        "mean": 0.0158084835857,
        "var": 0.000152373933815
    },
    "spectral_energyband_low": {
        "mean": 0.00119313260075,
        "var": 7.06142316176e-07
    },
    "spectral_kurtosis": {
        "mean": 0.160232231021,
        "var": 1.21290361881
    },
    "spectral_rolloff": {
        "mean": 5031.59179688,
        "var": 1480784
    },
    "spectral_strongpeak": {
        "mean": 1.03713238239,
        "var": 0.0296140313148
    },
    "mfcc": {
        "mean": [-527.205383301, 42.5228729248, -14.7142210007, 4.15430259705, -28.9920101166, -7.76033973694, 9.89398288727, -2.59666132927, -8.07215976715, -5.98532485962, -16.1938648224, 3.18791556358, 5.73554563522],
        "var": [476.044525146, 281.804290771, 7.99572753906, 129.314178467, 20.7981243134, 37.9421691895, 7.06980371475, 9.2834777832, 21.2717247009, 30.7665653229, 9.42842388153, 16.8616580963, 9.45054531097]
    },
    "sccoeffs": {
        "mean": [-0.679713010788, -0.802967846394, -0.761254608631, -0.753170669079, -0.759494125843, -0.787680625916],
        "var": [0.00169946753886, 0.00357064255513, 0.00156411901116, 0.000634261639789, 0.0032831132412, 0.000449639075669]
    }
},
"sfx": {
    "inharmonicity": {
        "mean": 0.138833418489,
        "var": 0.0149236992002
    }
}
}