{"lowlevel.dissonance.mean": [0.5707030296325684], "sfx.inharmonicity.mean": [0.8690853118896484], "lowlevel.spectral_contrast.mean": [[0.9005541205406189, 0.7109421491622925, 0.7209540605545044, 0.693073034286499, 0.8693373203277588, 0.8117973804473877]], "lowlevel.spectral_centroid.mean": [0.4188225269317627], "lowlevel.mfcc.mean": [[0.6497756242752075, 0.6080964803695679, 0.15711942315101624, 0.6310872435569763, 0.5565708875656128, 0.2688741683959961, 0.04274943470954895, 0.13562911748886108, 0.011120021343231201, 0.3250538110733032, 0.7535609006881714, 0.7733336091041565, 0.4724193811416626]], "sfx.logattacktime.mean": [0.4028291702270508], "lowlevel.hfc.mean": [0.48358654975891113]}