{
"metadata": {
    "version": {
        "essentia": "2.1-dev"
    }
},
"lowLevel": {
    "barkbands_kurtosis": {
        "mean": -0.662780702114,
        "var": 0.927697837353
    },
    "dissonance": {
        "mean": 0.481346607208,
        "var": 0.000168759186636
    },
    "hfc": {
        "mean": 154.124343872,
        "var": 21024.3671875
    },
    "spectral_centroid": {
        "mean": 2192.41625977,
        "var": 185023.640625
    },
    "spectral_complexity": {
        "mean": 37.75,
        "var": 47.34375
    },
    "spectral_crest": {
        "mean": 5.61976385117,
        "var": 4.44774913788
    },
    "spectral_energyband_high": {
        "mean": 0.00740106590092,
        "var": 4.90499915031e-05
    },
    "spectral_energyband_low": {
        "mean": 4.97850924148e-05,
        "var": 1.18905907343e-09
    },
    "spectral_kurtosis": {
        "mean": 1.82562875748,
        "var": 1.9845969677
    },
    "spectral_rolloff": {
        "mean": 3607.82128906,
        "var": 268787.9375
    },
    "spectral_strongpeak": {
        "mean": 2.46751761436,
        "var": 15.2093019485
    },
    "mfcc": {
        "mean": [-574.344299316, 46.6520233154, -71.4532318115, 43.5918693542, -18.4110507965, -1.70525813103, -31.8125801086, -15.485625267, -38.1103515625, -11.7498569489, 1.58351409435, 8.30716896057, -6.99156188965],
        "var": [2686.83300781, 716.863220215, 96.0805740356, 117.590690613, 84.1966552734, 40.1339302063, 33.3015937805, 39.8052062988, 37.8175773621, 37.2925491333, 60.5588302612, 62.7027626038, 53.2515640259]
    },
    "sccoeffs": {
        "mean": [-0.363855451345, -0.634533524513, -0.675903141499, -0.652372777462, -0.662925064564, -0.645303428173],
        "var": [0.00302064907737, 0.00275125005282, 0.00319669931196, 0.00169221579563, 0.00183523411397, 0.000775996537413]
    }
},
"sfx": {
    "inharmonicity": {
        "mean": 0.125681892037,
        "var": 0.0071246791631
    }
}
}