{
"metadata": {
    "version": {
        "essentia": "2.1-dev"
    }
},
"lowLevel": {
    "average_loudness": 0.0955449864268,
    "barkbands_kurtosis": {
        "mean": 0.72584605217,
        "var": 5.25249767303
    },
    "barkbands_skewness": {
        "mean": 0.620922684669,
        "var": 0.846662938595
    },
    "barkbands_spread": {
        "mean": 19.8654785156,
        "var": 79.99949646
    },
    "dissonance": {
        "mean": 0.445603102446,
        "var": 0.00156231899746
    },
    "hfc": {
        "mean": 39.8214111328,
        "var": 9492.05078125
    },
    "pitch": {
        "mean": 373.177093506,
        "var": 446696.3125
    },
    "pitch_instantaneous_confidence": {
        "mean": 0.4878693223,
        "var": 0.0101119661704
    },
    "pitch_salience": {
        "mean": 0.527557492256,
        "var": 0.00460215378553
    },
    "silence_rate_20dB": {
        "mean": 1,
        "var": 0
    },
    "silence_rate_30dB": {
        "mean": 0.934362947941,
        "var": 0.0613284111023
    },
    "silence_rate_60dB": {
        "mean": 0.532818555832,
        "var": 0.248922690749
    },
    "spectral_centroid": {
        "mean": 1058.60864258,
        "var": 606149.625
    },
    "spectral_complexity": {
        "mean": 13.8803091049,
        "var": 227.093673706
    },
    "spectral_crest": {
        "mean": 9.23523044586,
        "var": 17.689786911
    },
    "spectral_decrease": {
        "mean": -3.83896159306e-09,
        "var": 6.89688239321e-17
    },
    "spectral_energy": {
        "mean": 0.0181010626256,
        "var": 0.00159374403302
    },
    "spectral_energyband_high": {
        "mean": 0.00184958195314,
        "var": 2.22390481213e-05
    },
    "spectral_energyband_low": {
        "mean": 5.12044425705e-05,
        "var": 1.26791177557e-09
    },
    "spectral_energyband_middle_high": {
        "mean": 0.0115528739989,
        "var": 0.000805474293884
    },
    "spectral_energyband_middle_low": {
        "mean": 0.00466477824375,
        "var": 9.66455336311e-05
    },
    "spectral_flatness_db": {
        "mean": 0.236262053251,
        "var": 0.00281128892675
    },
    "spectral_flux": {
        "mean": 0.0446051731706,
        "var": 0.00349657516927
    },
    "spectral_kurtosis": {
        "mean": 28.7958030701,
        "var": 707.925109863
    },
    "spectral_rms": {
        "mean": 0.00274723535404,
        "var": 1.01122559499e-05
    },
    "spectral_rolloff": {
        "mean": 1821.26464844,
        "var": 1682228.625
    },
    "spectral_skewness": {
        "mean": 3.19181370735,
        "var": 4.67302370071
    },
    "spectral_spread": {
        "mean": 2770641.75,
        "var": 1.34829139558e+12
    },
    "spectral_strongpeak": {
        "mean": 0.893652975559,
        "var": 4.71604585648
    },
    "zerocrossingrate": {
        "mean": 0.0619551613927,
        "var": 0.00157082488295
    },
    "barkbands": {
        "mean": [8.90522351256e-05, 3.03183401229e-06, 2.43755692964e-07, 0.000410776265198, 0.00263500097208, 0.000426309707109, 0.000176239744178, 0.00087968778098, 0.000132060187752, 2.94983401545e-05, 9.31796421355e-06, 0.00118624255992, 0.000889431044925, 0.000420602416852, 0.000864132773131, 0.000846077746246, 0.00205225963145, 0.00221951771528, 0.0025219079107, 0.000866089714691, 0.000697735580616, 0.000513409497216, 0.000180328992428, 4.713513772e-05, 4.79479695059e-06, 1.75050786311e-07, 1.00632480127e-09],
        "var": [1.33000126468e-08, 1.14285586203e-11, 3.68590032628e-13, 2.00791987481e-07, 5.93560289417e-05, 1.41777627505e-06, 1.87462021017e-07, 1.17625006624e-06, 1.01487863446e-07, 1.39378704134e-08, 2.23050267145e-09, 1.616283771e-05, 3.61391789738e-06, 2.00057866095e-06, 7.69300731918e-06, 4.71189741802e-06, 3.57102799171e-05, 4.27120503446e-05, 4.72487372463e-05, 4.38113875134e-06, 2.92502613775e-06, 1.82744088306e-06, 2.76040594827e-07, 2.03319405756e-08, 2.0193764716e-10, 2.94353083574e-13, 1.07947979837e-17]
    },
    "mfcc": {
        "mean": [-781.234802246, 125.955345154, -53.3800888062, 26.5906448364, 7.017557621, -12.7354888916, -27.435667038, -17.7809028625, -23.9198513031, -6.64889669418, 10.5955314636, 11.4998846054, -0.950984299183],
        "var": [20546.2382812, 2518.06445312, 1172.84338379, 403.860412598, 625.196228027, 164.597091675, 64.4369888306, 85.7366027832, 132.409378052, 42.1822128296, 74.5586242676, 42.9987640381, 48.5470085144]
    },
    "sccoeffs": {
        "mean": [-0.452099859715, -0.651357591152, -0.701193809509, -0.730715632439, -0.702463626862, -0.722969055176],
        "var": [0.00520554045215, 0.00370508129708, 0.00245352764614, 0.00400270055979, 0.00126367167104, 0.0115675479174]
    },
    "scvalleys": {
        "mean": [-8.85936927795, -7.04523897171, -8.68001556396, -7.71869897842, -8.75866603851, -12.4019355774],
        "var": [0.533031225204, 0.809337675571, 1.54949581623, 1.47199511528, 4.82271146774, 6.5414891243]
    }
},
"rhythm": {
    "beats_loudness": {
        "mean": 0.0090608978644,
        "var": 0.000242708338192
    },
    "bpm": 84.7207946777,
    "confidence": 0,
    "first_peak_bpm": {
        "mean": 85,
        "var": 0
    },
    "first_peak_spread": {
        "mean": 0,
        "var": 0
    },
    "first_peak_weight": {
        "mean": 0.571428596973,
        "var": 0
    },
    "onset_rate": 0.167248189449,
    "second_peak_bpm": {
        "mean": 91,
        "var": 0
    },
    "second_peak_spread": {
        "mean": 0,
        "var": 0
    },
    "second_peak_weight": {
        "mean": 0.428571432829,
        "var": 0
    },
    "beats_loudness_band_ratio": {
        "mean": [0.327294200659, 0.112334311008, 0.260884791613, 0.0998609140515, 0.182854130864, 0.0715165063739],
        "var": [0.0438877791166, 0.00135114055593, 0.0208926592022, 0.0035290629603, 0.0192026458681, 0.0110845630988]
    },
    "beats_position": [0.638548731804, 1.30031740665, 1.9620860815, 2.62385487556, 3.33206343651, 4.04027223587, 4.74848079681, 5.45668935776],
    "bpm_estimates": [84.7208023071, 84.7207794189, 84.7208023071, 84.7208023071],
    "bpm_intervals": [0.66176867485, 0.66176867485, 0.66176879406, 0.708208560944, 0.708208799362, 0.708208560944, 0.708208560944],
    "onset_times": [0.0116099771112],
    "histogram": [[0, 0, 0, 0, 0, 0, 0, 0, 0, 0, 0, 0, 0, 0, 0, 0, 0, 0, 0, 0, 0, 0, 0, 0, 0, 0, 0, 0, 0, 0, 0, 0, 0, 0, 0, 0, 0, 0, 0, 0, 0, 0, 0, 0, 0, 0, 0, 0, 0, 0, 0, 0, 0, 0, 0, 0, 0, 0, 0, 0, 0, 0, 0, 0, 0, 0, 0, 0, 0, 0, 0, 0, 0, 0, 0, 0, 0, 0, 0, 0, 0, 0, 0, 0, 0, 0.571428596973, 0, 0, 0, 0, 0, 0.428571432829, 0, 0, 0, 0, 0, 0, 0, 0, 0, 0, 0, 0, 0, 0, 0, 0, 0, 0, 0, 0, 0, 0, 0, 0, 0, 0, 0, 0, 0, 0, 0, 0, 0, 0, 0, 0, 0, 0, 0, 0, 0, 0, 0, 0, 0, 0, 0, 0, 0, 0, 0, 0, 0, 0, 0, 0, 0, 0, 0, 0, 0, 0, 0, 0, 0, 0, 0, 0, 0, 0, 0, 0, 0, 0, 0, 0, 0, 0, 0, 0, 0, 0, 0, 0, 0, 0, 0, 0, 0, 0, 0, 0, 0, 0, 0, 0, 0, 0, 0, 0, 0, 0, 0, 0, 0, 0, 0, 0, 0, 0, 0, 0, 0, 0, 0, 0, 0, 0, 0, 0, 0, 0, 0, 0, 0, 0, 0, 0, 0, 0, 0, 0, 0, 0, 0, 0, 0, 0, 0, 0, 0, 0, 0, 0, 0, 0, 0, 0, 0, 0, 0, 0, 0, 0, 0, 0, 0, 0]]
},
"sfx": {
    "inharmonicity": {
        "mean": 0.0764412581921,
        "var": 0.00353800226003
    },
    "oddtoevenharmonicenergyratio": {
        "mean": 0.857273876667,
        "var": 4.23371076584
    },
    "pitch_after_max_to_before_max_energy_ratio": 0.172572702169,
    "pitch_centroid": 80.6064605713,
    "pitch_max_to_total": 0.2239382267,
    "pitch_min_to_total": 0.436293423176,
    "tristimulus": {
        "mean": [0.278039336205, 0.31899997592, 0.402960687876],
        "var": [0.0465055443347, 0.0248237624764, 0.045527305454]
    }
},
"tonal": {
    "chords_changes_rate": 0.0230769235641,
    "chords_number_rate": 0.0307692307979,
    "chords_strength": {
        "mean": 0.511726677418,
        "var": 0.00773923099041
    },
    "key_strength": 0.673579394817,
    "tuning_diatonic_strength": 0.577140510082,
    "tuning_equal_tempered_deviation": 0.197196960449,
    "tuning_frequency": 448.208557129,