{"lowlevel.dissonance.mean": [0.31643903255462646], "sfx.inharmonicity.mean": [0.31296297907829285], "lowlevel.spectral_contrast.mean": [[0.2755708694458008, 0.9103519916534424, 0.9547150135040283, 0.8514270782470703, 0.5175521373748779, 0.34000182151794434]], "lowlevel.spectral_centroid.mean": [0.3556807041168213], "lowlevel.mfcc.mean": [[0.3235851526260376, 0.3726365268230438, 0.20515447854995728, 0.20335477590560913, 0.27378368377685547, 0.26145851612091064, 0.2480933964252472, 0.1581086814403534, 0.23604053258895874, 0.3836996257305145, 0.6120097637176514, 0.34284543991088867, 0.32477349042892456]], "sfx.logattacktime.mean": [0.42406028509140015], "lowlevel.hfc.mean": [0.46898189187049866]}