{
"metadata": {
    "version": {
        "essentia": "2.1-dev"
    }
},
"lowLevel": {
    "barkbands_kurtosis": {
        "mean": -0.230111420155,
        "var": 0.636725842953
    },
    "dissonance": {
        "mean": 0.286968827248,
        "var": 0.00231108721346
    },
    "hfc": {
        "mean": 15.1039409637,
        "var": 19.4403991699
    },
    "spectral_centroid": {
        "mean": 746.001586914,
        "var": 796.001708984
    },
    "spectral_complexity": {
        "mean": 3.95360827446,
        "var": 1.09578347206
    },
    "spectral_crest": {
        "mean": 11.0351638794,
        "var": 1.24691534042
    },
    "spectral_energyband_high": {
        "mean": 5.08250286657e-06,
        "var": 2.22011189814e-12
    },
    "spectral_energyband_low": {
        "mean": 1.05476246404e-07,
        "var": 5.31449646931e-15
    },
    "spectral_kurtosis": {
        "mean": 22.7621746063,
        "var": 14.2950992584
    },
    "spectral_rolloff": {
        "mean": 1327.95678711,
        "var": 95309.8125
    },
    "spectral_strongpeak": {
        "mean": 2.27661681175,
        "var": 0.406760424376
    },
    "mfcc": {
        "mean": [-838.340515137, 108.416870117, -87.0318145752, -42.4818077087, -39.9297294617, -34.1813049316, -36.3313827515, -36.7940711975, -27.0584602356, -8.57885074615, 7.90251731873, -10.6513128281, -14.3206310272],
        "var": [184.360961914, 50.7701873779, 59.2328338623, 35.7881851196, 66.2903823853, 30.678937912, 58.1760368347, 23.973443985, 20.406288147, 40.2367286682, 28.4847126007, 21.0359535217, 30.9250946045]
    },
    "sccoeffs": {
        "mean": [-0.851721167564, -0.302169799805, -0.361841768026, -0.506371617317, -0.727174401283, -0.836901843548],
        "var": [0.00153077743016, 0.000341225560987, 0.000709143176209, 0.0007761635934, 0.000851852528285, 0.000263038207777]
    }
},
"sfx": {
    "inharmonicity": {
        "mean": 0.00264993612655,
        "var": 2.79665255221e-06
    }
}
}