{
"metadata": {
    "version": {
        "essentia": "2.1-dev"
    }
},
"lowLevel": {
    "average_loudness": 0.710951149464,
    "barkbands_kurtosis": {
        "mean": 59.1777114868,
        "var": 26354.1796875
    },
    "barkbands_skewness": {
        "mean": 4.16218900681,
        "var": 36.6183776855
    },
    "barkbands_spread": {
        "mean": 10.9616756439,
        "var": 158.351577759
    },
    "dissonance": {
        "mean": 0.370317369699,
        "var": 0.0108143929392
    },
    "hfc": {
        "mean": 8.14628410339,
        "var": 66.8499298096
    },
    "pitch": {
        "mean": 455.088287354,
        "var": 273137.78125
    },
    "pitch_instantaneous_confidence": {
        "mean": 0.643355369568,
        "var": 0.153487235308
    },
    "pitch_salience": {
        "mean": 0.344212323427,
        "var": 0.0241940878332
    },
    "silence_rate_20dB": {
        "mean": 1,
        "var": 0
    },
    "silence_rate_30dB": {
        "mean": 1,
        "var": 0
    },
    "silence_rate_60dB": {
        "mean": 0.454293638468,
        "var": 0.247911602259
    },
    "spectral_centroid": {
        "mean": 564.25793457,
        "var": 161271.453125
    },
    "spectral_complexity": {
        "mean": 2.15789484978,
        "var": 4.42658424377
    },
    "spectral_crest": {
        "mean": 14.8120212555,
        "var": 31.6565876007
    },
    "spectral_decrease": {
        "mean": -2.68512745372e-09,
        "var": 7.13073115003e-18
    },
    "spectral_energy": {
        "mean": 0.0108731789514,
        "var": 0.000117048948596
    },
    "spectral_energyband_high": {
        "mean": 2.76179002867e-06,
        "var": 7.55308923045e-12
    },
    "spectral_energyband_low": {
        "mean": 1.12796271878e-07,
        "var": 3.00776317372e-14
    },
    "spectral_energyband_middle_high": {
        "mean": 0.00194436591119,
        "var": 4.14089981859e-06
    },
    "spectral_energyband_middle_low": {
        "mean": 0.00894375052303,
        "var": 8.04372539278e-05
    },
    "spectral_flatness_db": {
        "mean": 0.346162587404,
        "var": 0.0124271186069
    },
    "spectral_flux": {
        "mean": 0.00553050357848,
        "var": 7.2179514973e-05
    },
    "spectral_kurtosis": {
        "mean": 13.3931417465,
        "var": 151.064086914
    },
    "spectral_rms": {
        "mean": 0.00238770712167,
        "var": 4.90684033139e-06
    },
    "spectral_rolloff": {
        "mean": 931.295288086,
        "var": 1084201.375
    },
    "spectral_skewness": {
        "mean": 2.88932609558,
        "var": 2.4517929554
    },
    "spectral_spread": {
        "mean": 15869310,
        "var": 2.37350009438e+14
    },
    "spectral_strongpeak": {
        "mean": 1.23370957375,
        "var": 1.4911968708
    },
    "zerocrossingrate": {
        "mean": 0.0412793792784,
        "var": 0.000703647499904
    },
    "barkbands": {
        "mean": [1.76382911832e-07, 2.83700956061e-08, 6.54938991929e-09, 6.65077015682e-09, 3.30636389378e-08, 0.00398027338088, 0.000173932974576, 4.64176785897e-08, 0.00376657396555, 0.00102346611675, 9.76144178821e-08, 3.0122248063e-05, 3.84266195397e-06, 0.00183112325612, 2.25280818995e-05, 2.06061267818e-05, 4.85734017275e-06, 6.32830915492e-06, 5.96133577346e-06, 1.14461624889e-06, 1.02924150269e-06, 4.37819352328e-07, 2.51997988698e-07, 1.15849317694e-07, 1.93221538325e-07, 1.54870356539e-08, 4.14188711106e-10],
        "var": [6.49704289392e-14, 6.40996883868e-15, 5.40837789541e-16, 3.54305861493e-16, 7.49127034683e-15, 1.45612675624e-05, 2.98735152171e-08, 5.99254803765e-15, 1.76460544026e-05, 1.13666374091e-06, 1.13660593253e-13, 5.78218806169e-09, 3.69230375441e-11, 3.79984703613e-06, 6.40842656718e-10, 1.59326896121e-09, 3.94667215575e-11, 7.10838055085e-11, 1.85643306283e-10, 1.44094155011e-12, 1.93668063357e-12, 1.96602906481e-13, 6.48821003434e-14, 1.37385872603e-14, 4.02678649973e-14, 2.58811022913e-16, 2.33772795787e-19]
    },
    "mfcc": {
        "mean": [-971.433288574, 63.0615463257, -45.2378120422, -21.4377822876, -19.7501182556, -16.3990497589, -17.9706878662, -18.5155181885, -13.0365400314, -2.47469210625, 6.68443965912, -3.70095849037, -5.981985569],
        "var": [21385.4277344, 2609.31420898, 2117.84106445, 569.525512695, 532.045288086, 399.544525146, 446.881317139, 426.468536377, 255.866210938, 71.2415466309, 20.6942806244, 71.5872116089, 102.56653595]
    },
    "sccoeffs": {
        "mean": [-0.794438481331, -0.566972434521, -0.608341991901, -0.682278454304, -0.81148481369, -0.872926235199],
        "var": [0.00674363598228, 0.0869706720114, 0.0741036981344, 0.0379535257816, 0.00908283703029, 0.0017876237398]
    },
    "scvalleys": {
        "mean": [-11.1358823776, -11.03099823, -11.125043869, -11.189455986, -11.7168884277, -12.432592392],
        "var": [1.37182080746, 4.09641981125, 5.17472743988, 5.62698364258, 4.98695898056, 3.51662397385]
    }
},
"rhythm": {
    "beats_loudness": {
        "mean": 0.0124565213919,
        "var": 0.000102132398752
    },
    "bpm": 111.192466736,
    "confidence": 2.20860815048,
    "first_peak_bpm": {
        "mean": 112,
        "var": 0
    },
    "first_peak_spread": {
        "mean": 0.400000035763,
        "var": 0
    },
    "first_peak_weight": {
        "mean": 0.461538463831,
        "var": 0
    },
    "onset_rate": 0.239473477006,
    "second_peak_bpm": {
        "mean": 99,
        "var": 0
    },
    "second_peak_spread": {
        "mean": 0.5,
        "var": 0
    },
    "second_peak_weight": {
        "mean": 0.0769230797887,
        "var": 0
    },
    "beats_loudness_band_ratio": {
        "mean": [0.288457900286, 0.261214077473, 0.321482986212, 0.123367778957, 0.0137670170516, 0.027730314061],
        "var": [0.151901215315, 0.0363119021058, 0.0528690032661, 0.00480145215988, 0.000312348915031, 0.00330822053365]
    },
    "beats_position": [0.53405892849, 1.06811785698, 1.60217678547, 2.13623571396, 2.67029476166, 3.20435357094, 3.73841261864, 4.26086139679, 4.81814050674, 5.3754196167, 5.93269824982, 6.5015873909, 7.0936961174, 7.69741487503],
    "bpm_estimates": [112.34715271, 112.34715271, 112.34715271, 112.347129822, 112.347175598, 112.347129822, 114.843795776, 107.665977478, 107.665977478, 107.666069031],
    "bpm_intervals": [0.53405892849, 0.53405892849, 0.53405892849, 0.534059047699, 0.53405880928, 0.534059047699, 0.522448778152, 0.557279109955, 0.557279109955, 0.557278633118, 0.568889141083, 0.592108726501, 0.603718757629],
    "onset_times": [1.95047616959, 7.74385499954],
    "histogram": [[0, 0, 0, 0, 0, 0, 0, 0, 0, 0, 0, 0, 0, 0, 0, 0, 0, 0, 0, 0, 0, 0, 0, 0, 0, 0, 0, 0, 0, 0, 0, 0, 0, 0, 0, 0, 0, 0, 0, 0, 0, 0, 0, 0, 0, 0, 0, 0, 0, 0, 0, 0, 0, 0, 0, 0, 0, 0, 0, 0, 0, 0, 0, 0, 0, 0, 0, 0, 0, 0, 0, 0, 0, 0, 0, 0, 0, 0, 0, 0, 0, 0, 0, 0, 0, 0, 0, 0, 0, 0, 0, 0, 0, 0, 0, 0, 0, 0, 0, 0.0769230797887, 0, 0.0769230797887, 0, 0, 0, 0.0769230797887, 0, 0, 0.230769231915, 0, 0, 0, 0.461538463831, 0, 0, 0.0769230797887, 0, 0, 0, 0, 0, 0, 0, 0, 0, 0, 0, 0, 0, 0, 0, 0, 0, 0, 0, 0, 0, 0, 0, 0, 0, 0, 0, 0, 0, 0, 0, 0, 0, 0, 0, 0, 0, 0, 0, 0, 0, 0, 0, 0, 0, 0, 0, 0, 0, 0, 0, 0, 0, 0, 0, 0, 0, 0, 0, 0, 0, 0, 0, 0, 0, 0, 0, 0, 0, 0, 0, 0, 0, 0, 0, 0, 0, 0, 0, 0, 0, 0, 0, 0, 0, 0, 0, 0, 0, 0, 0, 0, 0, 0, 0, 0, 0, 0, 0, 0, 0, 0, 0, 0, 0, 0, 0, 0, 0, 0, 0, 0, 0, 0, 0, 0, 0, 0, 0, 0, 0, 0, 0, 0, 0, 0, 0, 0, 0, 0, 0, 0, 0, 0]]
},
"sfx": {
    "inharmonicity": {
        "mean": 0.0298340525478,
        "var": 0.00240848818794
    },
    "oddtoevenharmonicenergyratio": {
        "mean": 9.42610408348e+35,
        "var": inf
    },
    "pitch_after_max_to_before_max_energy_ratio": 0.212780848145,
    "pitch_centroid": 173.783508301,
    "pitch_max_to_total": 0.925207734108,
    "pitch_min_to_total": 0.842105269432,
    "tristimulus": {
        "mean": [0.319046586752, 0.461930721998, 0.219022899866],
        "var": [0.0533275008202, 0.041110150516, 0.0668732821941]
    }
},