{
"metadata": {
    "version": {
        "essentia": "2.1-dev"
    }
},
"lowLevel": {
    "barkbands_kurtosis": {
        "mean": 19.7835330963,
        "var": 449.872650146
    },
    "dissonance": {
        "mean": 0.244962692261,
        "var": 0.00663603655994
    },
    "hfc": {
        "mean": 13.8542013168,
        "var": 8.31198310852
    },
    "spectral_centroid": {
        "mean": 899.058654785,
        "var": 1052.67016602
    },
    "spectral_complexity": {
        "mean": 2,
        "var": 0
    },
    "spectral_crest": {
        "mean": 25.0344581604,
        "var": 1.24099397659
    },
    "spectral_energyband_high": {
        "mean": 1.21913694784e-06,
        "var": 4.41150479862e-13
    },
    "spectral_energyband_low": {
        "mean": 1.10426299216e-07,
        "var": 1.45762579524e-14
    },
    "spectral_kurtosis": {
        "mean": 22.8580932617,
        "var": 32.0719261169
    },
    "spectral_rolloff": {
        "mean": 890.414001465,
        "var": 21829.2890625
    },
    "spectral_strongpeak": {
        "mean": 3.7981197834,
        "var": 0.408509969711
    },
    "mfcc": {
        "mean": [-977.954284668, 50.8104515076, -83.8997116089, -65.7355728149, -27.1019477844, 4.56567573547, 15.4138765335, 22.8777618408, 38.8868751526, 37.5667800903, -3.11329007149, -51.9236793518, -52.5218658447],
        "var": [197.688964844, 116.038879395, 68.3369903564, 94.5996856689, 126.419525146, 51.9192695618, 35.8679542542, 66.0173110962, 67.0131378174, 58.3323974609, 35.8642044067, 25.7126274109, 24.7267837524]
    },
    "sccoeffs": {
        "mean": [-0.796669542789, -0.836752355099, -0.301544606686, -0.552607059479, -0.832769930363, -0.87429946661],
        "var": [0.00285883084871, 0.00124060828239, 0.000524730363395, 0.00121721148025, 0.00106367957778, 9.80021941359e-05]
    }
},
"sfx": {
    "inharmonicity": {
        "mean": 9.3326161732e-05,
        "var": 1.75974133043e-08
    }
}
}