{
"metadata": {
    "version": {
        "essentia": "2.1-dev"
    }
},
"lowLevel": {
    "average_loudness": 0.99068403244,
    "barkbands_kurtosis": {
        "mean": 5.19074773788,
        "var": 13.0388813019
    },
    "barkbands_skewness": {
        "mean": -1.55341279507,
        "var": 0.609501183033
    },
    "barkbands_spread": {
        "mean": 17.8607234955,
        "var": 284.413513184
    },
    "dissonance": {
        "mean": 0.493468642235,
        "var": 0.000460943643702
    },
    "hfc": {
        "mean": 268.268585205,
        "var": 105025.507812
    },
    "pitch": {
        "mean": 2397.00927734,
        "var": 1324491.125
    },
    "pitch_instantaneous_confidence": {
        "mean": 0.353090584278,
        "var": 0.00857914797962
    },
    "pitch_salience": {
        "mean": 0.685109436512,
        "var": 0.0108739193529
    },
    "silence_rate_20dB": {
        "mean": 1,
        "var": 0
    },
    "silence_rate_30dB": {
        "mean": 0.800000011921,
        "var": 0.159999981523
    },
    "silence_rate_60dB": {
        "mean": 0.20000000298,
        "var": 0.159999981523
    },
    "spectral_centroid": {
        "mean": 4584.82128906,
        "var": 1228322.125
    },
    "spectral_complexity": {
        "mean": 28.5428562164,
        "var": 275.619628906
    },
    "spectral_crest": {
        "mean": 7.17378044128,
        "var": 7.38803339005
    },
    "spectral_decrease": {
        "mean": -7.02535141173e-09,
        "var": 6.57415556112e-17
    },
    "spectral_energy": {
        "mean": 0.0508480593562,
        "var": 0.00356896594167
    },
    "spectral_energyband_high": {
        "mean": 0.03141528368,
        "var": 0.00145275809336
    },
    "spectral_energyband_low": {
        "mean": 5.96685276832e-05,
        "var": 2.74965783476e-09
    },
    "spectral_energyband_middle_high": {
        "mean": 0.0184317082167,
        "var": 0.000451124098618
    },
    "spectral_energyband_middle_low": {
        "mean": 0.000898699159734,
        "var": 7.74187901698e-06
    },
    "spectral_flatness_db": {
        "mean": 0.19333538413,
        "var": 0.00212210556492
    },
    "spectral_flux": {
        "mean": 0.125631153584,
        "var": 0.0084285531193
    },
    "spectral_kurtosis": {
        "mean": 0.3037738204,
        "var": 1.31452918053
    },
    "spectral_rms": {
        "mean": 0.00569015229121,
        "var": 1.72300242411e-05
    },
    "spectral_rolloff": {
        "mean": 6837.09814453,
        "var": 1536032.125
    },
    "spectral_skewness": {
        "mean": 0.554889559746,
        "var": 0.0583154149354
    },
    "spectral_spread": {
        "mean": 7967338,
        "var": 5.26153311846e+12
    },
    "spectral_strongpeak": {
        "mean": 4.66394090652,
        "var": 16.7602367401
    },
    "zerocrossingrate": {
        "mean": 0.216755017638,
        "var": 0.00365218264051
    },
    "barkbands": {
        "mean": [0.000145132740727, 1.21220018627e-05, 3.85424897331e-07, 5.18078377354e-06, 0.000127050938318, 0.000114682792628, 6.36134063825e-05, 9.94875008473e-05, 0.000474701024359, 4.14225469285e-05, 2.74677749985e-05, 0.000169905397343, 0.000315404176945, 0.000585889501963, 0.000645454507321, 0.00202369643375, 0.00161156093236, 0.00475483294576, 0.00723876710981, 0.00201985868625, 0.00485378969461, 0.00733617553487, 0.0103647159413, 0.00554720545188, 0.0018514522817, 0.000412970519392, 5.14152134201e-06],
        "var": [1.85943527242e-08, 1.0472767098e-09, 9.02194605915e-13, 2.9663929646e-10, 1.40715584962e-07, 1.56450909117e-07, 2.81392011914e-08, 9.22032867834e-08, 2.68994699582e-06, 5.61427260237e-09, 3.17685877604e-09, 1.38489156143e-07, 1.7265406882e-07, 2.86420231532e-06, 1.72046827629e-06, 8.34790898807e-06, 3.46767865267e-06, 3.40012084052e-05, 7.13199697202e-05, 5.66612970943e-06, 3.1588391721e-05, 8.31387878861e-05, 0.000157270391355, 5.77867212996e-05, 8.93975266081e-06, 6.53321478694e-07, 2.30167662707e-10]
    },
    "mfcc": {
        "mean": [-654.549804688, -65.2228775024, -48.9015655518, 19.4501571655, -0.839824140072, 5.92801427841, -12.861330986, 8.89260482788, -11.6569366455, 5.29859972, 11.2691993713, 10.0494527817, 3.96841812134],
        "var": [16632.6054688, 1464.05310059, 438.554534912, 167.152954102, 56.4045600891, 172.759552002, 161.878723145, 59.8190345764, 48.4469909668, 46.4096298218, 66.4175720215, 72.9514694214, 61.4282493591]
    },
    "sccoeffs": {
        "mean": [-0.623176157475, -0.812046527863, -0.81511336565, -0.75123411417, -0.744699776173, -0.716065168381],
        "var": [0.00759541755542, 0.00213304534554, 0.00278914137743, 0.00131563330069, 0.00167441146914, 0.000985810765997]
    },
    "scvalleys": {
        "mean": [-8.59496974945, -7.89169645309, -7.61962985992, -6.71470403671, -6.21596193314, -7.00040960312],
        "var": [0.897879242897, 1.92894351482, 1.31005549431, 1.32703542709, 1.70915329456, 2.99978923798]
    }
},
"rhythm": {
    "bpm": 0,
    "confidence": 0,
    "first_peak_bpm": {
        "mean": 0,
        "var": 0
    },
    "first_peak_spread": {
        "mean": 0,
        "var": 0
    },
    "first_peak_weight": {
        "mean": 0,
        "var": 0
    },
    "onset_rate": 1.2855643034,
    "second_peak_bpm": {
        "mean": 0,
        "var": 0
    },
    "second_peak_spread": {
        "mean": 0,
        "var": 0
    },
    "second_peak_weight": {
        "mean": 0,
        "var": 0
    },
    "beats_position": [],
    "bpm_estimates": [],
    "bpm_intervals": [],
    "onset_times": [0.0116099771112],
    "histogram": [[0, 0, 0, 0, 0, 0, 0, 0, 0, 0, 0, 0, 0, 0, 0, 0, 0, 0, 0, 0, 0, 0, 0, 0, 0, 0, 0, 0, 0, 0, 0, 0, 0, 0, 0, 0, 0, 0, 0, 0, 0, 0, 0, 0, 0, 0, 0, 0, 0, 0, 0, 0, 0, 0, 0, 0, 0, 0, 0, 0, 0, 0, 0, 0, 0, 0, 0, 0, 0, 0, 0, 0, 0, 0, 0, 0, 0, 0, 0, 0, 0, 0, 0, 0, 0, 0, 0, 0, 0, 0, 0, 0, 0, 0, 0, 0, 0, 0, 0, 0, 0, 0, 0, 0, 0, 0, 0, 0, 0, 0, 0, 0, 0, 0, 0, 0, 0, 0, 0, 0, 0, 0, 0, 0, 0, 0, 0, 0, 0, 0, 0, 0, 0, 0, 0, 0, 0, 0, 0, 0, 0, 0, 0, 0, 0, 0, 0, 0, 0, 0, 0, 0, 0, 0, 0, 0, 0, 0, 0, 0, 0, 0, 0, 0, 0, 0, 0, 0, 0, 0, 0, 0, 0, 0, 0, 0, 0, 0, 0, 0, 0, 0, 0, 0, 0, 0, 0, 0, 0, 0, 0, 0, 0, 0, 0, 0, 0, 0, 0, 0, 0, 0, 0, 0, 0, 0, 0, 0, 0, 0, 0, 0, 0, 0, 0, 0, 0, 0, 0, 0, 0, 0, 0, 0, 0, 0, 0, 0, 0, 0, 0, 0, 0, 0, 0, 0, 0, 0, 0, 0, 0, 0, 0, 0, 0, 0, 0, 0, 0, 0]]
},
"sfx": {
    "inharmonicity": {
        "mean": 0.0417321138084,
        "var": 0.00560955982655
    },
    "oddtoevenharmonicenergyratio": {
        "mean": 1.13976681232,
        "var": 19.6631298065
    },
    "pitch_after_max_to_before_max_energy_ratio": 0.250423878431,
    "pitch_centroid": 16.583480835,
    "pitch_max_to_total": 0.771428585052,
    "pitch_min_to_total": 0.0285714287311,
    "tristimulus": {
        "mean": [0.666337609291, 0.185186982155, 0.148475378752],
        "var": [0.191780298948, 0.102466672659, 0.097158998251]
    }
},
"tonal": {
    "chords_changes_rate": 0,
    "chords_number_rate": 0.0555555559695,
    "chords_strength": {
        "mean": 0.400530785322,
        "var": 8.881784197e-16
    },
    "key_strength": 0.579497754574,
    "tuning_diatonic_strength": 0.460517913103,
    "tuning_equal_tempered_deviation": 0.279289901257,
    "tuning_frequency": 453.416503906,
    "tuning_nontempered_energy_ratio": 0.912013888359,
    "hpcp": {
        "mean": [0.375333487988, 0.225825130939, 0.196138754487, 0.186163946986, 0.161242470145, 0.198321044445, 0.248018264771, 0.249024450779, 0.22649230063, 0.269765079021, 0.32523804903, 0.328447252512, 0.318328917027, 0.391288369894, 0.504137814045, 0.456979900599, 0.349630713463, 0.213120341301, 0.157328933477, 0.178169518709, 0.304767996073, 0.417013078928, 0.381582826376, 0.423048555851, 0.406694918871, 0.369772315025, 0.310960292816, 0.233019173145, 0.251198679209, 0.322813600302, 0.434504032135, 0.534938752651, 0.480710834265, 0.49780151248, 0.783812403679, 0.720609664917],