{
"metadata": {
    "version": {
        "essentia": "2.1-dev"
    }
},
"lowLevel": {
    "barkbands_kurtosis": {
        "mean": 5.39002847672,
        "var": 10.7552156448
    },
    "dissonance": {
        "mean": 0.497415572405,
        "var": 1.09798438643e-05
    },
    "hfc": {
        "mean": 400.464935303,
        "var": 108714.171875
    },
    "spectral_centroid": {
        "mean": 5103.44921875,
        "var": 200889.171875
    },
    "spectral_complexity": {
        "mean": 38.8260879517,
        "var": 67.9697647095
    },
    "spectral_crest": {
        "mean": 6.26582956314,
        "var": 2.29744720459
    },
    "spectral_energyband_high": {
        "mean": 0.0470094382763,
        "var": 0.00149988336489
    },
    "spectral_energyband_low": {
        "mean": 6.87610518071e-05,
        "var": 3.36860672689e-09
    },
    "spectral_kurtosis": {
        "mean": -0.126587852836,
        "var": 0.0724902525544
    },
    "spectral_rolloff": {
        "mean": 7440.18896484,
        "var": 320779.90625
    },
    "spectral_strongpeak": {
        "mean": 6.53454780579,
        "var": 14.7483110428
    },
    "mfcc": {
        "mean": [-584.373840332, -82.9126358032, -48.6054534912, 13.1068410873, -1.383056283, -0.337395459414, -18.6867179871, 7.86119365692, -9.82914161682, 3.84731984138, 9.6145734787, 9.21961402893, 5.39790487289],
        "var": [3720.52441406, 830.726501465, 342.416015625, 35.9380760193, 42.8922462463, 108.378318787, 62.3062515259, 61.1919670105, 30.0498771667, 40.4165229797, 46.6425895691, 76.5754318237, 74.6149520874]
    },
    "sccoeffs": {
        "mean": [-0.617772698402, -0.803916752338, -0.801633358002, -0.731712281704, -0.725613474846, -0.707678258419],
        "var": [0.00344420992769, 0.00240203388967, 0.00304580712691, 0.000393956899643, 0.0007814989076, 0.000605695357081]
    }
},
"sfx": {
    "inharmonicity": {
        "mean": 0.033026561141,
        "var": 0.00504642771557
    }
}
}