{"lowlevel.dissonance.mean": [0.5103945732116699], "sfx.inharmonicity.mean": [0.3849557042121887], "lowlevel.spectral_contrast.mean": [[0.7845067977905273, 0.5346051454544067, 0.6570422649383545, 0.6329421997070312, 0.650867223739624, 0.7062876224517822]], "lowlevel.spectral_centroid.mean": [0.4417053461074829], "lowlevel.mfcc.mean": [[0.6031854152679443, 0.39086633920669556, 0.4525326192378998, 0.6022025942802429, 0.31293192505836487, 0.3979002833366394, 0.2696639895439148, 0.3838338255882263, 0.22230714559555054, 0.4237855076789856, 0.5668460726737976, 0.5874533653259277, 0.5334118604660034]], "sfx.logattacktime.mean": [0.35272276401519775], "lowlevel.hfc.mean": [0.5720347166061401]}