{
"metadata": {
    "version": {
        "essentia": "2.1-dev"
    }
},
"lowLevel": {
    "barkbands_kurtosis": {
        "mean": 0.532976150513,
        "var": 0.610692858696
    },
    "dissonance": {
        "mean": 0.482032328844,
        "var": 0.000571931304876
    },
    "hfc": {
        "mean": 683.265808105,
        "var": 155792.59375
    },
    "spectral_centroid": {
        "mean": 2626.72729492,
        "var": 712198.625
    },
    "spectral_complexity": {
        "mean": 46,
        "var": 59.625
    },
    "spectral_crest": {
        "mean": 6.89078855515,
        "var": 16.655878067
    },
    "spectral_energyband_high": {
        "mean": 0.054516274482,
        "var": 0.00141277513467
    },
    "spectral_energyband_low": {
        "mean": 4.08578052884e-05,
        "var": 7.70459696042e-10
    },
    "spectral_kurtosis": {
        "mean": 2.6837117672,
        "var": 4.17628288269
    },
    "spectral_rolloff": {
        "mean": 4287.79931641,
        "var": 1336546.75
    },
    "spectral_strongpeak": {
        "mean": 6.609998703,
        "var": 37.5417442322
    },
    "mfcc": {
        "mean": [-482.338195801, 19.3791160583, -60.6998672485, 29.2620353699, -11.8418102264, -2.44574260712, -33.4888763428, -16.2931022644, -30.8174152374, -13.2109870911, -11.2564907074, -2.15119481087, -12.7664375305],
        "var": [2488.57470703, 1475.27734375, 124.114120483, 140.640533447, 12.4332113266, 48.8620033264, 55.9145927429, 40.3004417419, 38.8479423523, 44.683719635, 104.604629517, 110.318962097, 43.0294113159]
    },
    "sccoeffs": {
        "mean": [-0.323990821838, -0.6875218153, -0.67181032896, -0.641774535179, -0.645672142506, -0.638412475586],
        "var": [0.0124107711017, 0.00305375014432, 0.00497836666182, 0.005789748393, 0.00175396120176, 0.00268875458278]
    }
},
"sfx": {
    "inharmonicity": {
        "mean": 0.125566810369,
        "var": 0.00500883068889
    }
}
}