{
"metadata": {
    "version": {
        "essentia": "2.1-dev"
    }
},
"lowLevel": {
    "average_loudness": 0.99068403244,
    "barkbands_kurtosis": {
        "mean": 32.8529510498,
        "var": 12740.7294922
    },
    "barkbands_skewness": {
        "mean": 2.33562397957,
        "var": 19.9102191925
    },
    "barkbands_spread": {
        "mean": 17.2646217346,
        "var": 197.831161499
    },
    "dissonance": {
        "mean": 0.429151803255,
        "var": 0.00346696842462
    },
    "hfc": {
        "mean": 228.59588623,
        "var": 155301.765625
    },
    "pitch": {
        "mean": 214.262161255,
        "var": 3533.39379883
    },
    "pitch_instantaneous_confidence": {
        "mean": 0.437487214804,
        "var": 0.0200908947736
    },
    "pitch_salience": {
        "mean": 0.402355670929,
        "var": 0.0355370603502
    },
    "silence_rate_20dB": {
        "mean": 0.854166686535,
        "var": 0.124566018581
    },
    "silence_rate_30dB": {
        "mean": 0.708333313465,
        "var": 0.20659737289
    },
    "silence_rate_60dB": {
        "mean": 0.625,
        "var": 0.234375
    },
    "spectral_centroid": {
        "mean": 1237.06872559,
        "var": 1654835.375
    },
    "spectral_complexity": {
        "mean": 16.8958339691,
        "var": 463.551391602
    },
    "spectral_crest": {
        "mean": 13.936375618,
        "var": 74.7092132568
    },
    "spectral_decrease": {
        "mean": -1.76417742637e-08,
        "var": 8.61388620463e-16
    },
    "spectral_energy": {
        "mean": 0.0873183682561,
        "var": 0.0207607597113
    },
    "spectral_energyband_high": {
        "mean": 0.0182436835021,
        "var": 0.0011288478272
    },
    "spectral_energyband_low": {
        "mean": 4.30428954132e-05,
        "var": 1.09107045621e-09
    },
    "spectral_energyband_middle_high": {
        "mean": 0.0500424802303,
        "var": 0.00768638355657
    },
    "spectral_energyband_middle_low": {
        "mean": 0.0194026771933,
        "var": 0.00212153187022
    },
    "spectral_flatness_db": {
        "mean": 0.26176866889,
        "var": 0.0174077674747
    },
    "spectral_flux": {
        "mean": 0.107888616621,
        "var": 0.0197877213359
    },
    "spectral_kurtosis": {
        "mean": 17.5673465729,
        "var": 345.555877686
    },
    "spectral_rms": {
        "mean": 0.00543712964281,
        "var": 5.56262675673e-05
    },
    "spectral_rolloff": {
        "mean": 2139.86230469,
        "var": 4626849.5
    },
    "spectral_skewness": {
        "mean": 3.12899041176,
        "var": 5.10744428635
    },
    "spectral_spread": {
        "mean": 6324403.5,
        "var": 1.00640384614e+13
    },
    "spectral_strongpeak": {
        "mean": 2.28390479088,
        "var": 21.9345321655
    },
    "zerocrossingrate": {
        "mean": 0.0693257674575,
        "var": 0.00456649390981
    },
    "barkbands": {
        "mean": [0.000109807231638, 4.40559961135e-06, 8.48588342706e-07, 0.000331820483552, 0.0158390682191, 0.000528403557837, 0.000827789015602, 0.00139728223439, 0.000454781576991, 0.000173128952156, 0.00013533787569, 0.00307647674344, 0.00154827244114, 0.00205032341182, 0.00782891269773, 0.0065300273709, 0.00746830133721, 0.00918042380363, 0.00925846491009, 0.00581194786355, 0.00688081840053, 0.00405287696049, 0.00286324298941, 0.000850918178912, 0.000102286627225, 1.16695273391e-05, 7.86695011357e-07],
        "var": [1.04602007056e-08, 4.00657597377e-11, 3.68156937228e-12, 5.51853418074e-07, 0.00159580924083, 4.00488715968e-06, 3.28928945237e-06, 9.32732200454e-06, 5.93688412209e-07, 1.90033190961e-07, 1.29081172418e-07, 2.86539871013e-05, 6.70419603921e-06, 1.56724472617e-05, 0.000308331218548, 0.00020363915246, 0.000207883844269, 0.000274531106697, 0.000307646114379, 0.000116221468488, 0.00017453073815, 5.4874264606e-05, 2.89419258479e-05, 3.26335407408e-06, 3.75888582482e-08, 6.43561204328e-10, 7.68687630909e-12]
    },
    "mfcc": {
        "mean": [-808.416748047, 65.7955322266, -2.77423739433, 23.5259780884, -13.137005806, -3.84576439857, -13.4065437317, -4.49725151062, -13.6591310501, -2.04495930672, 2.72205424309, 4.12972211838, 1.30834233761],
        "var": [66389.578125, 2072.91186523, 2796.46166992, 152.535675049, 252.934341431, 83.7479095459, 312.156219482, 106.320579529, 222.813598633, 109.850639343, 190.817550659, 90.9338912964, 126.783851624]
    },
    "sccoeffs": {
        "mean": [-0.504823446274, -0.73548746109, -0.732142150402, -0.755448102951, -0.774719297886, -0.758405685425],
        "var": [0.024942709133, 0.0066776573658, 0.00759634003043, 0.0122411735356, 0.0122011983767, 0.0135905109346]
    },
    "scvalleys": {
        "mean": [-8.39950275421, -7.63781023026, -8.85821056366, -9.02925395966, -9.28336238861, -10.9627161026],
        "var": [1.0608099699, 3.85717272758, 5.07643032074, 9.69396781921, 11.963227272, 11.1247558594]
    }
},
"rhythm": {
    "beats_loudness": {
        "mean": 0.00350654846989,
        "var": 1.19579244711e-05
    },
    "bpm": 135.999176025,
    "confidence": 0,
    "first_peak_bpm": {
        "mean": 136,
        "var": 0
    },
    "first_peak_spread": {
        "mean": 0,
        "var": 0
    },
    "first_peak_weight": {
        "mean": 1,
        "var": 0
    },
    "onset_rate": 0.926159262657,
    "second_peak_bpm": {
        "mean": 0,
        "var": 0
    },
    "second_peak_spread": {
        "mean": 0,
        "var": 0
    },
    "second_peak_weight": {
        "mean": 0,
        "var": 0
    },
    "beats_loudness_band_ratio": {
        "mean": [0.525772988796, 0.0738356560469, 0.0513029769063, 0.0621892102063, 0.137502908707, 0.184439793229],
        "var": [0.18019837141, 0.00194002478383, 0.000792758888565, 0.00351766264066, 0.0188759341836, 0.0339979976416]
    },
    "beats_position": [0.417959183455, 0.859138309956],
    "bpm_estimates": [135.999176025],
    "bpm_intervals": [0.441179126501],
    "onset_times": [0.0232199542224],
    "histogram": [[0, 0, 0, 0, 0, 0, 0, 0, 0, 0, 0, 0, 0, 0, 0, 0, 0, 0, 0, 0, 0, 0, 0, 0, 0, 0, 0, 0, 0, 0, 0, 0, 0, 0, 0, 0, 0, 0, 0, 0, 0, 0, 0, 0, 0, 0, 0, 0, 0, 0, 0, 0, 0, 0, 0, 0, 0, 0, 0, 0, 0, 0, 0, 0, 0, 0, 0, 0, 0, 0, 0, 0, 0, 0, 0, 0, 0, 0, 0, 0, 0, 0, 0, 0, 0, 0, 0, 0, 0, 0, 0, 0, 0, 0, 0, 0, 0, 0, 0, 0, 0, 0, 0, 0, 0, 0, 0, 0, 0, 0, 0, 0, 0, 0, 0, 0, 0, 0, 0, 0, 0, 0, 0, 0, 0, 0, 0, 0, 0, 0, 0, 0, 0, 0, 0, 0, 1, 0, 0, 0, 0, 0, 0, 0, 0, 0, 0, 0, 0, 0, 0, 0, 0, 0, 0, 0, 0, 0, 0, 0, 0, 0, 0, 0, 0, 0, 0, 0, 0, 0, 0, 0, 0, 0, 0, 0, 0, 0, 0, 0, 0, 0, 0, 0, 0, 0, 0, 0, 0, 0, 0, 0, 0, 0, 0, 0, 0, 0, 0, 0, 0, 0, 0, 0, 0, 0, 0, 0, 0, 0, 0, 0, 0, 0, 0, 0, 0, 0, 0, 0, 0, 0, 0, 0, 0, 0, 0, 0, 0, 0, 0, 0, 0, 0, 0, 0, 0, 0, 0, 0, 0, 0, 0, 0, 0, 0, 0, 0, 0, 0]]
},
"sfx": {
    "inharmonicity": {
        "mean": 0.114560395479,
        "var": 0.00542192161083
    },
    "oddtoevenharmonicenergyratio": {
        "mean": 0.564569234848,
        "var": 0.447057276964
    },
    "pitch_after_max_to_before_max_energy_ratio": 1.845012784,
    "pitch_centroid": 23.4946460724,
    "pitch_max_to_total": 0.3125,
    "pitch_min_to_total": 0,
    "tristimulus": {
        "mean": [0.234892234206, 0.303090035915, 0.462017774582],
        "var": [0.0392682030797, 0.0504414848983, 0.124159455299]
    }
},
"tonal": {
    "chords_changes_rate": 0,
    "chords_number_rate": 0.0399999991059,
    "chords_strength": {
        "mean": 0.464179635048,
        "var": 0.00035186263267
    },
    "key_strength": 0.559382796288,
    "tuning_diatonic_strength": 0.452373176813,
    "tuning_equal_tempered_deviation": 0.206530690193,
    "tuning_frequency": 451.84777832,
    "tuning_nontempered_energy_ratio": 0.883849263191,