{"lowlevel.dissonance.mean": [0.46297430992126465], "sfx.inharmonicity.mean": [0.31710708141326904], "lowlevel.spectral_contrast.mean": [[0.28035664558410645, 0.33698439598083496, 0.2715003490447998, 0.2352745532989502, 0.257457971572876, 0.2549114227294922]], "lowlevel.spectral_centroid.mean": [0.37460076808929443], "lowlevel.mfcc.mean": [[0.1840580701828003, 0.3981814980506897, 0.6150712966918945, 0.5003446340560913, 0.6054649949073792, 0.5875957012176514, 0.5744926333427429, 0.5990251898765564, 0.641773521900177, 0.5022198557853699, 0.5067210793495178, 0.518185555934906, 0.5301333069801331]], "sfx.logattacktime.mean": [0.09580200910568237], "lowlevel.hfc.mean": [0.4651668071746826]}