{
"metadata": {
    "version": {
        "essentia": "2.1-dev"
    }
},
"lowLevel": {
    "barkbands_kurtosis": {
        "mean": 4.19444656372,
        "var": 1.03919577599
    },
    "dissonance": {
        "mean": 0.352835893631,
        "var": 0.000821120338514
    },
    "hfc": {
        "mean": 9.00288105011,
        "var": 1.45993220806
    },
    "spectral_centroid": {
        "mean": 664.649475098,
        "var": 734.224121094
    },
    "spectral_complexity": {
        "mean": 6.50574731827,
        "var": 0.249967098236
    },
    "spectral_crest": {
        "mean": 22.8091182709,
        "var": 0.0901574343443
    },
    "spectral_energyband_high": {
        "mean": 2.69817828666e-05,
        "var": 2.05096564732e-10
    },
    "spectral_energyband_low": {
        "mean": 2.63641959464e-06,
        "var": 2.46820164133e-12
    },
    "spectral_kurtosis": {
        "mean": 13.4331417084,
        "var": 8.59290504456
    },
    "spectral_rolloff": {
        "mean": 794.253234863,
        "var": 81750.6328125
    },
    "spectral_strongpeak": {
        "mean": 1.77094089985,
        "var": 0.0237704198807
    },
    "mfcc": {
        "mean": [-774.611999512, 91.3613433838, -75.9328079224, 0.373315483332, 1.77305495739, -23.6616134644, -46.4751319885, -25.1666584015, -1.49900972843, -13.6280183792, 0.230849012733, 18.6602191925, 24.867181778],
        "var": [78.8683929443, 159.69720459, 57.6205215454, 75.0238113403, 102.294013977, 51.8117179871, 49.7143936157, 66.1872253418, 61.2296104431, 78.6887512207, 46.6353569031, 27.6492900848, 41.0527458191]
    },
    "sccoeffs": {
        "mean": [-0.827043712139, -0.318639963865, -0.550535917282, -0.531290531158, -0.590944230556, -0.682821989059],
        "var": [0.00129028956871, 0.00066177896224, 0.00124781264458, 0.000310672243359, 0.000174950095243, 0.000798179826234]
    }
},
"sfx": {
    "inharmonicity": {
        "mean": 0.000324977037963,
        "var": 4.79958508492e-08
    }
}
}