{"lowlevel.dissonance.mean": [0.36799001693725586], "sfx.inharmonicity.mean": [0.25363659858703613], "lowlevel.spectral_contrast.mean": [[0.8450208902359009, 0.8515983819961548, 0.9427043199539185, 0.7204786539077759, 0.6634936332702637, 0.2627418041229248]], "lowlevel.spectral_centroid.mean": [0.3379584550857544], "lowlevel.mfcc.mean": [[0.3860071897506714, 0.7972781658172607, 0.5457808375358582, 0.1577029824256897, 0.5020081400871277, 0.3954692482948303, 0.2824241518974304, 0.49855807423591614, 0.7357730269432068, 0.5736082792282104, 0.11251920461654663, -0.4181840419769287, -0.22233349084854126]], "sfx.logattacktime.mean": [0.3449620008468628], "lowlevel.hfc.mean": [0.46543392539024353]}