{
"metadata": {
    "version": {
        "essentia": "2.1-dev"
    }
},
"lowLevel": {
    "barkbands_kurtosis": {
        "mean": 0.4534727633,
        "var": 0.00602157972753
    },
    "dissonance": {
        "mean": 0.396104484797,
        "var": 0.00183539628051
    },
    "hfc": {
        "mean": 12.8288831711,
        "var": 0.325578480959
    },
    "spectral_centroid": {
        "mean": 1229.2487793,
        "var": 203.069030762
    },
    "spectral_complexity": {
        "mean": 11.2222223282,
        "var": 0.395061701536
    },
    "spectral_crest": {
        "mean": 8.66061878204,
        "var": 0.33619093895
    },
    "spectral_energyband_high": {
        "mean": 2.0344486984e-06,
        "var": 1.92810326624e-13
    },
    "spectral_energyband_low": {
        "mean": 2.50542289137e-08,
        "var": 1.327423554e-15
    },
    "spectral_kurtosis": {
        "mean": 51.5252342224,
        "var": 189.292694092
    },
    "spectral_rolloff": {
        "mean": 1650.87890625,
        "var": 10303.9736328
    },
    "spectral_strongpeak": {
        "mean": 2.79654598236,
        "var": 0.0271558314562
    },
    "mfcc": {
        "mean": [-790.482299805, 158.782104492, -164.365859985, -71.0203170776, -23.0247383118, -34.2753677368, -14.0858221054, -24.4620685577, -23.8107070923, -23.9436683655, -20.0608654022, -13.0708122253, -22.2274894714],
        "var": [21.3527183533, 9.92914676666, 17.9880466461, 18.1047611237, 7.2310333252, 18.9936828613, 3.87842059135, 6.28938150406, 6.45418548584, 3.08469891548, 2.07476782799, 2.12003231049, 4.2782330513]
    },
    "sccoeffs": {
        "mean": [-0.38860681653, -0.508403360844, -0.506964504719, -0.478653848171, -0.616563141346, -0.821421027184],
        "var": [0.0004505791876, 0.000445896497695, 0.000651162408758, 0.0004389914684, 0.000654998177197, 7.38769667805e-05]
    }
},
"sfx": {
    "inharmonicity": {
        "mean": 0.00384174915962,
        "var": 3.91714502257e-06
    }
}
}