{
"metadata": {
    "version": {
        "essentia": "2.1-dev"
    }
},
"lowLevel": {
    "barkbands_kurtosis": {
        "mean": 13.6036682129,
        "var": 6.23974990845
    },
    "dissonance": {
        "mean": 0.115372233093,
        "var": 0.000106593630335
    },
    "hfc": {
        "mean": 20.8562068939,
        "var": 24.5742988586
    },
    "spectral_centroid": {
        "mean": 494.905090332,
        "var": 16.7308750153
    },
    "spectral_complexity": {
        "mean": 7.44594573975,
        "var": 0.760591804981
    },
    "spectral_crest": {
        "mean": 18.2464904785,
        "var": 0.951809883118
    },
    "spectral_energyband_high": {
        "mean": 1.71510251334e-07,
        "var": 4.86026827508e-15
    },
    "spectral_energyband_low": {
        "mean": 0.000258108630078,
        "var": 1.94158844558e-09
    },
    "spectral_kurtosis": {
        "mean": 148.121032715,
        "var": 825.000976562
    },
    "spectral_rolloff": {
        "mean": 516.796875,
        "var": 0
    },
    "spectral_strongpeak": {
        "mean": 3.78566646576,
        "var": 0.593037128448
    },
    "mfcc": {
        "mean": [-857.873718262, 260.610717773, 35.3017196655, -51.5302124023, -29.2394561768, -18.5933856964, -38.055896759, -36.1842422485, -9.85684776306, 4.21670627594, -1.1469553709, -0.839068770409, 7.06492567062],
        "var": [171.526901245, 24.4110736847, 77.2461700439, 28.3718891144, 11.3709669113, 12.3328924179, 12.8700342178, 9.88420772552, 10.51034832, 14.6724939346, 31.4731349945, 33.2303695679, 8.52618312836]
    },
    "sccoeffs": {
        "mean": [-0.440540671349, -0.335335969925, -0.589762687683, -0.663818180561, -0.81558650732, -0.86653649807],
        "var": [0.00144010502845, 0.000399967102567, 0.00112557329703, 0.000993976835161, 0.000516130938195, 0.000112535875815]
    }
},
"sfx": {
    "inharmonicity": {
        "mean": 1.5910665752e-05,
        "var": 2.39169156702e-10
    }
}
}