{
"metadata": {
    "version": {
        "essentia": "2.1-dev"
    }
},
"lowLevel": {
    "barkbands_kurtosis": {
        "mean": 1.77281594276,
        "var": 2.40039753914
    },
    "dissonance": {
        "mean": 0.470915287733,
        "var": 0.00131187646184
    },
    "hfc": {
        "mean": 71.2250747681,
        "var": 657.392883301
    },
    "spectral_centroid": {
        "mean": 3201.70727539,
        "var": 45341.3398438
    },
    "spectral_complexity": {
        "mean": 3.01428580284,
        "var": 0.0140816336498
    },
    "spectral_crest": {
        "mean": 12.4693470001,
        "var": 3.44600200653
    },
    "spectral_energyband_high": {
        "mean": 0.00755972368643,
        "var": 1.15239517982e-05
    },
    "spectral_energyband_low": {
        "mean": 3.36676894221e-05,
        "var": 7.13785697215e-10
    },
    "spectral_kurtosis": {
        "mean": 3.17501878738,
        "var": 0.664775192738
    },
    "spectral_rolloff": {
        "mean": 4525.04882812,
        "var": 296479.84375
    },
    "spectral_strongpeak": {
        "mean": 10.3303813934,
        "var": 10.0954236984
    },
    "mfcc": {
        "mean": [-823.823242188, -34.6840744019, -34.2648200989, 15.7689208984, -1.28603649139, 20.2153644562, 24.0277614594, 1.33681249619, -19.5776576996, -25.7453231812, 56.4546928406, 53.0628700256, -18.3299827576],
        "var": [279.607788086, 146.916900635, 84.3864593506, 48.6331748962, 90.6908950806, 42.9353408813, 75.5544204712, 35.245262146, 44.7733383179, 30.2526397705, 43.7728881836, 46.4891586304, 38.9916496277]
    },
    "sccoeffs": {
        "mean": [-0.609109461308, -0.853375852108, -0.844196796417, -0.455958783627, -0.449316680431, -0.589318275452],
        "var": [0.00267167179845, 0.00106467830483, 0.000882699503563, 0.000411041342886, 0.000744059856515, 0.000788161589298]
    }
},
"sfx": {
    "inharmonicity": {
        "mean": 0.00060987949837,
        "var": 2.05025102673e-07
    }
}
}