{"lowlevel.dissonance.mean": [0.4964054822921753], "sfx.inharmonicity.mean": [0.3863726556301117], "lowlevel.spectral_contrast.mean": [[0.3247131109237671, 0.3191394805908203, 0.938604474067688, 0.5657765865325928, 0.6179349422454834, 0.3925955295562744]], "lowlevel.spectral_centroid.mean": [0.3866204023361206], "lowlevel.mfcc.mean": [[0.2760964632034302, 0.14000321924686432, 0.18989017605781555, 0.29626452922821045, 0.3393421173095703, 0.5104454755783081, 0.6735916137695312, 0.7158269286155701, 0.5216644406318665, 0.3609776198863983, 0.5556237697601318, 0.5248176455497742, 1.2565571069717407]], "sfx.logattacktime.mean": [0.6125479936599731], "lowlevel.hfc.mean": [0.4694938063621521]}