{
"metadata": {
    "version": {
        "essentia": "2.1-dev"
    }
},
"lowLevel": {
    "barkbands_kurtosis": {
        "mean": 7.40348148346,
        "var": 3.38537812233
    },
    "dissonance": {
        "mean": 0.361878633499,
        "var": 0.00941655877978
    },
    "hfc": {
        "mean": 20.995557785,
        "var": 12.5355815887
    },
    "spectral_centroid": {
        "mean": 1258.71630859,
        "var": 777.679077148
    },
    "spectral_complexity": {
        "mean": 3.00735282898,
        "var": 0.0367106385529
    },
    "spectral_crest": {
        "mean": 20.3515148163,
        "var": 1.87638878822
    },
    "spectral_energyband_high": {
        "mean": 3.68819382857e-05,
        "var": 4.50182911782e-11
    },
    "spectral_energyband_low": {
        "mean": 8.96484451118e-08,
        "var": 9.58805805611e-15
    },
    "spectral_kurtosis": {
        "mean": 5.65438175201,
        "var": 0.854256093502
    },
    "spectral_rolloff": {
        "mean": 1105.47729492,
        "var": 7481.73486328
    },
    "spectral_strongpeak": {
        "mean": 4.39901351929,
        "var": 1.14509081841
    },
    "mfcc": {
        "mean": [-875.437133789, -12.1746702194, -105.009017944, -31.0650272369, -28.854019165, 2.58100366592, 21.0770549774, 22.3643264771, -8.62455272675, -21.594367981, -0.909045100212, 0.795605838299, 51.4607048035],
        "var": [45.2061424255, 65.5519561768, 32.5962486267, 44.9959602356, 28.3108081818, 22.6610774994, 37.9324645996, 36.0959243774, 29.4947662354, 47.784450531, 24.905166626, 24.9329357147, 28.5727272034]
    },
    "sccoeffs": {
        "mean": [-0.808712244034, -0.798789262772, -0.324677914381, -0.677143275738, -0.650365650654, -0.782292068005],
        "var": [0.00213982909918, 0.00162400666159, 0.000559517124202, 0.000920003396459, 0.000228374730796, 0.000298034545267]
    }
},
"sfx": {
    "inharmonicity": {
        "mean": 0.00121527991723,
        "var": 0.000169234728673
    }
}
}