{"lowlevel.dissonance.mean": [0.29272329807281494], "sfx.inharmonicity.mean": [0.49011731147766113], "lowlevel.spectral_contrast.mean": [[0.38016295433044434, 0.40571117401123047, 0.32071971893310547, 0.27353930473327637, 0.252155065536499, 0.2665390968322754]], "lowlevel.spectral_centroid.mean": [0.33445632457733154], "lowlevel.mfcc.mean": [[0.21706604957580566, 0.4348703920841217, 0.6437889337539673, 0.5165415406227112, 0.6625731587409973, 0.6724987626075745, 0.6779776215553284, 0.6363452076911926, 0.5985883474349976, 0.5429795980453491, 0.4635201394557953, 0.4637718200683594, 0.6053575873374939]], "sfx.logattacktime.mean": [0.12702301144599915], "lowlevel.hfc.mean": [0.4651928246021271]}