{
"metadata": {
    "version": {
        "essentia": "2.1-dev"
    }
},
"lowLevel": {
    "average_loudness": 0.99068403244,
    "barkbands_kurtosis": {
        "mean": 133.755340576,
        "var": 17967.3476562
    },
    "barkbands_skewness": {
        "mean": 7.38399028778,
        "var": 30.3487129211
    },
    "barkbands_spread": {
        "mean": 3.96755933762,
        "var": 22.1832294464
    },
    "dissonance": {
        "mean": 0.370137840509,
        "var": 0.00709883961827
    },
    "hfc": {
        "mean": 0.245780795813,
        "var": 0.519342124462
    },
    "pitch": {
        "mean": 183.262649536,
        "var": 33694.0976562
    },
    "pitch_instantaneous_confidence": {
        "mean": 0.493054628372,
        "var": 0.0104765743017
    },
    "pitch_salience": {
        "mean": 0.42618727684,
        "var": 0.0424530729651
    },
    "silence_rate_20dB": {
        "mean": 1,
        "var": 0
    },
    "silence_rate_30dB": {
        "mean": 1,
        "var": 0
    },
    "silence_rate_60dB": {
        "mean": 0.899999976158,
        "var": 0.0899999886751
    },
    "spectral_centroid": {
        "mean": 279.28338623,
        "var": 131446.359375
    },
    "spectral_complexity": {
        "mean": 0.550000011921,
        "var": 1.94750142097
    },
    "spectral_crest": {
        "mean": 16.0780067444,
        "var": 20.8027858734
    },
    "spectral_decrease": {
        "mean": -1.28835789259e-10,
        "var": 1.50487909017e-19
    },
    "spectral_energy": {
        "mean": 0.000508549972437,
        "var": 2.33772016145e-06
    },
    "spectral_energyband_high": {
        "mean": 2.50999937634e-06,
        "var": 5.37310022863e-11
    },
    "spectral_energyband_low": {
        "mean": 1.97559420485e-05,
        "var": 1.2372776137e-09
    },
    "spectral_energyband_middle_high": {
        "mean": 5.9997644712e-05,
        "var": 2.53363729996e-08
    },
    "spectral_energyband_middle_low": {
        "mean": 0.000427120539825,
        "var": 1.79125595423e-06
    },
    "spectral_flatness_db": {
        "mean": 0.297937065363,
        "var": 0.00895890221
    },
    "spectral_flux": {
        "mean": 0.0110091278329,
        "var": 0.000425260135671
    },
    "spectral_kurtosis": {
        "mean": 9.43286323547,
        "var": 108.412979126
    },
    "spectral_rms": {
        "mean": 0.000333949981723,
        "var": 3.84623774607e-07
    },
    "spectral_rolloff": {
        "mean": 363.911132812,
        "var": 296518
    },
    "spectral_skewness": {
        "mean": 2.7705078125,
        "var": 1.62013244629
    },
    "spectral_spread": {
        "mean": 20852680,
        "var": 1.4465859217e+14
    },
    "spectral_strongpeak": {
        "mean": 0.051502622664,
        "var": 0.0159691236913
    },
    "zerocrossingrate": {
        "mean": 0.0130615234375,
        "var": 6.11990690231e-05
    },
    "barkbands": {
        "mean": [3.08936432702e-06, 1.18785737868e-05, 5.14069552082e-06, 3.38685526913e-06, 0.000108030668343, 0.000244588649366, 1.05794597403e-05, 2.70888849627e-05, 3.13834971166e-05, 2.67522700597e-05, 1.17363979371e-05, 8.74444504007e-06, 1.77783840627e-06, 2.7538849281e-06, 4.95984113513e-06, 1.9891381271e-06, 6.68663517445e-07, 5.26799283307e-07, 5.28834107172e-07, 5.96666836827e-07, 3.3733445548e-07, 3.02480600567e-07, 4.64077942297e-07, 4.78414335703e-07, 2.87867123916e-07, 3.91793093968e-07, 8.34788878024e-08],
        "var": [1.24369972654e-10, 3.48926360028e-10, 1.16627221769e-10, 1.64045096951e-10, 1.03931824924e-07, 5.79183790705e-07, 1.85846826817e-09, 1.20006422577e-08, 1.12645839323e-08, 4.91122653656e-09, 1.62784541402e-09, 4.56522653014e-10, 2.25634198825e-11, 4.15043832636e-11, 2.44515574455e-10, 3.47308293236e-11, 5.07601339433e-12, 2.69780855641e-12, 3.24067335467e-12, 4.70698740401e-12, 1.61366178666e-12, 7.77807072222e-13, 1.75372021592e-12, 1.94086543712e-12, 6.5668922123e-13, 1.39936651676e-12, 1.23665048471e-13]
    },
    "mfcc": {
        "mean": [-1037.30895996, 77.3847427368, 29.3404388428, 13.4961214066, 14.9824733734, 14.8231182098, 10.6406593323, 8.57476997375, 4.50087070465, 2.71995019913, -1.7829272747, -0.935628056526, 4.03031826019],
        "var": [13017.3310547, 3461.82177734, 490.03338623, 597.807617188, 203.064117432, 125.252113342, 143.930297852, 76.9970550537, 72.899559021, 115.964332581, 124.156143188, 93.4559173584, 17.6918907166]
    },
    "sccoeffs": {
        "mean": [-0.734697937965, -0.796935081482, -0.867682635784, -0.88251209259, -0.89656496048, -0.900395035744],
        "var": [0.00399307766929, 0.00765325734392, 0.00282404199243, 0.00182915979531, 0.000806333380751, 0.000333926436724]
    },
    "scvalleys": {
        "mean": [-9.21239471436, -10.4773159027, -10.9121341705, -11.8919010162, -13.0116853714, -13.4436359406],
        "var": [2.34899544716, 5.22773075104, 6.48889160156, 6.23181629181, 4.44519138336, 3.41119527817]
    }
},
"rhythm": {
    "bpm": 0,
    "confidence": 0,
    "first_peak_bpm": {
        "mean": 0,
        "var": 0
    },
    "first_peak_spread": {
        "mean": 0,
        "var": 0
    },
    "first_peak_weight": {
        "mean": 0,
        "var": 0
    },
    "onset_rate": 4.65558195114,
    "second_peak_bpm": {
        "mean": 0,
        "var": 0
    },
    "second_peak_spread": {
        "mean": 0,
        "var": 0
    },
    "second_peak_weight": {
        "mean": 0,
        "var": 0
    },
    "beats_position": [],
    "bpm_estimates": [],
    "bpm_intervals": [],
    "onset_times": [0.0116099771112, 0.417959183455],
    "histogram": [[0, 0, 0, 0, 0, 0, 0, 0, 0, 0, 0, 0, 0, 0, 0, 0, 0, 0, 0, 0, 0, 0, 0, 0, 0, 0, 0, 0, 0, 0, 0, 0, 0, 0, 0, 0, 0, 0, 0, 0, 0, 0, 0, 0, 0, 0, 0, 0, 0, 0, 0, 0, 0, 0, 0, 0, 0, 0, 0, 0, 0, 0, 0, 0, 0, 0, 0, 0, 0, 0, 0, 0, 0, 0, 0, 0, 0, 0, 0, 0, 0, 0, 0, 0, 0, 0, 0, 0, 0, 0, 0, 0, 0, 0, 0, 0, 0, 0, 0, 0, 0, 0, 0, 0, 0, 0, 0, 0, 0, 0, 0, 0, 0, 0, 0, 0, 0, 0, 0, 0, 0, 0, 0, 0, 0, 0, 0, 0, 0, 0, 0, 0, 0, 0, 0, 0, 0, 0, 0, 0, 0, 0, 0, 0, 0, 0, 0, 0, 0, 0, 0, 0, 0, 0, 0, 0, 0, 0, 0, 0, 0, 0, 0, 0, 0, 0, 0, 0, 0, 0, 0, 0, 0, 0, 0, 0, 0, 0, 0, 0, 0, 0, 0, 0, 0, 0, 0, 0, 0, 0, 0, 0, 0, 0, 0, 0, 0, 0, 0, 0, 0, 0, 0, 0, 0, 0, 0, 0, 0, 0, 0, 0, 0, 0, 0, 0, 0, 0, 0, 0, 0, 0, 0, 0, 0, 0, 0, 0, 0, 0, 0, 0, 0, 0, 0, 0, 0, 0, 0, 0, 0, 0, 0, 0, 0, 0, 0, 0, 0, 0]]
},
"sfx": {
    "inharmonicity": {
        "mean": 0.0177893918008,
        "var": 0.000900471466593
    },
    "oddtoevenharmonicenergyratio": {
        "mean": 0.0609363988042,
        "var": 0.0106332991272
    },
    "pitch_after_max_to_before_max_energy_ratio": 1.05235385895,
    "pitch_centroid": 11.0097780228,
    "pitch_max_to_total": 0.899999976158,
    "pitch_min_to_total": 0.25,
    "tristimulus": {
        "mean": [0.663736343384, 0.25065279007, 0.0856108814478],
        "var": [0.0661137923598, 0.0343985743821, 0.00609615910798]
    }
},
"tonal": {
    "chords_changes_rate": 0,
    "chords_number_rate": 0.0909090936184,
    "chords_strength": {
        "mean": 0.562316477299,
        "var": 0
    },
    "key_strength": 0.581264674664,
    "tuning_diatonic_strength": 0.422139853239,
    "tuning_equal_tempered_deviation": 0.283569514751,
    "tuning_frequency": 433.191070557,
    "tuning_nontempered_energy_ratio": 0.887023448944,
    "hpcp": {
        "mean": [0.0142974369228, 0.00778818689287, 0.00207005231641, 0.00321473414078, 0.00382426031865, 0.00234558642842, 0.0244295112789, 0.0995246693492, 0.128669247031, 0.0576501749456, 0.00709495088086, 0.00518796266988, 0.00402393145487, 0.0246444754303, 0.0448444969952, 0.0255666244775, 0.0102815963328, 0.00822137482464, 0.00811086967587, 0.017352130264, 0.0279917828739, 0.0179268624634, 0.0826418474317, 0.591908037663, 0.876750349998, 0.489571392536, 0.17213088274, 0.0493966899812, 0.00133780762553, 0.00210189120844, 0.00433725165203, 0.00341908028349, 0.0070481300354, 0.0140599617735, 0.0202245265245, 0.0202290993184],