{
"metadata": {
    "version": {
        "essentia": "2.1-dev"
    }
},
"lowLevel": {
    "barkbands_kurtosis": {
        "mean": 11.8631601334,
        "var": 4.66352891922
    },
    "dissonance": {
        "mean": 0.0993251055479,
        "var": 0.00129520532209
    },
    "hfc": {
        "mean": 14.5255784988,
        "var": 10.1238079071
    },
    "spectral_centroid": {
        "mean": 544.232788086,
        "var": 113.120147705
    },
    "spectral_complexity": {
        "mean": 6.6197180748,
        "var": 0.601865291595
    },
    "spectral_crest": {
        "mean": 15.0692119598,
        "var": 0.768437564373
    },
    "spectral_energyband_high": {
        "mean": 2.34202900629e-07,
        "var": 9.1215131558e-15
    },
    "spectral_energyband_low": {
        "mean": 1.38446557685e-05,
        "var": 1.6664458008e-11
    },
    "spectral_kurtosis": {
        "mean": 136.817749023,
        "var": 933.4375
    },
    "spectral_rolloff": {
        "mean": 602.626403809,
        "var": 6.43870544434
    },
    "spectral_strongpeak": {
        "mean": 2.74150872231,
        "var": 0.139048025012
    },
    "mfcc": {
        "mean": [-864.954528809, 239.528808594, 4.78126764297, -79.8144836426, -56.5593948364, -30.8276405334, -35.959072113, -34.3764572144, -3.4900765419, 5.28404426575, -4.47526931763, 6.94718408585, 15.9393463135],
        "var": [282.522247314, 26.0823707581, 177.831268311, 50.1166572571, 18.6287956238, 22.9703617096, 15.6523284912, 29.0204467773, 18.3981761932, 11.9316291809, 14.381105423, 14.7086906433, 16.3981361389]
    },
    "sccoeffs": {
        "mean": [-0.559114515781, -0.269713968039, -0.510067284107, -0.638091862202, -0.820960223675, -0.875111162663],
        "var": [0.00100916146766, 0.000951011199504, 0.00128271244466, 0.00126612558961, 0.000642492377665, 9.00350205484e-05]
    }
},
"sfx": {
    "inharmonicity": {
        "mean": 0.0218541193753,
        "var": 0.000199639180209
    }
}
}