{"lowlevel.dissonance.mean": [0.15581881999969482], "sfx.inharmonicity.mean": [0.6064161658287048], "lowlevel.spectral_contrast.mean": [[0.3248187303543091, 0.5630189180374146, 0.26996827125549316, 0.25457215309143066, 0.29387760162353516, 0.2148895263671875]], "lowlevel.spectral_centroid.mean": [0.33383193612098694], "lowlevel.mfcc.mean": [[0.19337964057922363, 0.45577138662338257, 0.7270747423171997, 0.6167722940444946, 0.6894502639770508, 0.5939158201217651, 0.5109981298446655, 0.41563472151756287, 0.3820037245750427, 0.2913770079612732, 0.3443464934825897, 0.41980352997779846, 0.5523414611816406]], "sfx.logattacktime.mean": [0.12416315078735352], "lowlevel.hfc.mean": [0.4651738703250885]}