{
"metadata": {
    "version": {
        "essentia": "2.1-dev"
    }
},
"lowLevel": {
    "average_loudness": 0.937509059906,
    "barkbands_kurtosis": {
        "mean": 0.169926822186,
        "var": 22.6854534149
    },
    "barkbands_skewness": {
        "mean": 0.217960730195,
        "var": 0.776966869831
    },
    "barkbands_spread": {
        "mean": 18.1039409637,
        "var": 378.098297119
    },
    "dissonance": {
        "mean": 0.382744163275,
        "var": 0.00638638064265
    },
    "hfc": {
        "mean": 6.8525853157,
        "var": 28.9291152954
    },
    "pitch": {
        "mean": 357.449035645,
        "var": 54171.4101562
    },
    "pitch_instantaneous_confidence": {
        "mean": 0.774494946003,
        "var": 0.101090565324
    },
    "pitch_salience": {
        "mean": 0.743868410587,
        "var": 0.0251254569739
    },
    "silence_rate_20dB": {
        "mean": 1,
        "var": 0
    },
    "silence_rate_30dB": {
        "mean": 1,
        "var": 0
    },
    "silence_rate_60dB": {
        "mean": 0.347150266171,
        "var": 0.226637139916
    },
    "spectral_centroid": {
        "mean": 1091.1151123,
        "var": 136230.296875
    },
    "spectral_complexity": {
        "mean": 5.23316049576,
        "var": 13.5155830383
    },
    "spectral_crest": {
        "mean": 8.92090034485,
        "var": 14.4034166336
    },
    "spectral_decrease": {
        "mean": -1.66505886856e-09,
        "var": 1.62935410762e-18
    },
    "spectral_energy": {
        "mean": 0.00690586352721,
        "var": 2.81323791569e-05
    },
    "spectral_energyband_high": {
        "mean": 2.33650052905e-06,
        "var": 7.03803855473e-12
    },
    "spectral_energyband_low": {
        "mean": 1.18826166684e-08,
        "var": 1.52943815907e-16
    },
    "spectral_energyband_middle_high": {
        "mean": 0.00392457935959,
        "var": 9.65401250141e-06
    },
    "spectral_energyband_middle_low": {
        "mean": 0.00297897891141,
        "var": 4.96906841363e-06
    },
    "spectral_flatness_db": {
        "mean": 0.340696901083,
        "var": 0.0298560373485
    },
    "spectral_flux": {
        "mean": 0.00439007068053,
        "var": 1.61725893122e-05
    },
    "spectral_kurtosis": {
        "mean": 43.3841629028,
        "var": 1085.06286621
    },
    "spectral_rms": {
        "mean": 0.00212425808422,
        "var": 2.22495623348e-06
    },
    "spectral_rolloff": {
        "mean": 1701.46032715,
        "var": 882062.9375
    },
    "spectral_skewness": {
        "mean": 4.30344676971,
        "var": 4.79063129425
    },
    "spectral_spread": {
        "mean": 8817294,
        "var": 1.60249558335e+14
    },
    "spectral_strongpeak": {
        "mean": 1.4484770298,
        "var": 1.34658122063
    },
    "zerocrossingrate": {
        "mean": 0.0764223411679,
        "var": 0.0036566958297
    },
    "barkbands": {
        "mean": [7.42577865864e-09, 3.167260898e-09, 2.12306705549e-09, 1.0297202202e-08, 4.14942206817e-07, 0.00110234075692, 8.71298553307e-08, 1.95590089902e-07, 0.00187587656546, 2.28275041536e-07, 0.00120598950889, 2.98500680174e-07, 0.00179422297515, 0.000661171390675, 0.000109608838102, 6.00049534114e-05, 6.47556807962e-05, 2.23194765567e-05, 4.31588432548e-06, 2.79983919427e-06, 1.14643376037e-06, 4.51097115217e-08, 1.39820146572e-08, 4.825651434e-09, 6.19440099214e-09, 2.39802178115e-09, 4.39229319582e-10],
        "var": [6.56815420034e-17, 8.99115464625e-18, 9.40545384631e-18, 5.65771792531e-16, 2.84608328658e-13, 6.43646615117e-07, 4.554835987e-14, 1.04706885794e-13, 2.05641026696e-06, 1.35011725649e-13, 9.90321950667e-07, 1.13925999168e-13, 2.03553099709e-06, 3.35614600999e-07, 1.14758211822e-08, 3.37443406551e-09, 3.59094798341e-09, 5.17299647562e-10, 2.53238124914e-11, 9.51811112565e-12, 1.87713408185e-12, 2.05056363904e-15, 2.28364688321e-16, 2.62406786962e-17, 7.86903600341e-17, 1.92098287779e-17, 4.72320750153e-19]
    },
    "mfcc": {
        "mean": [-925.687316895, 95.5950164795, -102.785339355, -45.9307899475, -16.5209140778, -21.7861232758, -16.0157051086, -28.6651420593, -20.8371944427, -16.3352832794, -10.2621736526, 0.656341016293, -10.5740776062],
        "var": [19252.0527344, 3442.65185547, 5142.25585938, 920.697875977, 149.726547241, 223.492492676, 106.038421631, 320.81060791, 160.156433105, 103.987838745, 55.8499069214, 14.1121664047, 81.4907684326]
    },
    "sccoeffs": {
        "mean": [-0.794964075089, -0.489008367062, -0.557662010193, -0.591155946255, -0.706915795803, -0.819455623627],
        "var": [0.00224723224528, 0.0591693557799, 0.0486345887184, 0.0429544597864, 0.0179896894842, 0.00395210785791]
    },
    "scvalleys": {
        "mean": [-11.3385839462, -10.4182834625, -10.2400474548, -10.3078546524, -11.4358139038, -13.5083866119],
        "var": [1.14341235161, 2.33792662621, 3.28566026688, 3.01714015007, 2.2409453392, 0.892770707607]
    }
},
"rhythm": {
    "beats_loudness": {
        "mean": 0.00817145686597,
        "var": 2.22871003643e-05
    },
    "bpm": 164.103866577,
    "confidence": 0,
    "first_peak_bpm": {
        "mean": 161,
        "var": 0
    },
    "first_peak_spread": {
        "mean": 0.25,
        "var": 0
    },
    "first_peak_weight": {
        "mean": 0.300000011921,
        "var": 0
    },
    "onset_rate": 0.450828075409,
    "second_peak_bpm": {
        "mean": 167,
        "var": 0
    },
    "second_peak_spread": {
        "mean": 0,
        "var": 0
    },
    "second_peak_weight": {
        "mean": 0.300000011921,
        "var": 0
    },
    "beats_loudness_band_ratio": {
        "mean": [0.0741862282157, 0.143243744969, 0.248684123158, 0.380413323641, 0.136135593057, 0.0202742144465],
        "var": [0.0266335010529, 0.00245815794915, 0.00330279115587, 0.0140019021928, 0.00225603301078, 0.00167278724257]
    },
    "beats_position": [0.336689323187, 0.696598649025, 1.06811785698, 1.46285712719, 1.83437633514, 2.19428563118, 2.55419492722, 2.90249419212, 3.25079369545, 3.62231278419, 4.00544214249],
    "bpm_estimates": [166.708648682, 161.499053955, 161.499053955, 166.70866394, 166.70866394, 161.499099731],
    "bpm_intervals": [0.359909325838, 0.371519207954, 0.39473927021, 0.371519207954, 0.359909296036, 0.359909296036, 0.348299264908, 0.348299503326, 0.371519088745, 0.383129358292],
    "onset_times": [0.510838985443, 0.638548731804],
    "histogram": [[0, 0, 0, 0, 0, 0, 0, 0, 0, 0, 0, 0, 0, 0, 0, 0, 0, 0, 0, 0, 0, 0, 0, 0, 0, 0, 0, 0, 0, 0, 0, 0, 0, 0, 0, 0, 0, 0, 0, 0, 0, 0, 0, 0, 0, 0, 0, 0, 0, 0, 0, 0, 0, 0, 0, 0, 0, 0, 0, 0, 0, 0, 0, 0, 0, 0, 0, 0, 0, 0, 0, 0, 0, 0, 0, 0, 0, 0, 0, 0, 0, 0, 0, 0, 0, 0, 0, 0, 0, 0, 0, 0, 0, 0, 0, 0, 0, 0, 0, 0, 0, 0, 0, 0, 0, 0, 0, 0, 0, 0, 0, 0, 0, 0, 0, 0, 0, 0, 0, 0, 0, 0, 0, 0, 0, 0, 0, 0, 0, 0, 0, 0, 0, 0, 0, 0, 0, 0, 0, 0, 0, 0, 0, 0, 0, 0, 0, 0, 0, 0, 0, 0, 0.10000000149, 0, 0, 0, 0, 0.10000000149, 0, 0, 0, 0.300000011921, 0, 0, 0, 0, 0, 0.300000011921, 0, 0, 0, 0, 0.20000000298, 0, 0, 0, 0, 0, 0, 0, 0, 0, 0, 0, 0, 0, 0, 0, 0, 0, 0, 0, 0, 0, 0, 0, 0, 0, 0, 0, 0, 0, 0, 0, 0, 0, 0, 0, 0, 0, 0, 0, 0, 0, 0, 0, 0, 0, 0, 0, 0, 0, 0, 0, 0, 0, 0, 0, 0, 0, 0, 0, 0, 0, 0, 0, 0, 0, 0, 0, 0, 0, 0, 0, 0, 0, 0, 0, 0, 0]]
},
"sfx": {
    "inharmonicity": {
        "mean": 0.0408445559442,
        "var": 0.00484901294112
    },
    "oddtoevenharmonicenergyratio": {
        "mean": 1.02042961121,
        "var": 0.251399546862
    },
    "pitch_after_max_to_before_max_energy_ratio": 0.524978756905,
    "pitch_centroid": 101.0467453,
    "pitch_max_to_total": 0.880829036236,
    "pitch_min_to_total": 0.0829015523195,
    "tristimulus": {
        "mean": [0.194242954254, 0.491996198893, 0.313760578632],
        "var": [0.0173112675548, 0.0173418279737, 0.0244046598673]
    }
},
"tonal": {
    "chords_changes_rate": 0.0824742242694,
    "chords_number_rate": 0.0412371121347,
    "chords_strength": {
        "mean": 0.457326442003,
        "var": 0.00534053146839
    },