{
"metadata": {
    "version": {
        "essentia": "2.1-dev"
    }
},
"lowLevel": {
    "barkbands_kurtosis": {
        "mean": -0.652617275715,
        "var": 0.01235852018
    },
    "dissonance": {
        "mean": 0.362271845341,
        "var": 0.00263548409566
    },
    "hfc": {
        "mean": 12.071138382,
        "var": 0.931710481644
    },
    "spectral_centroid": {
        "mean": 1008.17095947,
        "var": 1843.51672363
    },
    "spectral_complexity": {
        "mean": 8.2650604248,
        "var": 0.291188985109
    },
    "spectral_crest": {
        "mean": 7.73121738434,
        "var": 0.285752207041
    },
    "spectral_energyband_high": {
        "mean": 4.54523797089e-06,
        "var": 6.10285910349e-12
    },
    "spectral_energyband_low": {
        "mean": 1.82529564796e-08,
        "var": 2.08648183294e-16
    },
    "spectral_kurtosis": {
        "mean": 53.3367958069,
        "var": 222.983078003
    },
    "spectral_rolloff": {
        "mean": 1427.41882324,
        "var": 18441.359375
    },
    "spectral_strongpeak": {
        "mean": 2.38360309601,
        "var": 0.447688698769
    },
    "mfcc": {
        "mean": [-816.427429199, 135.127700806, -159.622711182, -58.3641471863, -21.9934825897, -33.2616424561, -21.6959095001, -42.3354301453, -27.4509334564, -21.7168426514, -16.0559082031, 0.283830761909, -16.7471256256],
        "var": [92.4138336182, 81.2916717529, 50.0053787231, 56.0829086304, 46.6274642944, 18.5042057037, 19.7014713287, 12.6357917786, 9.15117931366, 11.737575531, 23.1916427612, 14.0649843216, 31.8889904022]
    },
    "sccoeffs": {
        "mean": [-0.772308468819, -0.339574456215, -0.412542402744, -0.445768594742, -0.603148937225, -0.78091365099],
        "var": [0.00159671180882, 0.00133158324752, 0.000908462156076, 0.000528078817297, 0.000455355155282, 0.00111058133189]
    }
},
"sfx": {
    "inharmonicity": {
        "mean": 0.0097075290978,
        "var": 1.35567881898e-06
    }
}
}