{"lowlevel.dissonance.mean": [0.3415522575378418], "sfx.inharmonicity.mean": [0.34988975524902344], "lowlevel.spectral_contrast.mean": [[0.9078179001808167, 1.0065466165542603, 1.1173895597457886, 0.9439139366149902, 0.8300459384918213, 0.50254225730896]], "lowlevel.spectral_centroid.mean": [0.40485042333602905], "lowlevel.mfcc.mean": [[0.44146597385406494, 0.5704433917999268, -0.12933555245399475, -0.09969598054885864, 0.3129268288612366, 0.1698094606399536, 0.2738912105560303, 0.1328839659690857, 0.04513618350028992, -0.23107260465621948, -0.06561863422393799, 0.13015103340148926, 0.12749096751213074]], "sfx.logattacktime.mean": [0.5303857326507568], "lowlevel.hfc.mean": [0.46885982155799866]}