{
"metadata": {
    "version": {
        "essentia": "2.1-dev"
    }
},
"lowLevel": {
    "barkbands_kurtosis": {
        "mean": -0.0445491597056,
        "var": 2.50078082085
    },
    "dissonance": {
        "mean": 0.381618320942,
        "var": 0.00187181285582
    },
    "hfc": {
        "mean": 61.9864234924,
        "var": 557.233398438
    },
    "spectral_centroid": {
        "mean": 990.232543945,
        "var": 11199.8027344
    },
    "spectral_complexity": {
        "mean": 17.1643829346,
        "var": 4.41133499146
    },
    "spectral_crest": {
        "mean": 14.6265554428,
        "var": 1.95720243454
    },
    "spectral_energyband_high": {
        "mean": 0.00027136944118,
        "var": 1.9949411012e-08
    },
    "spectral_energyband_low": {
        "mean": 3.25474429701e-05,
        "var": 3.93939852961e-10
    },
    "spectral_kurtosis": {
        "mean": 14.4542608261,
        "var": 26.5471858978
    },
    "spectral_rolloff": {
        "mean": 2071.31738281,
        "var": 168673.125
    },
    "spectral_strongpeak": {
        "mean": 3.33776855469,
        "var": 0.45155069232
    },
    "mfcc": {
        "mean": [-640.745849609, 138.196350098, -117.516563416, 6.35506439209, -34.2402992249, -34.9839668274, -14.2566356659, -15.8737974167, -8.1052570343, -8.71723461151, -12.6032772064, 8.30131340027, -2.6267311573],
        "var": [1097.92346191, 181.838546753, 78.8854980469, 54.0658493042, 29.5314674377, 42.8051567078, 40.0944366455, 17.9903240204, 18.1497459412, 18.8548793793, 53.6749038696, 22.1283245087, 21.7695560455]
    },
    "sccoeffs": {
        "mean": [-0.437361568213, -0.283813804388, -0.407423257828, -0.524901092052, -0.552177071571, -0.713983416557],
        "var": [0.00141709588934, 0.000735977257136, 0.00156569632236, 0.00110435765237, 0.00126494246069, 0.000651369860861]
    }
},
"sfx": {
    "inharmonicity": {
        "mean": 0.0125190932304,
        "var": 2.98748345813e-05
    }
}
}