{"lowlevel.dissonance.mean": [0.5405937433242798], "sfx.inharmonicity.mean": [0.3932635188102722], "lowlevel.spectral_contrast.mean": [[0.303011417388916, 0.2371809482574463, 0.24214601516723633, 0.18882298469543457, 0.18126606941223145, 0.21776509284973145]], "lowlevel.spectral_centroid.mean": [0.4303967356681824], "lowlevel.mfcc.mean": [[0.11631572246551514, 0.21831101179122925, 0.5246211290359497, 0.43177351355552673, 0.46719104051589966, 0.4299953877925873, 0.4333728849887848, 0.38914400339126587, 0.4080429971218109, 0.36730706691741943, 0.4085858464241028, 0.3942427635192871, 0.42486125230789185]], "sfx.logattacktime.mean": [0.24427032470703125], "lowlevel.hfc.mean": [0.4651544392108917]}