{
"metadata": {
    "version": {
        "essentia": "2.1-dev"
    }
},
"lowLevel": {
    "average_loudness": 0.657872080803,
    "barkbands_kurtosis": {
        "mean": 8.29082012177,
        "var": 70.6346740723
    },
    "barkbands_skewness": {
        "mean": 0.872697114944,
        "var": 4.64381790161
    },
    "barkbands_spread": {
        "mean": 21.6784248352,
        "var": 237.194473267
    },
    "dissonance": {
        "mean": 0.445771098137,
        "var": 0.00282434350811
    },
    "hfc": {
        "mean": 0.150531768799,
        "var": 0.4729578197
    },
    "pitch": {
        "mean": 447.420410156,
        "var": 692849.9375
    },
    "pitch_instantaneous_confidence": {
        "mean": 0.317474007607,
        "var": 0.0291145760566
    },
    "pitch_salience": {
        "mean": 0.647480964661,
        "var": 0.0182006116956
    },
    "silence_rate_20dB": {
        "mean": 1,
        "var": 0
    },
    "silence_rate_30dB": {
        "mean": 1,
        "var": 0
    },
    "silence_rate_60dB": {
        "mean": 0.967032968998,
        "var": 0.0318800993264
    },
    "spectral_centroid": {
        "mean": 4024.75756836,
        "var": 23564210
    },
    "spectral_complexity": {
        "mean": 0.318681329489,
        "var": 1.90943527222
    },
    "spectral_crest": {
        "mean": 10.4689283371,
        "var": 17.3415603638
    },
    "spectral_decrease": {
        "mean": -5.42701716899e-11,
        "var": 6.76812618876e-20
    },
    "spectral_energy": {
        "mean": 0.000218482033233,
        "var": 1.08624726636e-06
    },
    "spectral_energyband_high": {
        "mean": 9.75485363597e-06,
        "var": 1.98024618925e-09
    },
    "spectral_energyband_low": {
        "mean": 7.32098669687e-06,
        "var": 2.01716243708e-09
    },
    "spectral_energyband_middle_high": {
        "mean": 1.82213752851e-05,
        "var": 9.73953717676e-09
    },
    "spectral_energyband_middle_low": {
        "mean": 0.000189840095118,
        "var": 8.29078032893e-07
    },
    "spectral_flatness_db": {
        "mean": 0.169536113739,
        "var": 0.00609953701496
    },
    "spectral_flux": {
        "mean": 0.00298793567345,
        "var": 9.94249712676e-05
    },
    "spectral_kurtosis": {
        "mean": 0.618996143341,
        "var": 7.73440933228
    },
    "spectral_rms": {
        "mean": 0.00012712093303,
        "var": 1.96993553914e-07
    },
    "spectral_rolloff": {
        "mean": 6786.27148438,
        "var": 68477448
    },
    "spectral_skewness": {
        "mean": 0.902297317982,
        "var": 0.814360678196
    },
    "spectral_spread": {
        "mean": 18969394,
        "var": 2.13709754466e+14
    },
    "spectral_strongpeak": {
        "mean": 0.0172595344484,
        "var": 0.00411322899163
    },
    "zerocrossingrate": {
        "mean": 0.231150195003,
        "var": 0.0463178344071
    },
    "barkbands": {
        "mean": [2.77558989126e-08, 2.03532994902e-08, 8.38921891955e-07, 2.94934889098e-05, 8.62800661707e-05, 5.20212124684e-05, 1.13621481432e-05, 2.7430148748e-06, 6.99545444149e-06, 2.49783033723e-06, 6.45744785288e-06, 1.66141012414e-06, 1.76393632501e-06, 1.40085228395e-06, 7.15630733339e-07, 1.08672645638e-06, 6.90946421855e-07, 8.81241021489e-07, 1.24652569866e-06, 9.94026663648e-07, 1.94920130525e-06, 2.58927957475e-06, 1.54894200932e-06, 1.97185295292e-06, 1.24373104882e-06, 7.05004414223e-12, 6.82426467766e-12],
        "var": [4.15429130102e-15, 1.39375281946e-14, 2.87533295784e-11, 2.28250662815e-08, 1.74341735715e-07, 8.06765356742e-08, 2.69654210072e-09, 2.24418678085e-10, 1.1161372937e-09, 1.51079856958e-10, 2.20649631899e-09, 5.03148044062e-11, 9.98899990501e-11, 7.03723121442e-11, 1.20405959508e-11, 2.74864506156e-11, 1.1341828518e-11, 2.10460607275e-11, 3.24660125173e-11, 1.95654863838e-11, 8.72155889176e-11, 1.44939352187e-10, 4.25109808466e-11, 7.85895723499e-11, 4.36030656026e-11, 1.57007553946e-21, 1.40139238973e-21]
    },
    "mfcc": {
        "mean": [-1095.76855469, 17.484418869, 8.42042064667, 4.16236925125, -1.7342389822, -2.18925952911, -4.34901094437, -4.78642320633, -5.12816238403, -5.16144657135, -4.34949588776, -3.57092523575, -2.85256052017],
        "var": [10683.4814453, 936.525939941, 168.395050049, 63.265422821, 98.6253356934, 38.5704803467, 72.5183105469, 72.2893753052, 72.9855270386, 75.4113388062, 52.2550048828, 36.9889945984, 26.3161354065]
    },
    "sccoeffs": {
        "mean": [-0.834711492062, -0.881939828396, -0.906018018723, -0.919418096542, -0.923710584641, -0.91769272089],
        "var": [0.0186641439795, 0.00559104792774, 0.00235598930158, 0.00128890003543, 0.00104042096063, 0.00209556985646]
    },
    "scvalleys": {
        "mean": [-16.3211574554, -16.4521694183, -17.1666069031, -17.6726112366, -17.789855957, -18.0041790009],
        "var": [56.8256988525, 57.1800193787, 50.06590271, 45.7747421265, 44.0411605835, 41.5113449097]
    }
},
"rhythm": {
    "beats_loudness": {
        "mean": 1.97947613856e-07,
        "var": 7.26077997639e-14
    },
    "bpm": 123.046882629,
    "confidence": 0,
    "first_peak_bpm": {
        "mean": 123,
        "var": 0
    },
    "first_peak_spread": {
        "mean": 0,
        "var": 0
    },
    "first_peak_weight": {
        "mean": 1,
        "var": 0
    },
    "onset_rate": 0.481951415539,
    "second_peak_bpm": {
        "mean": 0,
        "var": 0
    },
    "second_peak_spread": {
        "mean": 0,
        "var": 0
    },
    "second_peak_weight": {
        "mean": 0,
        "var": 0
    },
    "beats_loudness_band_ratio": {
        "mean": [0.443869024515, 0.301285415888, 0.0463388152421, 0.0022799083963, 0.00125366449356, 0.00513387098908],
        "var": [0.130282044411, 0.0926342606544, 0.00142380723264, 2.62194066636e-06, 1.68594658589e-06, 3.39312355209e-05]
    },
    "beats_position": [0.476009070873, 0.96362811327, 1.45124709606],
    "bpm_estimates": [123.046875, 123.046890259],
    "bpm_intervals": [0.487619042397, 0.487618982792],
    "onset_times": [0.0116099771112],
    "histogram": [[0, 0, 0, 0, 0, 0, 0, 0, 0, 0, 0, 0, 0, 0, 0, 0, 0, 0, 0, 0, 0, 0, 0, 0, 0, 0, 0, 0, 0, 0, 0, 0, 0, 0, 0, 0, 0, 0, 0, 0, 0, 0, 0, 0, 0, 0, 0, 0, 0, 0, 0, 0, 0, 0, 0, 0, 0, 0, 0, 0, 0, 0, 0, 0, 0, 0, 0, 0, 0, 0, 0, 0, 0, 0, 0, 0, 0, 0, 0, 0, 0, 0, 0, 0, 0, 0, 0, 0, 0, 0, 0, 0, 0, 0, 0, 0, 0, 0, 0, 0, 0, 0, 0, 0, 0, 0, 0, 0, 0, 0, 0, 0, 0, 0, 0, 0, 0, 0, 0, 0, 0, 0, 0, 1, 0, 0, 0, 0, 0, 0, 0, 0, 0, 0, 0, 0, 0, 0, 0, 0, 0, 0, 0, 0, 0, 0, 0, 0, 0, 0, 0, 0, 0, 0, 0, 0, 0, 0, 0, 0, 0, 0, 0, 0, 0, 0, 0, 0, 0, 0, 0, 0, 0, 0, 0, 0, 0, 0, 0, 0, 0, 0, 0, 0, 0, 0, 0, 0, 0, 0, 0, 0, 0, 0, 0, 0, 0, 0, 0, 0, 0, 0, 0, 0, 0, 0, 0, 0, 0, 0, 0, 0, 0, 0, 0, 0, 0, 0, 0, 0, 0, 0, 0, 0, 0, 0, 0, 0, 0, 0, 0, 0, 0, 0, 0, 0, 0, 0, 0, 0, 0, 0, 0, 0, 0, 0, 0, 0, 0, 0]]
},
"sfx": {
    "inharmonicity": {
        "mean": 0.0974111258984,
        "var": 0.00831133872271
    },
    "oddtoevenharmonicenergyratio": {
        "mean": 1.32493150234,
        "var": 10.1735191345
    },
    "pitch_after_max_to_before_max_energy_ratio": 3.58148527145,
    "pitch_centroid": 60.9760246277,
    "pitch_max_to_total": 0.736263751984,
    "pitch_min_to_total": 0.109890110791,
    "tristimulus": {
        "mean": [0.306847333908, 0.32828348875, 0.364869117737],
        "var": [0.0713668987155, 0.0389918722212, 0.065884642303]
    }
},
"tonal": {
    "chords_changes_rate": 0.0869565233588,
    "chords_number_rate": 0.0869565233588,
    "chords_strength": {
        "mean": 0.359612226486,
        "var": 0.00360417808406
    },
    "key_strength": 0.535228550434,
    "tuning_diatonic_strength": 0.416553258896,
    "tuning_equal_tempered_deviation": 0.296419352293,
    "tuning_frequency": 447.691040039,
    "tuning_nontempered_energy_ratio": 0.94712138176,