{
"metadata": {
    "version": {
        "essentia": "2.1-dev"
    }
},
"lowLevel": {
    "barkbands_kurtosis": {
        "mean": 1.29098260403,
        "var": 0.64248585701
    },
    "dissonance": {
        "mean": 0.356521487236,
        "var": 0.00163302186411
    },
    "hfc": {
        "mean": 49.4897117615,
        "var": 303.064575195
    },
    "spectral_centroid": {
        "mean": 821.166564941,
        "var": 3674.76733398
    },
    "spectral_complexity": {
        "mean": 16.4603176117,
        "var": 3.16906070709
    },
    "spectral_crest": {
        "mean": 13.5889501572,
        "var": 0.482545107603
    },
    "spectral_energyband_high": {
        "mean": 7.39102833904e-05,
        "var": 8.77579953151e-10
    },
    "spectral_energyband_low": {
        "mean": 2.00872837013e-05,
        "var": 9.2288304776e-10
    },
    "spectral_kurtosis": {
        "mean": 16.7781963348,
        "var": 31.7253608704
    },
    "spectral_rolloff": {
        "mean": 1209.62011719,
        "var": 20910.3144531
    },
    "spectral_strongpeak": {
        "mean": 3.26234841347,
        "var": 0.457132965326
    },
    "mfcc": {
        "mean": [-654.188781738, 156.727783203, -115.168533325, -9.54629707336, -42.3827133179, -33.9343338013, -6.77992582321, -15.0263881683, -21.7975101471, -6.15798139572, -11.1860351562, -5.26592826843, -4.53161382675],
        "var": [846.374938965, 124.656898499, 93.8057861328, 40.9154167175, 28.0671043396, 37.7987174988, 27.4928436279, 32.7548599243, 26.840587616, 23.9822940826, 13.2684555054, 46.1636505127, 19.6730194092]
    },
    "sccoeffs": {
        "mean": [-0.415756911039, -0.290361225605, -0.376578569412, -0.506111085415, -0.60260695219, -0.752701640129],
        "var": [0.000881553918589, 0.000829029537272, 0.000963366124779, 0.000924137537368, 0.000850732147228, 0.000384243117878]
    }
},
"sfx": {
    "inharmonicity": {
        "mean": 0.00797762721777,
        "var": 8.96553501661e-06
    }
}
}