{
"metadata": {
    "version": {
        "essentia": "2.1-dev"
    }
},
"lowLevel": {
    "barkbands_kurtosis": {
        "mean": 3.40198588371,
        "var": 0.975288331509
    },
    "dissonance": {
        "mean": 0.373035699129,
        "var": 3.5058168578e-05
    },
    "hfc": {
        "mean": 10.403459549,
        "var": 2.74087643623
    },
    "spectral_centroid": {
        "mean": 444.601165771,
        "var": 167.808868408
    },
    "spectral_complexity": {
        "mean": 11.6153850555,
        "var": 0.452070623636
    },
    "spectral_crest": {
        "mean": 10.3576231003,
        "var": 0.542275846004
    },
    "spectral_energyband_high": {
        "mean": 2.29854407507e-07,
        "var": 6.69803330909e-15
    },
    "spectral_energyband_low": {
        "mean": 0.00145597220398,
        "var": 1.20274265214e-07
    },
    "spectral_kurtosis": {
        "mean": 144.001068115,
        "var": 1161.91369629
    },
    "spectral_rolloff": {
        "mean": 538.329956055,
        "var": 1.49011611938e-08
    },
    "spectral_strongpeak": {
        "mean": 1.6431851387,
        "var": 0.0278018545359
    },
    "mfcc": {
        "mean": [-827.508789062, 281.73614502, 42.1671638489, -32.3314781189, -15.1192245483, -3.43385100365, -13.9645261765, -27.4294033051, -9.3312625885, 16.623216629, 19.8346691132, 8.48417472839, -3.67621731758],
        "var": [213.269256592, 14.7259521484, 95.9739608765, 28.0638332367, 12.5901288986, 12.8907146454, 20.3557891846, 6.69823884964, 10.144411087, 7.81223678589, 9.21289253235, 11.4310016632, 8.92060756683]
    },
    "sccoeffs": {
        "mean": [-0.550436556339, -0.610105454922, -0.662692010403, -0.662280440331, -0.85201561451, -0.87135964632],
        "var": [0.00049252063036, 0.000155863337568, 0.00107200979255, 0.00121124088764, 0.000199803776923, 0.000236865671468]
    }
},
"sfx": {
    "inharmonicity": {
        "mean": 0.019324760884,
        "var": 0.000119630523841
    }
}
}