{"lowlevel.dissonance.mean": [0.25797200202941895], "sfx.inharmonicity.mean": [0.3666737973690033], "lowlevel.spectral_contrast.mean": [[0.7120174765586853, 1.0541950464248657, 1.054600477218628, 0.8207155466079712, 0.696467399597168, 0.44661831855773926]], "lowlevel.spectral_centroid.mean": [0.33922818303108215], "lowlevel.mfcc.mean": [[0.49801504611968994, 0.5738300681114197, 0.3004508912563324, 0.5056809186935425, 0.3199974298477173, 0.2664823532104492, 0.5843732953071594, 0.44554752111434937, 0.2909166216850281, 0.4781033396720886, 0.390301913022995, 0.5166248083114624, 0.744424045085907]], "sfx.logattacktime.mean": [0.5580780506134033], "lowlevel.hfc.mean": [0.47849488258361816]}