{
"metadata": {
    "version": {
        "essentia": "2.1-dev"
    }
},
"lowLevel": {
    "barkbands_kurtosis": {
        "mean": 4.84096002579,
        "var": 6.68621969223
    },
    "dissonance": {
        "mean": 0.328327864408,
        "var": 0.00252530048601
    },
    "hfc": {
        "mean": 54.7958755493,
        "var": 435.843658447
    },
    "spectral_centroid": {
        "mean": 672.635009766,
        "var": 5380.69140625
    },
    "spectral_complexity": {
        "mean": 16.2558135986,
        "var": 9.26013946533
    },
    "spectral_crest": {
        "mean": 16.6146602631,
        "var": 2.5908882618
    },
    "spectral_energyband_high": {
        "mean": 6.18576596025e-05,
        "var": 9.75154401672e-10
    },
    "spectral_energyband_low": {
        "mean": 2.04012267204e-05,
        "var": 1.86423182447e-10
    },
    "spectral_kurtosis": {
        "mean": 23.111415863,
        "var": 648.513061523
    },
    "spectral_rolloff": {
        "mean": 1001.0435791,
        "var": 18026.7988281
    },
    "spectral_strongpeak": {
        "mean": 4.0327129364,
        "var": 0.931977987289
    },
    "mfcc": {
        "mean": [-677.319030762, 163.087615967, -94.0826797485, -1.68587601185, -41.5777130127, -37.2380409241, -1.4243953228, -13.131280899, -29.6445617676, -9.97325706482, -18.663564682, -8.18024635315, 7.3719625473],
        "var": [2194.13916016, 201.811019897, 496.56628418, 56.6427078247, 25.7999458313, 28.7882537842, 28.9971561432, 17.3809680939, 26.8931293488, 30.3156375885, 32.0753593445, 16.1676387787, 19.5893611908]
    },
    "sccoeffs": {
        "mean": [-0.522432982922, -0.274003684521, -0.377536386251, -0.5832670331, -0.653339326382, -0.777146458626],
        "var": [0.00157206971198, 0.00180606695358, 0.00163341814186, 0.000657103373669, 0.00117058621254, 0.0004485679965]
    }
},
"sfx": {
    "inharmonicity": {
        "mean": 0.0182243492454,
        "var": 3.22039813909e-05
    }
}
}