{"lowlevel.dissonance.mean": [0.18749523162841797], "sfx.inharmonicity.mean": [0.43234360218048096], "lowlevel.spectral_contrast.mean": [[0.31003618240356445, 0.44132065773010254, 0.35807251930236816, 0.28548669815063477, 0.27202892303466797, 0.2593395709991455]], "lowlevel.spectral_centroid.mean": [0.4364360570907593], "lowlevel.mfcc.mean": [[0.25596582889556885, 0.4549124836921692, 0.62445467710495, 0.49692660570144653, 0.6002265810966492, 0.5571871399879456, 0.5755326747894287, 0.5149065256118774, 0.5225911140441895, 0.44751986861228943, 0.39382389187812805, 0.44877392053604126, 0.5216013789176941]], "sfx.logattacktime.mean": [0.4594327211380005], "lowlevel.hfc.mean": [0.46529263257980347]}