{
"metadata": {
    "version": {
        "essentia": "2.1-dev"
    }
},
"lowLevel": {
    "average_loudness": 0.99068403244,
    "barkbands_kurtosis": {
        "mean": 44.3195343018,
        "var": 2418.01879883
    },
    "barkbands_skewness": {
        "mean": 4.22665214539,
        "var": 13.9074192047
    },
    "barkbands_spread": {
        "mean": 7.36837244034,
        "var": 63.0970039368
    },
    "dissonance": {
        "mean": 0.344295859337,
        "var": 0.0100336465985
    },
    "hfc": {
        "mean": 0.453707575798,
        "var": 1.46977257729
    },
    "pitch": {
        "mean": 387.116577148,
        "var": 841311
    },
    "pitch_instantaneous_confidence": {
        "mean": 0.434385567904,
        "var": 0.024376263842
    },
    "pitch_salience": {
        "mean": 0.560610353947,
        "var": 0.0350901335478
    },
    "silence_rate_20dB": {
        "mean": 1,
        "var": 0
    },
    "silence_rate_30dB": {
        "mean": 1,
        "var": 0
    },
    "silence_rate_60dB": {
        "mean": 0.888888895512,
        "var": 0.0987654328346
    },
    "spectral_centroid": {
        "mean": 924.064208984,
        "var": 6114653.5
    },
    "spectral_complexity": {
        "mean": 1.11111116409,
        "var": 4.54321098328
    },
    "spectral_crest": {
        "mean": 12.7815952301,
        "var": 19.4011821747
    },
    "spectral_decrease": {
        "mean": -2.85019063906e-10,
        "var": 6.86559701624e-19
    },
    "spectral_energy": {
        "mean": 0.00111688056495,
        "var": 1.04772461782e-05
    },
    "spectral_energyband_high": {
        "mean": 5.75919784751e-06,
        "var": 3.42786465879e-10
    },
    "spectral_energyband_low": {
        "mean": 0.000340121274348,
        "var": 1.77485082986e-06
    },
    "spectral_energyband_middle_high": {
        "mean": 0.00010354740516,
        "var": 7.13445444944e-08
    },
    "spectral_energyband_middle_low": {
        "mean": 0.00070709513966,
        "var": 3.28412306771e-06
    },
    "spectral_flatness_db": {
        "mean": 0.226804092526,
        "var": 0.0070336535573
    },
    "spectral_flux": {
        "mean": 0.0210885871202,
        "var": 0.00126929290127
    },
    "spectral_kurtosis": {
        "mean": 7.63675928116,
        "var": 97.3274917603
    },
    "spectral_rms": {
        "mean": 0.000495387474075,
        "var": 8.44230896746e-07
    },
    "spectral_rolloff": {
        "mean": 1436.74316406,
        "var": 17880578
    },
    "spectral_skewness": {
        "mean": 2.40088558197,
        "var": 1.91622161865
    },
    "spectral_spread": {
        "mean": 23247346,
        "var": 2.00753784291e+14
    },
    "spectral_strongpeak": {
        "mean": 0.0672404542565,
        "var": 0.0177583899349
    },
    "zerocrossingrate": {
        "mean": 0.0252821184695,
        "var": 0.000274884863757
    },
    "barkbands": {
        "mean": [5.47308081877e-05, 0.000128116065753, 0.000121655888506, 0.000118997850223, 0.000182834046427, 0.000170179933775, 8.26164177852e-05, 6.12256335444e-05, 8.32756777527e-05, 2.47648767981e-05, 3.48775902239e-05, 1.69763752638e-05, 9.51292076934e-06, 6.23860660198e-06, 3.87310365113e-06, 6.48906507195e-06, 1.63638503636e-06, 1.28573208258e-06, 1.12484872261e-06, 1.57451756877e-06, 9.23743243675e-07, 6.06384332968e-07, 5.7343311255e-07, 8.21705270937e-07, 8.48898707773e-07, 8.81646883499e-07, 2.1886006607e-07],
        "var": [4.89684595095e-08, 2.62879098045e-07, 2.24007735028e-07, 1.96266029207e-07, 1.93905833612e-07, 1.19285417099e-07, 8.29847763839e-08, 5.16604998779e-08, 4.37628813188e-08, 2.94876234541e-09, 1.37855202809e-08, 1.47068424106e-09, 5.20422038797e-10, 3.12256415169e-10, 7.87312853801e-11, 3.64744179304e-10, 2.37866427943e-11, 1.2211846985e-11, 1.27315553933e-11, 2.34680469502e-11, 9.81525884874e-12, 4.45590786491e-12, 3.12661875557e-12, 6.59812872741e-12, 6.78799984971e-12, 7.23294037511e-12, 6.56760507523e-13]
    },
    "mfcc": {
        "mean": [-1014.54968262, 82.7246322632, 26.1631793976, 11.2812328339, 9.77779006958, 6.53497600555, 4.68362092972, 1.89584898949, 0.681554555893, -1.46874403954, -4.73345279694, -1.42685091496, 1.02337932587],
        "var": [19291.6015625, 3898.65185547, 370.593688965, 305.205993652, 119.890762329, 104.709335327, 86.1172180176, 96.2802047729, 74.5151672363, 97.3059158325, 112.279693604, 44.7703208923, 22.8326797485]
    },
    "sccoeffs": {
        "mean": [-0.775883674622, -0.779748916626, -0.856189548969, -0.87750095129, -0.888736307621, -0.897589564323],
        "var": [0.0052430620417, 0.0077315219678, 0.00353104341775, 0.00230205524713, 0.00166841037571, 0.000877678685356]
    },
    "scvalleys": {
        "mean": [-8.951130867, -10.138589859, -10.5218276978, -11.4937505722, -12.4433813095, -13.007563591],
        "var": [3.96378231049, 6.20875644684, 6.95772790909, 6.82117557526, 5.29057121277, 4.01839351654]
    }
},
"rhythm": {
    "bpm": 0,
    "confidence": 0,
    "first_peak_bpm": {
        "mean": 0,
        "var": 0
    },
    "first_peak_spread": {
        "mean": 0,
        "var": 0
    },
    "first_peak_weight": {
        "mean": 0,
        "var": 0
    },
    "onset_rate": 5.38297224045,
    "second_peak_bpm": {
        "mean": 0,
        "var": 0
    },
    "second_peak_spread": {
        "mean": 0,
        "var": 0
    },
    "second_peak_weight": {
        "mean": 0,
        "var": 0
    },
    "beats_position": [],
    "bpm_estimates": [],
    "bpm_intervals": [],
    "onset_times": [0.0116099771112, 0.359909296036],
    "histogram": [[0, 0, 0, 0, 0, 0, 0, 0, 0, 0, 0, 0, 0, 0, 0, 0, 0, 0, 0, 0, 0, 0, 0, 0, 0, 0, 0, 0, 0, 0, 0, 0, 0, 0, 0, 0, 0, 0, 0, 0, 0, 0, 0, 0, 0, 0, 0, 0, 0, 0, 0, 0, 0, 0, 0, 0, 0, 0, 0, 0, 0, 0, 0, 0, 0, 0, 0, 0, 0, 0, 0, 0, 0, 0, 0, 0, 0, 0, 0, 0, 0, 0, 0, 0, 0, 0, 0, 0, 0, 0, 0, 0, 0, 0, 0, 0, 0, 0, 0, 0, 0, 0, 0, 0, 0, 0, 0, 0, 0, 0, 0, 0, 0, 0, 0, 0, 0, 0, 0, 0, 0, 0, 0, 0, 0, 0, 0, 0, 0, 0, 0, 0, 0, 0, 0, 0, 0, 0, 0, 0, 0, 0, 0, 0, 0, 0, 0, 0, 0, 0, 0, 0, 0, 0, 0, 0, 0, 0, 0, 0, 0, 0, 0, 0, 0, 0, 0, 0, 0, 0, 0, 0, 0, 0, 0, 0, 0, 0, 0, 0, 0, 0, 0, 0, 0, 0, 0, 0, 0, 0, 0, 0, 0, 0, 0, 0, 0, 0, 0, 0, 0, 0, 0, 0, 0, 0, 0, 0, 0, 0, 0, 0, 0, 0, 0, 0, 0, 0, 0, 0, 0, 0, 0, 0, 0, 0, 0, 0, 0, 0, 0, 0, 0, 0, 0, 0, 0, 0, 0, 0, 0, 0, 0, 0, 0, 0, 0, 0, 0, 0]]
},
"sfx": {
    "inharmonicity": {
        "mean": 0.0454326421022,
        "var": 0.00427469052374
    },
    "oddtoevenharmonicenergyratio": {
        "mean": 0.375968754292,
        "var": 0.184220805764
    },
    "pitch_after_max_to_before_max_energy_ratio": 0.962585628033,
    "pitch_centroid": 13.0816173553,
    "pitch_max_to_total": 0.944444417953,
    "pitch_min_to_total": 0.722222208977,
    "tristimulus": {
        "mean": [0.409765601158, 0.367040723562, 0.167638137937],
        "var": [0.102245695889, 0.0487101078033, 0.0183657668531]
    }
},
"tonal": {
    "chords_changes_rate": 0,
    "chords_number_rate": 0.10000000149,
    "chords_strength": {
        "mean": 0.564338684082,
        "var": 0
    },
    "key_strength": 0.422968298197,
    "tuning_diatonic_strength": 0.427590817213,
    "tuning_equal_tempered_deviation": 0.155853882432,
    "tuning_frequency": 456.570251465,
    "tuning_nontempered_energy_ratio": 0.777207612991,
    "hpcp": {
        "mean": [0.0061552724801, 0.0265329778194, 0.137144997716, 0.245523005724, 0.186563014984, 0.0707351192832, 0.018839860335, 0.0138658303767, 0.0203782655299, 0.0331464670599, 0.0299846976995, 0.0291372425854, 0.0514623150229, 0.0713854059577, 0.0558575280011, 0.0179879032075, 0.0212508514524, 0.0560536496341, 0.061209499836, 0.0449213311076, 0.273041605949, 0.633471131325, 0.564486026764, 0.218411371112, 0.0656955391169, 0.0619144067168, 0.0505281314254, 0.0541780591011, 0.108557701111, 0.089480407536, 0.0266636945307, 0.021606663242, 0.0309713389724, 0.0226126015186, 0.00567705370486, 0.00350388325751],