{"lowlevel.dissonance.mean": [0.1657184362411499], "sfx.inharmonicity.mean": [0.30656662583351135], "lowlevel.spectral_contrast.mean": [[0.39086711406707764, 0.5705157518386841, 0.2630765438079834, 0.2582590579986572, 0.2828974723815918, 0.23345065116882324]], "lowlevel.spectral_centroid.mean": [0.4483796954154968], "lowlevel.mfcc.mean": [[0.2549872398376465, 0.5389431118965149, 0.7100675106048584, 0.6135823726654053, 0.7268714904785156, 0.6472102403640747, 0.6220152974128723, 0.5121853351593018, 0.4785941541194916, 0.3958001136779785, 0.4800730347633362, 0.5235001444816589, 0.6001021265983582]], "sfx.logattacktime.mean": [0.1403387188911438], "lowlevel.hfc.mean": [0.46519261598587036]}