{
"metadata": {
    "version": {
        "essentia": "2.1-dev"
    }
},
"lowLevel": {
    "average_loudness": 0.99068403244,
    "barkbands_kurtosis": {
        "mean": 31.0769863129,
        "var": 2712.63891602
    },
    "barkbands_skewness": {
        "mean": 2.34955430031,
        "var": 6.55594110489
    },
    "barkbands_spread": {
        "mean": 10.7264909744,
        "var": 374.531402588
    },
    "dissonance": {
        "mean": 0.331029355526,
        "var": 0.0117473332211
    },
    "hfc": {
        "mean": 0.25258731842,
        "var": 0.264163941145
    },
    "pitch": {
        "mean": 512.656677246,
        "var": 1213081.75
    },
    "pitch_instantaneous_confidence": {
        "mean": 0.524780869484,
        "var": 0.0681002214551
    },
    "pitch_salience": {
        "mean": 0.454091995955,
        "var": 0.0498443692923
    },
    "silence_rate_20dB": {
        "mean": 1,
        "var": 0
    },
    "silence_rate_30dB": {
        "mean": 1,
        "var": 0
    },
    "silence_rate_60dB": {
        "mean": 0.916666686535,
        "var": 0.0763888657093
    },
    "spectral_centroid": {
        "mean": 1268.14343262,
        "var": 8901485
    },
    "spectral_complexity": {
        "mean": 1.08333337307,
        "var": 4.07638788223
    },
    "spectral_crest": {
        "mean": 17.7657623291,
        "var": 30.3355712891
    },
    "spectral_decrease": {
        "mean": -1.41719580515e-10,
        "var": 8.23914606227e-20
    },
    "spectral_energy": {
        "mean": 0.000557792198379,
        "var": 1.27270652683e-06
    },
    "spectral_energyband_high": {
        "mean": 9.97183974505e-07,
        "var": 7.70130400424e-12
    },
    "spectral_energyband_low": {
        "mean": 6.54769974062e-05,
        "var": 5.52822321254e-09
    },
    "spectral_energyband_middle_high": {
        "mean": 7.06126666046e-05,
        "var": 2.61527315359e-08
    },
    "spectral_energyband_middle_low": {
        "mean": 0.000427818129538,
        "var": 8.94045513178e-07
    },
    "spectral_flatness_db": {
        "mean": 0.29479521513,
        "var": 0.0182659532875
    },
    "spectral_flux": {
        "mean": 0.0130809098482,
        "var": 0.000287823815597
    },
    "spectral_kurtosis": {
        "mean": 18.4833812714,
        "var": 143.632492065
    },
    "spectral_rms": {
        "mean": 0.000469267804874,
        "var": 3.2397528571e-07
    },
    "spectral_rolloff": {
        "mean": 2149.73144531,
        "var": 26115226
    },
    "spectral_skewness": {
        "mean": 3.75489068031,
        "var": 3.02207946777
    },
    "spectral_spread": {
        "mean": 12738172,
        "var": 1.12175913894e+14
    },
    "spectral_strongpeak": {
        "mean": 0.0911892279983,
        "var": 0.0219177305698
    },
    "zerocrossingrate": {
        "mean": 0.00797526072711,
        "var": 3.26368572132e-05
    },
    "barkbands": {
        "mean": [8.25868653465e-07, 4.6945628128e-05, 1.3292170479e-05, 8.18631815491e-06, 3.20738799928e-05, 0.000347070279531, 2.05691844712e-06, 1.27349076138e-05, 1.98498946702e-05, 1.6641259208e-05, 7.28925260773e-06, 2.82400560536e-05, 1.21369448607e-05, 4.15891190642e-06, 2.68773055723e-06, 1.24204586882e-06, 4.59763867866e-07, 5.34000321295e-07, 3.20163650258e-07, 1.03687405328e-07, 1.71259088688e-07, 1.43683109854e-07, 7.21611641552e-08, 1.52457332092e-07, 1.83123916031e-07, 1.89945453144e-07, 2.75735754229e-08],
        "var": [1.08584159459e-12, 3.30709415408e-09, 4.77193340398e-10, 5.01455210689e-10, 4.7833257355e-09, 7.11341328952e-07, 2.00002289036e-11, 7.95135790543e-10, 2.88150192596e-09, 1.33315303241e-09, 3.89579507543e-10, 3.88550303043e-09, 1.49351064849e-09, 8.85000683848e-11, 4.76057804288e-11, 7.64620745192e-12, 1.32363087504e-12, 1.57626038957e-12, 8.5331410991e-13, 6.721287074e-14, 2.28329101503e-13, 1.80221844935e-13, 4.21052895241e-14, 1.89898444192e-13, 2.3085049497e-13, 2.79563183584e-13, 7.17356353491e-15]
    },
    "mfcc": {
        "mean": [-1015.37493896, 105.931762695, 41.0956611633, 23.9897079468, 20.8972244263, 13.1951599121, 7.41869974136, 1.9321962595, -1.54493463039, -3.86997532845, -1.22515249252, 1.74353659153, 3.62549901009],
        "var": [10921.5283203, 3481.79418945, 900.504394531, 664.997924805, 202.578109741, 104.122009277, 78.7786254883, 36.5568161011, 43.6762504578, 48.1217041016, 24.3323192596, 12.2603273392, 35.0155143738]
    },
    "sccoeffs": {
        "mean": [-0.728991508484, -0.714753806591, -0.891227900982, -0.887360572815, -0.885700643063, -0.903232514858],
        "var": [0.00779961282387, 0.0160820987076, 0.00390483275987, 0.00356943230145, 0.00272526685148, 0.000936017138883]
    },
    "scvalleys": {
        "mean": [-8.8760766983, -10.1120948792, -10.3164072037, -11.150103569, -12.3404798508, -13.2266302109],
        "var": [4.7197394371, 5.52141427994, 6.26679468155, 5.24300003052, 3.86806130409, 3.1603975296]
    }
},
"rhythm": {
    "bpm": 0,
    "confidence": 0,
    "first_peak_bpm": {
        "mean": 0,
        "var": 0
    },
    "first_peak_spread": {
        "mean": 0,
        "var": 0
    },
    "first_peak_weight": {
        "mean": 0,
        "var": 0
    },
    "onset_rate": 8.61244010925,
    "second_peak_bpm": {
        "mean": 0,
        "var": 0
    },
    "second_peak_spread": {
        "mean": 0,
        "var": 0
    },
    "second_peak_weight": {
        "mean": 0,
        "var": 0
    },
    "beats_position": [],
    "bpm_estimates": [],
    "bpm_intervals": [],
    "onset_times": [0.0116099771112, 0.232199549675],
    "histogram": [[0, 0, 0, 0, 0, 0, 0, 0, 0, 0, 0, 0, 0, 0, 0, 0, 0, 0, 0, 0, 0, 0, 0, 0, 0, 0, 0, 0, 0, 0, 0, 0, 0, 0, 0, 0, 0, 0, 0, 0, 0, 0, 0, 0, 0, 0, 0, 0, 0, 0, 0, 0, 0, 0, 0, 0, 0, 0, 0, 0, 0, 0, 0, 0, 0, 0, 0, 0, 0, 0, 0, 0, 0, 0, 0, 0, 0, 0, 0, 0, 0, 0, 0, 0, 0, 0, 0, 0, 0, 0, 0, 0, 0, 0, 0, 0, 0, 0, 0, 0, 0, 0, 0, 0, 0, 0, 0, 0, 0, 0, 0, 0, 0, 0, 0, 0, 0, 0, 0, 0, 0, 0, 0, 0, 0, 0, 0, 0, 0, 0, 0, 0, 0, 0, 0, 0, 0, 0, 0, 0, 0, 0, 0, 0, 0, 0, 0, 0, 0, 0, 0, 0, 0, 0, 0, 0, 0, 0, 0, 0, 0, 0, 0, 0, 0, 0, 0, 0, 0, 0, 0, 0, 0, 0, 0, 0, 0, 0, 0, 0, 0, 0, 0, 0, 0, 0, 0, 0, 0, 0, 0, 0, 0, 0, 0, 0, 0, 0, 0, 0, 0, 0, 0, 0, 0, 0, 0, 0, 0, 0, 0, 0, 0, 0, 0, 0, 0, 0, 0, 0, 0, 0, 0, 0, 0, 0, 0, 0, 0, 0, 0, 0, 0, 0, 0, 0, 0, 0, 0, 0, 0, 0, 0, 0, 0, 0, 0, 0, 0, 0]]
},
"sfx": {
    "inharmonicity": {
        "mean": 0.012835434638,
        "var": 0.000147514932905
    },
    "oddtoevenharmonicenergyratio": {
        "mean": 0.14490263164,
        "var": 0.0716227144003
    },
    "pitch_after_max_to_before_max_energy_ratio": 0.969666481018,
    "pitch_centroid": 8.46260547638,
    "pitch_max_to_total": 0.916666686535,
    "pitch_min_to_total": 0.416666656733,
    "tristimulus": {
        "mean": [0.625855028629, 0.206926032901, 0.0838855728507],
        "var": [0.0536457486451, 0.0154074048623, 0.0121776154265]
    }
},
"tonal": {
    "chords_changes_rate": 0,
    "chords_number_rate": 0.142857149243,
    "chords_strength": {
        "mean": 0.254121273756,
        "var": 0
    },
    "key_strength": 0.535846173763,
    "tuning_diatonic_strength": 0.209634333849,
    "tuning_equal_tempered_deviation": 0.263490527868,
    "tuning_frequency": 431.941772461,
    "tuning_nontempered_energy_ratio": 0.911337912083,
    "hpcp": {
        "mean": [0.00337557867169, 0.00175280764233, 0.00128035037778, 0.00198635947891, 0.00198164628819, 0.00325289787725, 0.0085500376299, 0.0215180031955, 0.0325721614063, 0.0280765742064, 0.0146704707295, 0.00535777537152, 0.00357125722803, 0.0105785001069, 0.0124709457159, 0.00593398185447, 0.0125100584701, 0.016193639487, 0.00809700135142, 0.0698115751147, 0.304752916098, 0.504030287266, 0.332743614912, 0.2266420573, 0.349465340376, 0.196610197425, 0.00944499019533, 0.0130424275994, 0.0207129176706, 0.0103222960606, 0.00296285212971, 0.00319484598003, 0.00402522087097, 0.00832360517234, 0.00969339720905, 0.00625297194347],