{"lowlevel.dissonance.mean": [0.38652539253234863], "sfx.inharmonicity.mean": [0.2623697817325592], "lowlevel.spectral_contrast.mean": [[0.5143585205078125, 1.104480266571045, 1.0029312372207642, 0.9844733476638794, 0.9871385097503662, 0.5976927280426025]], "lowlevel.spectral_centroid.mean": [0.35339221358299255], "lowlevel.mfcc.mean": [[0.4755488634109497, 0.3076210021972656, 0.18542006611824036, 0.6468764543533325, 0.40623384714126587, 0.11242148280143738, 0.3293831944465637, 0.5860751867294312, 0.4988732635974884, 0.7641159296035767, 1.1319992542266846, 1.4917198419570923, 1.572489857673645]], "sfx.logattacktime.mean": [0.5570187568664551], "lowlevel.hfc.mean": [0.4883852005004883]}