{"lowlevel.dissonance.mean": [0.29636526107788086], "sfx.inharmonicity.mean": [0.3721577525138855], "lowlevel.spectral_contrast.mean": [[0.35274946689605713, 0.5395535230636597, 0.26843762397766113, 0.25132179260253906, 0.2360694408416748, 0.23904991149902344]], "lowlevel.spectral_centroid.mean": [0.3946171998977661], "lowlevel.mfcc.mean": [[0.1829206943511963, 0.4274486303329468, 0.6799724102020264, 0.5555320382118225, 0.6498615145683289, 0.6536523103713989, 0.6324427127838135, 0.5588098764419556, 0.5259104371070862, 0.4238815903663635, 0.4287743866443634, 0.5062919855117798, 0.6112992763519287]], "sfx.logattacktime.mean": [0.10495805740356445], "lowlevel.hfc.mean": [0.4652165174484253]}