{
"metadata": {
    "version": {
        "essentia": "2.1-dev"
    }
},
"lowLevel": {
    "average_loudness": 0.99068403244,
    "barkbands_kurtosis": {
        "mean": 87.1394195557,
        "var": 8766.109375
    },
    "barkbands_skewness": {
        "mean": 5.58886384964,
        "var": 28.4602928162
    },
    "barkbands_spread": {
        "mean": 3.95025444031,
        "var": 29.2200870514
    },
    "dissonance": {
        "mean": 0.374501496553,
        "var": 0.00392209831625
    },
    "hfc": {
        "mean": 0.301028192043,
        "var": 0.750176012516
    },
    "pitch": {
        "mean": 383.913482666,
        "var": 758989.6875
    },
    "pitch_instantaneous_confidence": {
        "mean": 0.542688727379,
        "var": 0.0345950946212
    },
    "pitch_salience": {
        "mean": 0.401766836643,
        "var": 0.0362531356514
    },
    "silence_rate_20dB": {
        "mean": 1,
        "var": 0
    },
    "silence_rate_30dB": {
        "mean": 1,
        "var": 0
    },
    "silence_rate_60dB": {
        "mean": 0.899999976158,
        "var": 0.0899999886751
    },
    "spectral_centroid": {
        "mean": 740.516967773,
        "var": 5584939
    },
    "spectral_complexity": {
        "mean": 0.899999976158,
        "var": 5.28999853134
    },
    "spectral_crest": {
        "mean": 17.530506134,
        "var": 22.1962623596
    },
    "spectral_decrease": {
        "mean": -1.70842132108e-10,
        "var": 2.63340237535e-19
    },
    "spectral_energy": {
        "mean": 0.000672102323733,
        "var": 4.05577065976e-06
    },
    "spectral_energyband_high": {
        "mean": 4.75294882563e-07,
        "var": 2.11922818703e-12
    },
    "spectral_energyband_low": {
        "mean": 3.03012748191e-05,
        "var": 5.33529087576e-09
    },
    "spectral_energyband_middle_high": {
        "mean": 8.65089386934e-05,
        "var": 6.34013019862e-08
    },
    "spectral_energyband_middle_low": {
        "mean": 0.000561762833968,
        "var": 3.07986601911e-06
    },
    "spectral_flatness_db": {
        "mean": 0.314372032881,
        "var": 0.00540109490976
    },
    "spectral_flux": {
        "mean": 0.0111175756902,
        "var": 0.0004896222963
    },
    "spectral_kurtosis": {
        "mean": 11.8195943832,
        "var": 181.827713013
    },
    "spectral_rms": {
        "mean": 0.000359274999937,
        "var": 5.2663108363e-07
    },
    "spectral_rolloff": {
        "mean": 1178.94287109,
        "var": 16316621
    },
    "spectral_skewness": {
        "mean": 2.95934295654,
        "var": 2.68257856369
    },
    "spectral_spread": {
        "mean": 22013428,
        "var": 2.03290113475e+14
    },
    "spectral_strongpeak": {
        "mean": 0.071609146893,
        "var": 0.0281799342483
    },
    "zerocrossingrate": {
        "mean": 0.0365966781974,
        "var": 0.0112032527104
    },
    "barkbands": {
        "mean": [1.37775168696e-06, 7.51686820877e-06, 1.67226899066e-05, 6.98569692759e-06, 8.18072730908e-05, 0.000415398215409, 6.52191465633e-06, 2.82262567453e-06, 4.25573307439e-05, 2.96004527627e-05, 1.469257586e-05, 3.69015033357e-05, 2.69727615887e-06, 3.45590819961e-06, 1.47327068589e-06, 7.35814523978e-07, 2.2406695166e-07, 5.70642662012e-08, 6.5618863232e-08, 2.76941314326e-08, 1.45418681541e-07, 3.97246679995e-08, 8.93450220474e-08, 5.4727344434e-08, 4.52351009983e-08, 5.90031206116e-08, 2.7262837321e-08],
        "var": [2.30631017756e-11, 9.99982666117e-11, 2.2680954892e-09, 4.92519247608e-10, 6.08802963598e-08, 1.96767382477e-06, 3.657683878e-10, 1.01513263073e-10, 2.36799113651e-08, 7.18764336938e-09, 2.12512807352e-09, 1.32315687296e-08, 1.05757333446e-10, 1.33612274023e-10, 1.90124097021e-11, 4.73532671408e-12, 4.12593733051e-13, 2.51699567222e-14, 3.68826334491e-14, 6.07775955215e-15, 1.93836456218e-13, 1.43483213863e-14, 7.54596716059e-14, 2.80803178832e-14, 2.12106028542e-14, 3.90644514078e-14, 6.46453046597e-15]
    },
    "mfcc": {
        "mean": [-1057.32470703, 75.0522918701, 35.4391555786, 17.5227012634, 14.0267848969, 13.4650774002, 7.91346883774, 4.37897014618, 0.969695270061, -2.42816781998, -3.24672698975, 0.867123007774, 4.18982982635],
        "var": [10288.5039062, 4244.94921875, 410.0987854, 464.130462646, 183.268264771, 41.7469787598, 67.8104934692, 68.1771087646, 85.534538269, 139.247879028, 155.695892334, 53.6466255188, 24.9181995392]
    },
    "sccoeffs": {
        "mean": [-0.750170707703, -0.731428921223, -0.8857614398, -0.889163315296, -0.899353981018, -0.905021488667],
        "var": [0.00410401355475, 0.0139318658039, 0.0018049320206, 0.00268630497158, 0.00150653184392, 0.000913527037483]
    },
    "scvalleys": {
        "mean": [-9.74080657959, -11.3238592148, -11.5685119629, -12.6936235428, -13.6831388474, -14.1414794922],
        "var": [6.26363229752, 7.06179666519, 8.86935710907, 6.69044494629, 4.21171474457, 3.16878628731]
    }
},
"rhythm": {
    "bpm": 0,
    "confidence": 0,
    "first_peak_bpm": {
        "mean": 0,
        "var": 0
    },
    "first_peak_spread": {
        "mean": 0,
        "var": 0
    },
    "first_peak_weight": {
        "mean": 0,
        "var": 0
    },
    "onset_rate": 2.39244842529,
    "second_peak_bpm": {
        "mean": 0,
        "var": 0
    },
    "second_peak_spread": {
        "mean": 0,
        "var": 0
    },
    "second_peak_weight": {
        "mean": 0,
        "var": 0
    },
    "beats_position": [],
    "bpm_estimates": [],
    "bpm_intervals": [],
    "onset_times": [0.0116099771112],
    "histogram": [[0, 0, 0, 0, 0, 0, 0, 0, 0, 0, 0, 0, 0, 0, 0, 0, 0, 0, 0, 0, 0, 0, 0, 0, 0, 0, 0, 0, 0, 0, 0, 0, 0, 0, 0, 0, 0, 0, 0, 0, 0, 0, 0, 0, 0, 0, 0, 0, 0, 0, 0, 0, 0, 0, 0, 0, 0, 0, 0, 0, 0, 0, 0, 0, 0, 0, 0, 0, 0, 0, 0, 0, 0, 0, 0, 0, 0, 0, 0, 0, 0, 0, 0, 0, 0, 0, 0, 0, 0, 0, 0, 0, 0, 0, 0, 0, 0, 0, 0, 0, 0, 0, 0, 0, 0, 0, 0, 0, 0, 0, 0, 0, 0, 0, 0, 0, 0, 0, 0, 0, 0, 0, 0, 0, 0, 0, 0, 0, 0, 0, 0, 0, 0, 0, 0, 0, 0, 0, 0, 0, 0, 0, 0, 0, 0, 0, 0, 0, 0, 0, 0, 0, 0, 0, 0, 0, 0, 0, 0, 0, 0, 0, 0, 0, 0, 0, 0, 0, 0, 0, 0, 0, 0, 0, 0, 0, 0, 0, 0, 0, 0, 0, 0, 0, 0, 0, 0, 0, 0, 0, 0, 0, 0, 0, 0, 0, 0, 0, 0, 0, 0, 0, 0, 0, 0, 0, 0, 0, 0, 0, 0, 0, 0, 0, 0, 0, 0, 0, 0, 0, 0, 0, 0, 0, 0, 0, 0, 0, 0, 0, 0, 0, 0, 0, 0, 0, 0, 0, 0, 0, 0, 0, 0, 0, 0, 0, 0, 0, 0, 0]]
},
"sfx": {
    "inharmonicity": {
        "mean": 0.0184456445277,
        "var": 0.000912379648071
    },
    "oddtoevenharmonicenergyratio": {
        "mean": 0.666808247566,
        "var": 7.43905735016
    },
    "pitch_after_max_to_before_max_energy_ratio": 0.94737136364,
    "pitch_centroid": 13.0203609467,
    "pitch_max_to_total": 0.949999988079,
    "pitch_min_to_total": 0.899999976158,
    "tristimulus": {
        "mean": [0.698963999748, 0.222812741995, 0.0782233327627],
        "var": [0.0657064542174, 0.0263080485165, 0.0177464094013]
    }
},
"tonal": {
    "chords_changes_rate": 0,
    "chords_number_rate": 0.0909090936184,
    "chords_strength": {
        "mean": 0.36401501298,
        "var": 8.881784197e-16
    },
    "key_strength": 0.47585529089,
    "tuning_diatonic_strength": 0.433635264635,
    "tuning_equal_tempered_deviation": 0.193629801273,
    "tuning_frequency": 456.570251465,
    "tuning_nontempered_energy_ratio": 0.794210612774,
    "hpcp": {
        "mean": [0.0059274402447, 0.0157273616642, 0.0233224984258, 0.0176038891077, 0.0135195218027, 0.0567337535322, 0.0757763311267, 0.0703408420086, 0.0592004992068, 0.0167796723545, 0.00187071191613, 0.00260810228065, 0.00525393616408, 0.0112646380439, 0.0138425389305, 0.00794582162052, 0.0303989574313, 0.333245873451, 0.57067668438, 0.278533935547, 0.197737887502, 0.481322795153, 0.318632930517, 0.0278660170734, 0.0103019382805, 0.00671752216294, 0.00271100807004, 0.00168619665783, 0.000960963079706, 0.000998031231575, 0.00376736512408, 0.0102341165766, 0.0100746937096, 0.00315874046646, 0.000386881933082, 0.00159546325449],