{"lowlevel.dissonance.mean": [0.30842888355255127], "sfx.inharmonicity.mean": [0.48925405740737915], "lowlevel.spectral_contrast.mean": [[0.3287245035171509, 0.3367236852645874, 1.1019965410232544, 0.912907600402832, 0.5648608207702637, 0.39705324172973633]], "lowlevel.spectral_centroid.mean": [0.37260136008262634], "lowlevel.mfcc.mean": [[0.3533891439437866, 0.24743875861167908, 0.1352112889289856, 0.1910429745912552, 0.25767242908477783, 0.3136003017425537, 0.41432705521583557, 0.6608835458755493, 0.7820921540260315, 0.7375941276550293, 0.8978792428970337, 0.6482131481170654, -0.041410982608795166]], "sfx.logattacktime.mean": [0.3955535590648651], "lowlevel.hfc.mean": [0.47928205132484436]}