{
"metadata": {
    "version": {
        "essentia": "2.1-dev"
    }
},
"lowLevel": {
    "barkbands_kurtosis": {
        "mean": 13.9472436905,
        "var": 4516.18505859
    },
    "dissonance": {
        "mean": 0.302972555161,
        "var": 0.00442962022498
    },
    "hfc": {
        "mean": 54.8735046387,
        "var": 325.206481934
    },
    "spectral_centroid": {
        "mean": 852.450744629,
        "var": 4356.19433594
    },
    "spectral_complexity": {
        "mean": 4.01117324829,
        "var": 0.21216519177
    },
    "spectral_crest": {
        "mean": 22.5145721436,
        "var": 5.81478500366
    },
    "spectral_energyband_high": {
        "mean": 3.72251633962e-05,
        "var": 1.3120013409e-10
    },
    "spectral_energyband_low": {
        "mean": 1.56401790719e-06,
        "var": 1.86306456373e-11
    },
    "spectral_kurtosis": {
        "mean": 15.8961524963,
        "var": 135.82421875
    },
    "spectral_rolloff": {
        "mean": 1047.18444824,
        "var": 116980.929688
    },
    "spectral_strongpeak": {
        "mean": 6.60009622574,
        "var": 0.720321714878
    },
    "mfcc": {
        "mean": [-805.603088379, 44.7291908264, -115.014556885, -49.8517379761, -45.1623420715, -23.3535518646, -10.7099666595, 19.7543258667, 20.673822403, 14.9605703354, 21.556728363, 7.20116186142, -40.8330421448],
        "var": [244.833450317, 269.28918457, 93.0118179321, 43.4529914856, 36.9415092468, 95.0367965698, 83.8517150879, 42.6954841614, 43.0052032471, 49.3679885864, 146.266555786, 50.9286231995, 80.9813995361]
    },
    "sccoeffs": {
        "mean": [-0.793643772602, -0.774176239967, -0.286256849766, -0.466303706169, -0.704257309437, -0.77965259552],
        "var": [0.00745495315641, 0.00230760453269, 0.000729439721908, 0.0020313046407, 0.000485274475068, 0.000482025352539]
    }
},
"sfx": {
    "inharmonicity": {
        "mean": 0.000248786789598,
        "var": 1.01109229433e-07
    }
}
}