{
"metadata": {
    "version": {
        "essentia": "2.1-dev"
    }
},
"lowLevel": {
    "barkbands_kurtosis": {
        "mean": 0.355738639832,
        "var": 0.0385121554136
    },
    "dissonance": {
        "mean": 0.39007049799,
        "var": 0.00184917426668
    },
    "hfc": {
        "mean": 31.0898475647,
        "var": 49.906211853
    },
    "spectral_centroid": {
        "mean": 1244.88964844,
        "var": 2282.7890625
    },
    "spectral_complexity": {
        "mean": 10.6956520081,
        "var": 0.834909260273
    },
    "spectral_crest": {
        "mean": 9.34532642365,
        "var": 0.490200161934
    },
    "spectral_energyband_high": {
        "mean": 1.21972443594e-05,
        "var": 5.98446223132e-11
    },
    "spectral_energyband_low": {
        "mean": 1.33163467808e-07,
        "var": 5.88107240316e-14
    },
    "spectral_kurtosis": {
        "mean": 44.2080764771,
        "var": 228.147598267
    },
    "spectral_rolloff": {
        "mean": 1729.51953125,
        "var": 7761.49267578
    },
    "spectral_strongpeak": {
        "mean": 4.13013267517,
        "var": 0.290052622557
    },
    "mfcc": {
        "mean": [-751.772277832, 153.33013916, -176.17527771, -51.4135360718, -26.8303813934, -26.2782783508, -14.2293434143, -30.9304771423, -22.719127655, -20.8840446472, -15.1088848114, -18.8775501251, -17.5368537903],
        "var": [346.28137207, 83.714012146, 105.464744568, 125.147789001, 41.2287597656, 31.9606304169, 20.39220047, 17.5015010834, 12.6615495682, 19.5688419342, 19.9957885742, 13.0497131348, 25.934633255]
    },
    "sccoeffs": {
        "mean": [-0.467068821192, -0.387806981802, -0.384424269199, -0.493126690388, -0.619347393513, -0.772721111774],
        "var": [0.0023314927239, 0.00165938527789, 0.00135798263364, 0.00135132635478, 0.000861995096784, 0.000788010831457]
    }
},
"sfx": {
    "inharmonicity": {
        "mean": 0.0138227352872,
        "var": 1.30209236886e-05
    }
}
}