{
"metadata": {
    "version": {
        "essentia": "2.1-dev"
    }
},
"lowLevel": {
    "average_loudness": 0.965499579906,
    "barkbands_kurtosis": {
        "mean": 2.32395792007,
        "var": 94.3348388672
    },
    "barkbands_skewness": {
        "mean": 0.220042064786,
        "var": 2.32926893234
    },
    "barkbands_spread": {
        "mean": 14.7871694565,
        "var": 309.756866455
    },
    "dissonance": {
        "mean": 0.404666304588,
        "var": 0.00388631992973
    },
    "hfc": {
        "mean": 22.1835594177,
        "var": 228.604125977
    },
    "pitch": {
        "mean": 353.110656738,
        "var": 114752.265625
    },
    "pitch_instantaneous_confidence": {
        "mean": 0.778246104717,
        "var": 0.104486688972
    },
    "pitch_salience": {
        "mean": 0.760476350784,
        "var": 0.04977369681
    },
    "silence_rate_20dB": {
        "mean": 1,
        "var": 0
    },
    "silence_rate_30dB": {
        "mean": 1,
        "var": 0
    },
    "silence_rate_60dB": {
        "mean": 0.271794885397,
        "var": 0.197921708226
    },
    "spectral_centroid": {
        "mean": 1207.68847656,
        "var": 94582.71875
    },
    "spectral_complexity": {
        "mean": 7.82051277161,
        "var": 22.0344467163
    },
    "spectral_crest": {
        "mean": 10.3245220184,
        "var": 15.4651355743
    },
    "spectral_decrease": {
        "mean": -4.16360013133e-09,
        "var": 7.68920214059e-18
    },
    "spectral_energy": {
        "mean": 0.0177264902741,
        "var": 0.0001400623878
    },
    "spectral_energyband_high": {
        "mean": 8.66669870447e-06,
        "var": 7.26228036041e-11
    },
    "spectral_energyband_low": {
        "mean": 9.74601661596e-08,
        "var": 4.48551040603e-14
    },
    "spectral_energyband_middle_high": {
        "mean": 0.0155707309023,
        "var": 0.00011021332466
    },
    "spectral_energyband_middle_low": {
        "mean": 0.00214747455902,
        "var": 1.85387534657e-06
    },
    "spectral_flatness_db": {
        "mean": 0.306780874729,
        "var": 0.012797745876
    },
    "spectral_flux": {
        "mean": 0.0117876688018,
        "var": 0.000143245822983
    },
    "spectral_kurtosis": {
        "mean": 35.5848426819,
        "var": 672.909240723
    },
    "spectral_rms": {
        "mean": 0.0035391910933,
        "var": 4.76826971862e-06
    },
    "spectral_rolloff": {
        "mean": 1733.0333252,
        "var": 741832.625
    },
    "spectral_skewness": {
        "mean": 3.66238451004,
        "var": 3.48710155487
    },
    "spectral_spread": {
        "mean": 8560205,
        "var": 1.91973981946e+14
    },
    "spectral_strongpeak": {
        "mean": 2.97548818588,
        "var": 3.51659631729
    },
    "zerocrossingrate": {
        "mean": 0.0720527842641,
        "var": 0.00202229665592
    },
    "barkbands": {
        "mean": [2.57147974025e-08, 3.12927959101e-08, 2.98536519949e-08, 5.86483075438e-08, 0.000379118981073, 0.000533342885319, 3.15020542985e-07, 0.00121620763093, 1.79041144293e-05, 0.00294298748486, 9.08180663828e-06, 0.00611409079283, 0.00212632585317, 0.000848640105687, 0.0020089475438, 0.00091927946778, 0.000441763637355, 8.38806736283e-05, 6.63043319946e-05, 1.43049683174e-05, 3.3925380194e-06, 3.92328473708e-07, 6.62821619812e-08, 1.68941820533e-08, 9.81788428334e-09, 2.24437379792e-09, 7.70394581462e-10],
        "var": [2.99525630874e-15, 4.93684682978e-15, 7.29387270661e-15, 2.17291886117e-14, 5.71986085163e-08, 1.16988125853e-07, 4.29514008995e-13, 6.24667279681e-07, 2.5191285169e-10, 3.58230659003e-06, 1.0401495637e-10, 1.69017894223e-05, 2.1203079541e-06, 5.67197105283e-07, 2.10379789678e-06, 5.45154023257e-07, 1.36035140486e-07, 5.28104093789e-09, 3.58183038784e-09, 2.04505204437e-10, 1.16122077232e-11, 1.23373709794e-13, 5.51013948079e-15, 3.70335827671e-16, 1.35212359061e-16, 1.7057344351e-17, 1.5421591381e-18]
    },
    "mfcc": {
        "mean": [-851.390441895, 116.824913025, -129.257598877, -41.1183357239, -20.452495575, -19.1825561523, -10.9971675873, -23.0065002441, -17.2927589417, -15.7286405563, -11.4020204544, -14.0431604385, -13.0190067291],
        "var": [26926.1660156, 4125.39501953, 5870.06494141, 666.171691895, 179.291748047, 163.412063599, 66.0166931152, 186.561172485, 103.013092041, 96.2983551025, 61.8124847412, 81.0907974243, 80.3436813354]
    },
    "sccoeffs": {
        "mean": [-0.548751294613, -0.512535691261, -0.513652145863, -0.595889866352, -0.696245729923, -0.810639739037],
        "var": [0.0222160797566, 0.0485601574183, 0.0496907941997, 0.0308978389949, 0.0164919104427, 0.00432614935562]
    },
    "scvalleys": {
        "mean": [-10.6526355743, -9.91870212555, -9.38959503174, -9.16696548462, -10.4172353745, -12.6811628342],
        "var": [1.90890741348, 3.71411418915, 5.56132268906, 6.30690670013, 4.37755393982, 1.37720191479]
    }
},
"rhythm": {
    "beats_loudness": {
        "mean": 0.021532010287,
        "var": 9.43772029132e-05
    },
    "bpm": 123.046875,
    "confidence": 0,
    "first_peak_bpm": {
        "mean": 123,
        "var": 0
    },
    "first_peak_spread": {
        "mean": 0,
        "var": 0
    },
    "first_peak_weight": {
        "mean": 0.428571432829,
        "var": 0
    },
    "onset_rate": 0.666471898556,
    "second_peak_bpm": {
        "mean": 115,
        "var": 0
    },
    "second_peak_spread": {
        "mean": 0.33333337307,
        "var": 0
    },
    "second_peak_weight": {
        "mean": 0.285714298487,
        "var": 0
    },
    "beats_loudness_band_ratio": {
        "mean": [0.112426973879, 0.0467232987285, 0.0633926019073, 0.58143132925, 0.183751776814, 0.0130383726209],
        "var": [0.0884570851922, 0.000301640509861, 0.000591956544667, 0.047268461436, 0.00554314535111, 0.000400901044486]
    },
    "beats_position": [0.441179126501, 0.882358253002, 1.369977355, 1.8575963974, 2.34521532059, 2.86766433716, 3.39011335373, 3.90095233917],
    "bpm_estimates": [123.046859741, 123.046875, 123.046905518],
    "bpm_intervals": [0.441179126501, 0.487619102001, 0.487619042397, 0.487618923187, 0.522449016571, 0.522449016571, 0.510838985443],
    "onset_times": [0.801088452339, 1.75310659409, 1.88081634045],
    "histogram": [[0, 0, 0, 0, 0, 0, 0, 0, 0, 0, 0, 0, 0, 0, 0, 0, 0, 0, 0, 0, 0, 0, 0, 0, 0, 0, 0, 0, 0, 0, 0, 0, 0, 0, 0, 0, 0, 0, 0, 0, 0, 0, 0, 0, 0, 0, 0, 0, 0, 0, 0, 0, 0, 0, 0, 0, 0, 0, 0, 0, 0, 0, 0, 0, 0, 0, 0, 0, 0, 0, 0, 0, 0, 0, 0, 0, 0, 0, 0, 0, 0, 0, 0, 0, 0, 0, 0, 0, 0, 0, 0, 0, 0, 0, 0, 0, 0, 0, 0, 0, 0, 0, 0, 0, 0, 0, 0, 0, 0, 0, 0, 0, 0, 0, 0, 0.285714298487, 0, 0.142857149243, 0, 0, 0, 0, 0, 0.428571432829, 0, 0, 0, 0, 0, 0, 0, 0, 0, 0, 0, 0, 0.142857149243, 0, 0, 0, 0, 0, 0, 0, 0, 0, 0, 0, 0, 0, 0, 0, 0, 0, 0, 0, 0, 0, 0, 0, 0, 0, 0, 0, 0, 0, 0, 0, 0, 0, 0, 0, 0, 0, 0, 0, 0, 0, 0, 0, 0, 0, 0, 0, 0, 0, 0, 0, 0, 0, 0, 0, 0, 0, 0, 0, 0, 0, 0, 0, 0, 0, 0, 0, 0, 0, 0, 0, 0, 0, 0, 0, 0, 0, 0, 0, 0, 0, 0, 0, 0, 0, 0, 0, 0, 0, 0, 0, 0, 0, 0, 0, 0, 0, 0, 0, 0, 0, 0, 0, 0, 0, 0, 0, 0, 0, 0, 0, 0, 0]]
},
"sfx": {
    "inharmonicity": {
        "mean": 0.0375937446952,
        "var": 0.00352853466757
    },
    "oddtoevenharmonicenergyratio": {
        "mean": 1.10030853748,
        "var": 0.229300901294
    },
    "pitch_after_max_to_before_max_energy_ratio": 1.5697299242,
    "pitch_centroid": 91.6273117065,
    "pitch_max_to_total": 0.13846154511,
    "pitch_min_to_total": 0.0923076942563,
    "tristimulus": {
        "mean": [0.11454512924, 0.421045780182, 0.46440911293],
        "var": [0.0153466649354, 0.00841228850186, 0.0188605803996]
    }
},
"tonal": {
    "chords_changes_rate": 0.0408163256943,
    "chords_number_rate": 0.0408163256943,
    "chords_strength": {
        "mean": 0.415909588337,
        "var": 0.00097859557718
    },
    "key_strength": 0.677317857742,
    "tuning_diatonic_strength": 0.388599932194,
    "tuning_equal_tempered_deviation": 0.074333243072,