{"lowlevel.dissonance.mean": [0.38451075553894043], "sfx.inharmonicity.mean": [0.5363926887512207], "lowlevel.spectral_contrast.mean": [[0.31124699115753174, 0.459170937538147, 0.2784299850463867, 0.24473285675048828, 0.24477052688598633, 0.25472283363342285]], "lowlevel.spectral_centroid.mean": [0.33519113063812256], "lowlevel.mfcc.mean": [[0.17052114009857178, 0.40853017568588257, 0.6777366995811462, 0.5783737897872925, 0.6777759790420532, 0.6619019508361816, 0.6274073123931885, 0.5627732276916504, 0.5815024375915527, 0.49417659640312195, 0.49483323097229004, 0.49493056535720825, 0.522010862827301]], "sfx.logattacktime.mean": [0.1243564784526825], "lowlevel.hfc.mean": [0.4651811122894287]}