{
"metadata": {
    "version": {
        "essentia": "2.1-dev"
    }
},
"lowLevel": {
    "average_loudness": 0.99068403244,
    "barkbands_kurtosis": {
        "mean": 90.3879547119,
        "var": 6519.43603516
    },
    "barkbands_skewness": {
        "mean": 6.50391054153,
        "var": 17.9679508209
    },
    "barkbands_spread": {
        "mean": 3.05071115494,
        "var": 2.44703531265
    },
    "dissonance": {
        "mean": 0.396198540926,
        "var": 0.00451717944816
    },
    "hfc": {
        "mean": 0.226644739509,
        "var": 0.563384532928
    },
    "pitch": {
        "mean": 153.36831665,
        "var": 11121.8369141
    },
    "pitch_instantaneous_confidence": {
        "mean": 0.481154084206,
        "var": 0.0204407740384
    },
    "pitch_salience": {
        "mean": 0.44165366888,
        "var": 0.0206611715257
    },
    "silence_rate_20dB": {
        "mean": 1,
        "var": 0
    },
    "silence_rate_30dB": {
        "mean": 1,
        "var": 0
    },
    "silence_rate_60dB": {
        "mean": 0.904761910439,
        "var": 0.0861677825451
    },
    "spectral_centroid": {
        "mean": 184.545089722,
        "var": 11867.3642578
    },
    "spectral_complexity": {
        "mean": 0.47619047761,
        "var": 1.77324223518
    },
    "spectral_crest": {
        "mean": 16.1876983643,
        "var": 17.5870265961
    },
    "spectral_decrease": {
        "mean": -1.29596652854e-10,
        "var": 1.60353472463e-19
    },
    "spectral_energy": {
        "mean": 0.000509686185978,
        "var": 2.4926084734e-06
    },
    "spectral_energyband_high": {
        "mean": 8.40262771362e-07,
        "var": 1.30384522623e-11
    },
    "spectral_energyband_low": {
        "mean": 2.09537811315e-05,
        "var": 3.32499650035e-09
    },
    "spectral_energyband_middle_high": {
        "mean": 3.36309494742e-05,
        "var": 1.7839134614e-08
    },
    "spectral_energyband_middle_low": {
        "mean": 0.000458182912553,
        "var": 1.9903059183e-06
    },
    "spectral_flatness_db": {
        "mean": 0.288600027561,
        "var": 0.00298325321637
    },
    "spectral_flux": {
        "mean": 0.00990327261388,
        "var": 0.000442164164269
    },
    "spectral_kurtosis": {
        "mean": 8.40598487854,
        "var": 95.3904953003
    },
    "spectral_rms": {
        "mean": 0.000288982875645,
        "var": 4.13743777017e-07
    },
    "spectral_rolloff": {
        "mean": 217.3828125,
        "var": 23753.8164062
    },
    "spectral_skewness": {
        "mean": 2.62898206711,
        "var": 1.54645395279
    },
    "spectral_spread": {
        "mean": 23813208,
        "var": 1.81501341729e+14
    },
    "spectral_strongpeak": {
        "mean": 0.0669152289629,
        "var": 0.0299638938159
    },
    "zerocrossingrate": {
        "mean": 0.0132068451494,
        "var": 4.53103457403e-05
    },
    "barkbands": {
        "mean": [2.95716131404e-06, 4.02487830797e-06, 1.12163770609e-05, 6.74558623359e-06, 5.4192263633e-05, 0.000319077342283, 5.05344951307e-06, 8.02123940957e-06, 6.20494465693e-05, 6.39397694613e-06, 7.75039825385e-06, 7.55577275413e-06, 5.2806790336e-06, 3.48053390553e-06, 2.26692372962e-06, 1.9996618903e-06, 4.6353730454e-07, 1.87710412547e-07, 8.83195170331e-08, 9.9400459419e-08, 2.95354652735e-07, 9.9312970292e-08, 1.36836064257e-07, 5.99589569106e-08, 7.71408039668e-08, 8.66977813985e-08, 2.4015260891e-08],
        "var": [1.14376230709e-10, 3.60633259366e-11, 1.038053421e-09, 6.37340957788e-10, 2.55174228414e-08, 9.05210015389e-07, 2.9614941055e-10, 9.83364722984e-10, 6.85640912934e-08, 4.99093266715e-10, 1.02619202025e-09, 9.4668295425e-10, 4.83603157519e-10, 2.00171476616e-10, 8.82869055641e-11, 6.55201795596e-11, 3.71941973748e-12, 6.36700598928e-13, 1.40235343954e-13, 1.81766927898e-13, 1.63087945926e-12, 1.73702279773e-13, 3.51027583737e-13, 6.12012068628e-14, 1.10291231714e-13, 1.43949766386e-13, 1.07375774803e-14]
    },
    "mfcc": {
        "mean": [-1064.93261719, 69.9257965088, 35.1333427429, 19.9958152771, 16.2453117371, 14.0589494705, 7.57025957108, 4.60701990128, 3.64171028137, 0.614543557167, -0.445310860872, 0.461503177881, 0.904262423515],
        "var": [8905.21386719, 3452.68896484, 325.404052734, 275.3777771, 92.5126113892, 34.554889679, 152.651153564, 125.780250549, 60.1142234802, 80.0995254517, 73.739074707, 34.5911865234, 23.9662342072]
    },
    "sccoeffs": {
        "mean": [-0.774623215199, -0.772206008434, -0.885313689709, -0.893930435181, -0.897632062435, -0.904227495193],
        "var": [0.00291192648001, 0.0117260944098, 0.00102344225161, 0.000910095346626, 0.00139938306529, 0.000584063294809]
    },
    "scvalleys": {
        "mean": [-9.21168804169, -11.0249853134, -11.5737056732, -12.3220329285, -13.4051961899, -13.781583786],
        "var": [1.98952376842, 3.78847312927, 5.31733226776, 4.69192123413, 2.82748770714, 1.85789084435]
    }
},
"rhythm": {
    "bpm": 0,
    "confidence": 0,
    "first_peak_bpm": {
        "mean": 0,
        "var": 0
    },
    "first_peak_spread": {
        "mean": 0,
        "var": 0
    },
    "first_peak_weight": {
        "mean": 0,
        "var": 0
    },
    "onset_rate": 4.41684579849,
    "second_peak_bpm": {
        "mean": 0,
        "var": 0
    },
    "second_peak_spread": {
        "mean": 0,
        "var": 0
    },
    "second_peak_weight": {
        "mean": 0,
        "var": 0
    },
    "beats_position": [],
    "bpm_estimates": [],
    "bpm_intervals": [],
    "onset_times": [0.0116099771112, 0.46439909935],
    "histogram": [[0, 0, 0, 0, 0, 0, 0, 0, 0, 0, 0, 0, 0, 0, 0, 0, 0, 0, 0, 0, 0, 0, 0, 0, 0, 0, 0, 0, 0, 0, 0, 0, 0, 0, 0, 0, 0, 0, 0, 0, 0, 0, 0, 0, 0, 0, 0, 0, 0, 0, 0, 0, 0, 0, 0, 0, 0, 0, 0, 0, 0, 0, 0, 0, 0, 0, 0, 0, 0, 0, 0, 0, 0, 0, 0, 0, 0, 0, 0, 0, 0, 0, 0, 0, 0, 0, 0, 0, 0, 0, 0, 0, 0, 0, 0, 0, 0, 0, 0, 0, 0, 0, 0, 0, 0, 0, 0, 0, 0, 0, 0, 0, 0, 0, 0, 0, 0, 0, 0, 0, 0, 0, 0, 0, 0, 0, 0, 0, 0, 0, 0, 0, 0, 0, 0, 0, 0, 0, 0, 0, 0, 0, 0, 0, 0, 0, 0, 0, 0, 0, 0, 0, 0, 0, 0, 0, 0, 0, 0, 0, 0, 0, 0, 0, 0, 0, 0, 0, 0, 0, 0, 0, 0, 0, 0, 0, 0, 0, 0, 0, 0, 0, 0, 0, 0, 0, 0, 0, 0, 0, 0, 0, 0, 0, 0, 0, 0, 0, 0, 0, 0, 0, 0, 0, 0, 0, 0, 0, 0, 0, 0, 0, 0, 0, 0, 0, 0, 0, 0, 0, 0, 0, 0, 0, 0, 0, 0, 0, 0, 0, 0, 0, 0, 0, 0, 0, 0, 0, 0, 0, 0, 0, 0, 0, 0, 0, 0, 0, 0, 0]]
},
"sfx": {
    "inharmonicity": {
        "mean": 0.02478640154,
        "var": 0.00179206952453
    },
    "oddtoevenharmonicenergyratio": {
        "mean": 2.78453779221,
        "var": 118.642868042
    },
    "pitch_after_max_to_before_max_energy_ratio": 1.33758854866,
    "pitch_centroid": 7.15962553024,
    "pitch_max_to_total": 0.095238097012,
    "pitch_min_to_total": 0.857142865658,
    "tristimulus": {
        "mean": [0.589564621449, 0.307021975517, 0.103413380682],
        "var": [0.0657870322466, 0.0297763179988, 0.0203828606755]
    }
},
"tonal": {
    "chords_changes_rate": 0,
    "chords_number_rate": 0.0909090936184,
    "chords_strength": {
        "mean": 0.507185876369,
        "var": 0
    },
    "key_strength": 0.634266972542,
    "tuning_diatonic_strength": 0.498944610357,
    "tuning_equal_tempered_deviation": 0.276029974222,
    "tuning_frequency": 439.491973877,
    "tuning_nontempered_energy_ratio": 0.954379975796,
    "hpcp": {
        "mean": [0.00157038203906, 0.00117322197184, 0.00233547319658, 0.00540028652176, 0.0379002019763, 0.102742142975, 0.0939420461655, 0.140950649977, 0.2297988832, 0.130944669247, 0.0185619108379, 0.00313690304756, 0.00264036771841, 0.00337202451192, 0.00330329989083, 0.0133337937295, 0.0363599322736, 0.0319223366678, 0.0189253296703, 0.0258814450353, 0.0544362403452, 0.319317340851, 0.628394365311, 0.526671648026, 0.297334164381, 0.136591672897, 0.020205648616, 0.00857160054147, 0.00815950613469, 0.0055006868206, 0.0436928384006, 0.0822925493121, 0.0426942780614, 0.00465839169919, 0.00493466760963, 0.00272824149579],