{"lowlevel.dissonance.mean": [0.40883171558380127], "sfx.inharmonicity.mean": [0.5010830760002136], "lowlevel.spectral_contrast.mean": [[0.3226742744445801, 0.312749981880188, 1.0425751209259033, 0.3936655521392822, 0.629185676574707, 0.39943361282348633]], "lowlevel.spectral_centroid.mean": [0.396882563829422], "lowlevel.mfcc.mean": [[0.3110431432723999, 0.12801198661327362, 0.14994582533836365, 0.18595144152641296, 0.29333817958831787, 0.6788451671600342, 0.8426466584205627, 0.7217223048210144, 0.33202701807022095, 0.2102338969707489, 0.6540079712867737, 0.8865236639976501, 1.4356095790863037]], "sfx.logattacktime.mean": [0.2777356505393982], "lowlevel.hfc.mean": [0.46820348501205444]}