{
"metadata": {
    "version": {
        "essentia": "2.1-dev"
    }
},
"lowLevel": {
    "barkbands_kurtosis": {
        "mean": 53.679069519,
        "var": 1925.02197266
    },
    "dissonance": {
        "mean": 0.372659236193,
        "var": 0.0113914804533
    },
    "hfc": {
        "mean": 19.7628936768,
        "var": 101.581016541
    },
    "spectral_centroid": {
        "mean": 1206.24584961,
        "var": 1115.62182617
    },
    "spectral_complexity": {
        "mean": 2.57142853737,
        "var": 0.435374170542
    },
    "spectral_crest": {
        "mean": 26.1983203888,
        "var": 0.119351163507
    },
    "spectral_energyband_high": {
        "mean": 6.66486812406e-05,
        "var": 5.29348731515e-10
    },
    "spectral_energyband_low": {
        "mean": 8.21922512273e-08,
        "var": 4.08697039292e-15
    },
    "spectral_kurtosis": {
        "mean": 5.30590391159,
        "var": 6.18786859512
    },
    "spectral_rolloff": {
        "mean": 1153.56433105,
        "var": 113.554023743
    },
    "spectral_strongpeak": {
        "mean": 5.10736846924,
        "var": 3.29396700859
    },
    "mfcc": {
        "mean": [-877.828125, -18.5560874939, -96.1175613403, -38.884601593, -38.4988822937, 24.7117214203, 30.0728149414, 21.5414047241, -19.2568378448, -24.596830368, 1.28194785118, 23.6293907166, 52.3574790955],
        "var": [51.2446098328, 230.732879639, 30.7799453735, 34.9634056091, 73.1673812866, 29.8766517639, 65.4746932983, 33.1974830627, 35.8316230774, 29.5905647278, 70.1907730103, 24.1895942688, 25.6498622894]
    },
    "sccoeffs": {
        "mean": [-0.812481224537, -0.790270388126, -0.320302426815, -0.796877741814, -0.674082696438, -0.777336418629],
        "var": [0.00205351738259, 0.00257458607666, 0.00111859012395, 0.000984465819784, 0.000934920331929, 0.000978791387752]
    }
},
"sfx": {
    "inharmonicity": {
        "mean": 5.64160727663e-05,
        "var": 3.80962372759e-09
    }
}
}