{"lowlevel.dissonance.mean": [0.4730808734893799], "sfx.inharmonicity.mean": [0.48187753558158875], "lowlevel.spectral_contrast.mean": [[0.8033093214035034, 0.8727585077285767, 0.8589392900466919, 0.9473388195037842, 0.7110693454742432, 0.48149991035461426]], "lowlevel.spectral_centroid.mean": [0.4263016879558563], "lowlevel.mfcc.mean": [[0.4093426465988159, 0.5224334001541138, -0.0715760886669159, -0.01594865322113037, 0.3092527985572815, 0.1924334466457367, 0.19015443325042725, -0.04052102565765381, 0.05051928758621216, 0.033886462450027466, 0.2618507444858551, 0.38003766536712646, 0.2249850332736969]], "sfx.logattacktime.mean": [0.4972984194755554], "lowlevel.hfc.mean": [0.4674461781978607]}