{
"metadata": {
    "version": {
        "essentia": "2.1-dev"
    }
},
"lowLevel": {
    "barkbands_kurtosis": {
        "mean": 0.149719715118,
        "var": 0.0518386773765
    },
    "dissonance": {
        "mean": 0.3763474226,
        "var": 0.0032382144127
    },
    "hfc": {
        "mean": 13.2890958786,
        "var": 0.502124547958
    },
    "spectral_centroid": {
        "mean": 1269.52600098,
        "var": 555.430175781
    },
    "spectral_complexity": {
        "mean": 11,
        "var": 0
    },
    "spectral_crest": {
        "mean": 7.70105552673,
        "var": 0.10840626806
    },
    "spectral_energyband_high": {
        "mean": 7.62105582908e-06,
        "var": 3.87323853546e-13
    },
    "spectral_energyband_low": {
        "mean": 1.66791451761e-08,
        "var": 1.91306179625e-17
    },
    "spectral_kurtosis": {
        "mean": 36.4419670105,
        "var": 209.847854614
    },
    "spectral_rolloff": {
        "mean": 1844.67773438,
        "var": 103.039741516
    },
    "spectral_strongpeak": {
        "mean": 2.71609377861,
        "var": 0.026448706165
    },
    "mfcc": {
        "mean": [-773.781066895, 144.645019531, -163.265579224, -45.5280761719, -24.7272891998, -23.7337589264, -26.3772830963, -46.4429969788, -29.4050197601, -33.5325202942, -13.4085588455, -6.97683191299, -19.9708747864],
        "var": [1.21590030193, 19.1660041809, 9.36135196686, 3.4241168499, 2.43069934845, 1.05614697933, 0.147020801902, 1.88653099537, 4.01252889633, 4.06313562393, 1.05820310116, 3.52881503105, 1.97462368011]
    },
    "sccoeffs": {
        "mean": [-0.351769834757, -0.456124216318, -0.511101782322, -0.483118891716, -0.641619265079, -0.754516780376],
        "var": [0.00012728573347, 0.000293822027743, 0.00170146150049, 0.0010555224726, 3.60920530511e-05, 0.000326759793097]
    }
},
"sfx": {
    "inharmonicity": {
        "mean": 0.0198870971799,
        "var": 6.74160910421e-05
    }
}
}