{
"metadata": {
    "version": {
        "essentia": "2.1-dev"
    }
},
"lowLevel": {
    "average_loudness": 0.896537363529,
    "barkbands_kurtosis": {
        "mean": 0.533739864826,
        "var": 9.23836231232
    },
    "barkbands_skewness": {
        "mean": -0.010031866841,
        "var": 1.24346578121
    },
    "barkbands_spread": {
        "mean": 19.8460083008,
        "var": 308.422363281
    },
    "dissonance": {
        "mean": 0.41628485918,
        "var": 0.00471208617091
    },
    "hfc": {
        "mean": 4.94385814667,
        "var": 21.8309822083
    },
    "pitch": {
        "mean": 324.642181396,
        "var": 87040.6875
    },
    "pitch_instantaneous_confidence": {
        "mean": 0.729641437531,
        "var": 0.103920288384
    },
    "pitch_salience": {
        "mean": 0.724537014961,
        "var": 0.0294256620109
    },
    "silence_rate_20dB": {
        "mean": 1,
        "var": 0
    },
    "silence_rate_30dB": {
        "mean": 1,
        "var": 0
    },
    "silence_rate_60dB": {
        "mean": 0.475409835577,
        "var": 0.249395772815
    },
    "spectral_centroid": {
        "mean": 1184.51599121,
        "var": 158759.21875
    },
    "spectral_complexity": {
        "mean": 6.02732229233,
        "var": 22.0702991486
    },
    "spectral_crest": {
        "mean": 8.52750015259,
        "var": 14.1209878922
    },
    "spectral_decrease": {
        "mean": -9.80263870076e-10,
        "var": 7.54961282729e-19
    },
    "spectral_energy": {
        "mean": 0.0041481568478,
        "var": 1.36948656291e-05
    },
    "spectral_energyband_high": {
        "mean": 1.78131301709e-06,
        "var": 4.47074278639e-12
    },
    "spectral_energyband_low": {
        "mean": 2.55396095383e-08,
        "var": 1.59443809101e-15
    },
    "spectral_energyband_middle_high": {
        "mean": 0.0030997779686,
        "var": 8.60152977111e-06
    },
    "spectral_energyband_middle_low": {
        "mean": 0.00112324825022,
        "var": 7.99662416284e-07
    },
    "spectral_flatness_db": {
        "mean": 0.258681774139,
        "var": 0.0155143076554
    },
    "spectral_flux": {
        "mean": 0.00595725700259,
        "var": 2.61709064944e-05
    },
    "spectral_kurtosis": {
        "mean": 32.6161308289,
        "var": 676.680603027
    },
    "spectral_rms": {
        "mean": 0.00158371962607,
        "var": 1.53881705955e-06
    },
    "spectral_rolloff": {
        "mean": 1791.60949707,
        "var": 1006738.6875
    },
    "spectral_skewness": {
        "mean": 3.61849832535,
        "var": 3.58490967751
    },
    "spectral_spread": {
        "mean": 9586052,
        "var": 1.72854129721e+14
    },
    "spectral_strongpeak": {
        "mean": 1.29090297222,
        "var": 1.25288629532
    },
    "zerocrossingrate": {
        "mean": 0.0755154937506,
        "var": 0.00297667901032
    },
    "barkbands": {
        "mean": [1.22176944117e-08, 4.59826132726e-09, 5.45687584008e-09, 3.11776808815e-08, 0.000492360093631, 7.77796503826e-06, 1.27667417473e-05, 0.000501935137436, 1.22127664781e-06, 0.000128554165713, 0.000448896666057, 0.000180623304914, 0.0011075695511, 0.000718286610208, 0.000266867631581, 0.00015321947285, 9.03146574274e-05, 2.14828305616e-05, 1.28170058815e-05, 2.26111365009e-06, 9.97111555989e-07, 1.38438608133e-07, 1.57554467251e-08, 5.19747045402e-09, 3.28192273358e-09, 6.97263580207e-10, 3.06515729465e-10],
        "var": [2.27565327447e-16, 3.5579039923e-17, 2.32034829142e-16, 4.43380327977e-15, 1.50109016772e-07, 4.73437747339e-11, 1.37636152475e-10, 1.65413055697e-07, 2.34851764772e-12, 1.23356231896e-08, 1.7467934299e-07, 2.37635529032e-08, 1.06966570002e-06, 5.68937082335e-07, 7.81560984819e-08, 2.92178530259e-08, 9.75174874185e-09, 6.34143293432e-10, 2.93999408152e-10, 7.676949354e-12, 1.58355186602e-12, 3.29013448159e-14, 4.2087632487e-16, 2.32548379263e-17, 9.66433904416e-18, 6.47769687184e-19, 2.26142881816e-19]
    },
    "mfcc": {
        "mean": [-921.131164551, 105.809738159, -90.591468811, -40.9186096191, -11.4918060303, -16.4427700043, -16.8468456268, -26.3841285706, -21.8789825439, -19.5975532532, -10.7818098068, -5.30724096298, -12.0051670074],
        "var": [22883.7167969, 4835.14355469, 4683.58105469, 900.257751465, 127.710136414, 155.512939453, 156.279754639, 337.267120361, 229.466430664, 181.301040649, 70.1544189453, 37.090675354, 79.4620132446]
    },
    "sccoeffs": {
        "mean": [-0.515976667404, -0.589985847473, -0.650474309921, -0.648178577423, -0.751737475395, -0.835681080818],
        "var": [0.0440779402852, 0.0412797667086, 0.0312982387841, 0.0331194475293, 0.0137391062453, 0.0031198207289]
    },
    "scvalleys": {
        "mean": [-11.1072635651, -10.335401535, -9.93413448334, -9.80355453491, -11.0662279129, -13.1051254272],
        "var": [1.07179963589, 2.02884864807, 4.19520235062, 4.72883558273, 3.10770225525, 0.941543400288]
    }
},
"rhythm": {
    "beats_loudness": {
        "mean": 0.00563644384965,
        "var": 1.56257374329e-05
    },
    "bpm": 100.865036011,
    "confidence": 0,
    "first_peak_bpm": {
        "mean": 99,
        "var": 0
    },
    "first_peak_spread": {
        "mean": 0.5,
        "var": 0
    },
    "first_peak_weight": {
        "mean": 0.40000000596,
        "var": 0
    },
    "onset_rate": 2.13068628311,
    "second_peak_bpm": {
        "mean": 105,
        "var": 0
    },
    "second_peak_spread": {
        "mean": 0,
        "var": 0
    },
    "second_peak_weight": {
        "mean": 0.20000000298,
        "var": 0
    },
    "beats_loudness_band_ratio": {
        "mean": [0.000392347341403, 0.137070119381, 0.138888433576, 0.566962301731, 0.214926421642, 0.0105778696015],
        "var": [6.09475478086e-07, 0.00363168097101, 0.00395678728819, 0.00732768280432, 0.00488612474874, 0.000357806449756]
    },
    "beats_position": [0.568888902664, 1.13777780533, 1.74149656296, 2.32199549675, 2.91410422325, 3.51782298088],
    "bpm_estimates": [99.3840255737, 103.359359741, 101.332740784, 99.3840255737],
    "bpm_intervals": [0.568888902664, 0.603718757629, 0.580498933792, 0.592108726501, 0.603718757629],
    "onset_times": [0.568888902664, 0.789478480816, 0.99845802784, 1.13777780533, 1.40480720997, 2.29877543449, 3.06503391266, 3.32045340538, 3.7151927948],
    "histogram": [[0, 0, 0, 0, 0, 0, 0, 0, 0, 0, 0, 0, 0, 0, 0, 0, 0, 0, 0, 0, 0, 0, 0, 0, 0, 0, 0, 0, 0, 0, 0, 0, 0, 0, 0, 0, 0, 0, 0, 0, 0, 0, 0, 0, 0, 0, 0, 0, 0, 0, 0, 0, 0, 0, 0, 0, 0, 0, 0, 0, 0, 0, 0, 0, 0, 0, 0, 0, 0, 0, 0, 0, 0, 0, 0, 0, 0, 0, 0, 0, 0, 0, 0, 0, 0, 0, 0, 0, 0, 0, 0, 0, 0, 0, 0, 0, 0, 0, 0, 0.40000000596, 0, 0.20000000298, 0, 0.20000000298, 0, 0.20000000298, 0, 0, 0, 0, 0, 0, 0, 0, 0, 0, 0, 0, 0, 0, 0, 0, 0, 0, 0, 0, 0, 0, 0, 0, 0, 0, 0, 0, 0, 0, 0, 0, 0, 0, 0, 0, 0, 0, 0, 0, 0, 0, 0, 0, 0, 0, 0, 0, 0, 0, 0, 0, 0, 0, 0, 0, 0, 0, 0, 0, 0, 0, 0, 0, 0, 0, 0, 0, 0, 0, 0, 0, 0, 0, 0, 0, 0, 0, 0, 0, 0, 0, 0, 0, 0, 0, 0, 0, 0, 0, 0, 0, 0, 0, 0, 0, 0, 0, 0, 0, 0, 0, 0, 0, 0, 0, 0, 0, 0, 0, 0, 0, 0, 0, 0, 0, 0, 0, 0, 0, 0, 0, 0, 0, 0, 0, 0, 0, 0, 0, 0, 0, 0, 0, 0, 0, 0, 0, 0, 0, 0, 0, 0, 0]]
},
"sfx": {
    "inharmonicity": {
        "mean": 0.0535056143999,
        "var": 0.00614551641047
    },
    "oddtoevenharmonicenergyratio": {
        "mean": 0.973578810692,
        "var": 0.590054512024
    },
    "pitch_after_max_to_before_max_energy_ratio": 0.423350065947,
    "pitch_centroid": 91.6200561523,
    "pitch_max_to_total": 0.890710353851,
    "pitch_min_to_total": 0.901639342308,
    "tristimulus": {
        "mean": [0.173920810223, 0.329921275377, 0.496158033609],
        "var": [0.0199947152287, 0.00960692577064, 0.0289455763996]
    }
},
"tonal": {
    "chords_changes_rate": 0.0108695654199,
    "chords_number_rate": 0.0217391308397,
    "chords_strength": {
        "mean": 0.491112142801,
        "var": 0.00495230266824
    },
    "key_strength": 0.646969914436,
    "tuning_diatonic_strength": 0.506247460842,