{
"metadata": {
    "version": {
        "essentia": "2.1-dev"
    }
},
"lowLevel": {
    "average_loudness": 0.986850202084,
    "barkbands_kurtosis": {
        "mean": 18.1215438843,
        "var": 5615.75097656
    },
    "barkbands_skewness": {
        "mean": 1.09651708603,
        "var": 9.08432102203
    },
    "barkbands_spread": {
        "mean": 18.1416778564,
        "var": 49.8667984009
    },
    "dissonance": {
        "mean": 0.396081209183,
        "var": 0.0028501204215
    },
    "hfc": {
        "mean": 38.347743988,
        "var": 1035.78137207
    },
    "pitch": {
        "mean": 594.404724121,
        "var": 15214.75
    },
    "pitch_instantaneous_confidence": {
        "mean": 0.930523276329,
        "var": 0.0353781431913
    },
    "pitch_salience": {
        "mean": 0.575193047523,
        "var": 0.0313318371773
    },
    "silence_rate_20dB": {
        "mean": 1,
        "var": 0
    },
    "silence_rate_30dB": {
        "mean": 1,
        "var": 0
    },
    "silence_rate_60dB": {
        "mean": 0.245454549789,
        "var": 0.185206875205
    },
    "spectral_centroid": {
        "mean": 1567.3918457,
        "var": 486145.46875
    },
    "spectral_complexity": {
        "mean": 5.50909090042,
        "var": 6.86810016632
    },
    "spectral_crest": {
        "mean": 10.3640832901,
        "var": 19.4900169373
    },
    "spectral_decrease": {
        "mean": -4.43930092686e-09,
        "var": 1.36391064964e-17
    },
    "spectral_energy": {
        "mean": 0.0202331915498,
        "var": 0.000283202680293
    },
    "spectral_energyband_high": {
        "mean": 0.000356852571713,
        "var": 9.59626760277e-08
    },
    "spectral_energyband_low": {
        "mean": 2.01461389224e-05,
        "var": 2.62975197174e-10
    },
    "spectral_energyband_middle_high": {
        "mean": 0.011762553826,
        "var": 9.02600586414e-05
    },
    "spectral_energyband_middle_low": {
        "mean": 0.00808750838041,
        "var": 5.25774448761e-05
    },
    "spectral_flatness_db": {
        "mean": 0.327043473721,
        "var": 0.00241150683723
    },
    "spectral_flux": {
        "mean": 0.0100011611357,
        "var": 2.47145726462e-05
    },
    "spectral_kurtosis": {
        "mean": 9.23591899872,
        "var": 43.0996627808
    },
    "spectral_rms": {
        "mean": 0.00379656790756,
        "var": 5.32577769263e-06
    },
    "spectral_rolloff": {
        "mean": 3012.10546875,
        "var": 1808498.125
    },
    "spectral_skewness": {
        "mean": 2.37233662605,
        "var": 0.666929483414
    },
    "spectral_spread": {
        "mean": 5058850.5,
        "var": 1.24667790623e+13
    },
    "spectral_strongpeak": {
        "mean": 1.44982743263,
        "var": 1.82782924175
    },
    "zerocrossingrate": {
        "mean": 0.0802645608783,
        "var": 0.0013814578997
    },
    "barkbands": {
        "mean": [2.07580214919e-05, 5.5208233789e-06, 7.84593865433e-08, 6.83164191884e-09, 2.22931998906e-06, 9.79701098913e-07, 1.49085565226e-06, 0.00158813945018, 0.00649463525042, 3.14795187251e-07, 5.17898513408e-07, 0.00179483799729, 0.000409701227909, 2.63722910177e-07, 0.00186972890515, 4.58007576754e-07, 0.00235629361123, 0.000623610161711, 0.00013369473163, 0.00481880409643, 7.63219795772e-05, 2.03826421057e-05, 4.98929193782e-06, 6.83129064782e-06, 2.13801081372e-06, 4.85922157623e-07, 4.8623832738e-10],
        "var": [2.97948582473e-10, 2.30100469928e-11, 1.57118650721e-15, 3.7517544306e-17, 8.08550188608e-12, 8.51660159496e-13, 1.70965140916e-12, 2.21359505304e-06, 3.32227500621e-05, 1.13439537982e-13, 4.1896886893e-13, 1.92202378457e-06, 7.83497284829e-08, 4.94770206522e-14, 1.68460405803e-06, 2.25711783248e-13, 4.46421063316e-06, 5.55823760351e-07, 2.50939553581e-08, 1.83782231034e-05, 3.75620778925e-09, 4.41098074733e-10, 3.07487160733e-11, 4.9265931612e-11, 4.12021155041e-12, 2.93819547685e-13, 3.72007936883e-18]
    },
    "mfcc": {
        "mean": [-811.28918457, 28.4042606354, -77.5799865723, 24.8176136017, -15.8324708939, -27.1069984436, 3.30375099182, 0.335933685303, 2.71948695183, 30.188041687, 32.9424514771, 29.6463241577, 17.9468193054],
        "var": [17729.6972656, 617.34185791, 2336.42919922, 109.010162354, 203.938766479, 351.248138428, 56.6925430298, 87.6384429932, 138.295791626, 74.555770874, 74.1347579956, 57.0097122192, 52.5740318298]
    },
    "sccoeffs": {
        "mean": [-0.627622842789, -0.451276838779, -0.772003650665, -0.488027393818, -0.557864367962, -0.713132381439],
        "var": [0.00360544072464, 0.0256037879735, 0.00377270532772, 0.0271308030933, 0.024431437254, 0.00764895183966]
    },
    "scvalleys": {
        "mean": [-9.74354362488, -8.68721485138, -9.85432434082, -10.1648607254, -10.0045852661, -11.7991247177],
        "var": [0.18755069375, 1.16492950916, 0.903192281723, 1.27213907242, 1.8760985136, 1.13646626472]
    }
},
"rhythm": {
    "beats_loudness": {
        "mean": 0.0264591500163,
        "var": 0.000154520254
    },
    "bpm": 88.3477935791,
    "confidence": 0,
    "first_peak_bpm": {
        "mean": 88,
        "var": 0
    },
    "first_peak_spread": {
        "mean": 0,
        "var": 0
    },
    "first_peak_weight": {
        "mean": 1,
        "var": 0
    },
    "onset_rate": 1.19204223156,
    "second_peak_bpm": {
        "mean": 0,
        "var": 0
    },
    "second_peak_spread": {
        "mean": 0,
        "var": 0
    },
    "second_peak_weight": {
        "mean": 0,
        "var": 0
    },
    "beats_loudness_band_ratio": {
        "mean": [0.000563033216167, 0.000443654280389, 0.356201082468, 0.112296544015, 0.265125215054, 0.26539799571],
        "var": [1.6077349585e-07, 5.66809212899e-08, 0.00426488136873, 0.00053908827249, 0.000145300815348, 0.00258259405382]
    },
    "beats_position": [0.66176867485, 1.34675729275, 2.02013611794],
    "bpm_estimates": [87.5926971436, 89.1028900146],
    "bpm_intervals": [0.684988617897, 0.673378825188],
    "onset_times": [0.0116099771112, 0.104489795864, 2.50775504112],
    "histogram": [[0, 0, 0, 0, 0, 0, 0, 0, 0, 0, 0, 0, 0, 0, 0, 0, 0, 0, 0, 0, 0, 0, 0, 0, 0, 0, 0, 0, 0, 0, 0, 0, 0, 0, 0, 0, 0, 0, 0, 0, 0, 0, 0, 0, 0, 0, 0, 0, 0, 0, 0, 0, 0, 0, 0, 0, 0, 0, 0, 0, 0, 0, 0, 0, 0, 0, 0, 0, 0, 0, 0, 0, 0, 0, 0, 0, 0, 0, 0, 0, 0, 0, 0, 0, 0, 0, 0, 0, 0.5, 0.5, 0, 0, 0, 0, 0, 0, 0, 0, 0, 0, 0, 0, 0, 0, 0, 0, 0, 0, 0, 0, 0, 0, 0, 0, 0, 0, 0, 0, 0, 0, 0, 0, 0, 0, 0, 0, 0, 0, 0, 0, 0, 0, 0, 0, 0, 0, 0, 0, 0, 0, 0, 0, 0, 0, 0, 0, 0, 0, 0, 0, 0, 0, 0, 0, 0, 0, 0, 0, 0, 0, 0, 0, 0, 0, 0, 0, 0, 0, 0, 0, 0, 0, 0, 0, 0, 0, 0, 0, 0, 0, 0, 0, 0, 0, 0, 0, 0, 0, 0, 0, 0, 0, 0, 0, 0, 0, 0, 0, 0, 0, 0, 0, 0, 0, 0, 0, 0, 0, 0, 0, 0, 0, 0, 0, 0, 0, 0, 0, 0, 0, 0, 0, 0, 0, 0, 0, 0, 0, 0, 0, 0, 0, 0, 0, 0, 0, 0, 0, 0, 0, 0, 0, 0, 0, 0, 0, 0, 0, 0, 0]]
},
"sfx": {
    "inharmonicity": {
        "mean": 0.00583586748689,
        "var": 0.000492436403874
    },
    "oddtoevenharmonicenergyratio": {
        "mean": 0.712060987949,
        "var": 0.122400552034
    },
    "pitch_after_max_to_before_max_energy_ratio": 0.0312416926026,
    "pitch_centroid": 55.6627082825,
    "pitch_max_to_total": 0.95454543829,
    "pitch_min_to_total": 0.0181818176061,
    "tristimulus": {
        "mean": [0.306326836348, 0.386249303818, 0.307423949242],
        "var": [0.0288393143564, 0.0117721548304, 0.0318908467889]
    }
},
"tonal": {
    "chords_changes_rate": 0.107142858207,
    "chords_number_rate": 0.0357142873108,
    "chords_strength": {
        "mean": 0.30565777421,
        "var": 0.000414391921367
    },
    "key_strength": 0.703080177307,
    "tuning_diatonic_strength": 0.396923720837,
    "tuning_equal_tempered_deviation": 0.149687379599,
    "tuning_frequency": 441.272583008,
    "tuning_nontempered_energy_ratio": 0.716973185539,