{
"metadata": {
    "version": {
        "essentia": "2.1-dev"
    }
},
"lowLevel": {
    "barkbands_kurtosis": {
        "mean": -1.49311316013,
        "var": 0.0326663479209
    },
    "dissonance": {
        "mean": 0.408251613379,
        "var": 0.000706177845132
    },
    "hfc": {
        "mean": 57.8585662842,
        "var": 562.407287598
    },
    "spectral_centroid": {
        "mean": 1904.08569336,
        "var": 31129.1933594
    },
    "spectral_complexity": {
        "mean": 6.97142839432,
        "var": 0.0277551114559
    },
    "spectral_crest": {
        "mean": 8.69125461578,
        "var": 1.4147644043
    },
    "spectral_energyband_high": {
        "mean": 0.000532444508281,
        "var": 6.3060006994e-08
    },
    "spectral_energyband_low": {
        "mean": 1.49951802086e-05,
        "var": 1.51241102975e-10
    },
    "spectral_kurtosis": {
        "mean": 7.11238861084,
        "var": 0.96877092123
    },
    "spectral_rolloff": {
        "mean": 3717.5559082,
        "var": 15924.5371094
    },
    "spectral_strongpeak": {
        "mean": 2.06523084641,
        "var": 1.74909067154
    },
    "mfcc": {
        "mean": [-733.536132812, 15.8107347488, -103.574836731, 27.3862133026, -22.485918045, -38.9903831482, 4.59273815155, -3.08958077431, -3.43491101265, 32.8837432861, 35.7466583252, 30.7840194702, 18.2869205475],
        "var": [430.618865967, 98.7825241089, 66.6537246704, 29.0390720367, 44.0640792847, 60.2966384888, 39.651550293, 55.6959190369, 42.1192359924, 46.425868988, 45.4119262695, 27.7704982758, 49.1385269165]
    },
    "sccoeffs": {
        "mean": [-0.644285202026, -0.357954949141, -0.739795327187, -0.394278854132, -0.460792928934, -0.663996100426],
        "var": [0.00244309310801, 0.00191757257562, 0.000967012427282, 0.000490083999466, 0.000759718823247, 0.00103527319152]
    }
},
"sfx": {
    "inharmonicity": {
        "mean": 0.000623188680038,
        "var": 3.25671635437e-07
    }
}
}