{
"metadata": {
    "version": {
        "essentia": "2.1-dev"
    }
},
"lowLevel": {
    "barkbands_kurtosis": {
        "mean": 2.57376098633,
        "var": 0.581077933311
    },
    "dissonance": {
        "mean": 0.0937418341637,
        "var": 0.0018806924345
    },
    "hfc": {
        "mean": 24.6602993011,
        "var": 31.0600585938
    },
    "spectral_centroid": {
        "mean": 520.807189941,
        "var": 80.8304214478
    },
    "spectral_complexity": {
        "mean": 6.79710149765,
        "var": 0.59651362896
    },
    "spectral_crest": {
        "mean": 16.7046642303,
        "var": 1.09926140308
    },
    "spectral_energyband_high": {
        "mean": 3.37091847769e-07,
        "var": 2.38259780151e-14
    },
    "spectral_energyband_low": {
        "mean": 0.000177690613782,
        "var": 1.58264068517e-09
    },
    "spectral_kurtosis": {
        "mean": 164.554260254,
        "var": 549.93359375
    },
    "spectral_rolloff": {
        "mean": 625.086608887,
        "var": 13.050412178
    },
    "spectral_strongpeak": {
        "mean": 3.1000494957,
        "var": 0.242774248123
    },
    "mfcc": {
        "mean": [-848.430419922, 255.676483154, 21.3280658722, -62.8625946045, -54.0361175537, -34.1968917847, -43.1349487305, -41.0189743042, -1.28515601158, 12.2630519867, 3.78938269615, -0.647259235382, -8.34550666809],
        "var": [142.716842651, 39.8795776367, 65.2827072144, 54.4420852661, 46.8465423584, 34.6826019287, 35.5469970703, 71.3573303223, 17.8246955872, 21.4510326385, 53.7159004211, 35.6993522644, 48.3124656677]
    },
    "sccoeffs": {
        "mean": [-0.522532641888, -0.271489530802, -0.520608127117, -0.638278782368, -0.834057688713, -0.869372487068],
        "var": [0.000874256831594, 0.00147953256965, 0.00239094742574, 0.00106820906512, 0.000268395757303, 0.000114689893962]
    }
},
"sfx": {
    "inharmonicity": {
        "mean": 0.0230278037488,
        "var": 5.04075396748e-05
    }
}
}