{
"metadata": {
    "version": {
        "essentia": "2.1-dev"
    }
},
"lowLevel": {
    "barkbands_kurtosis": {
        "mean": 2.09456634521,
        "var": 3.57987833023
    },
    "dissonance": {
        "mean": 0.493783175945,
        "var": 5.3037845646e-05
    },
    "hfc": {
        "mean": 89.4100418091,
        "var": 963.435974121
    },
    "spectral_centroid": {
        "mean": 4681.22021484,
        "var": 64179.6015625
    },
    "spectral_complexity": {
        "mean": 33.9375,
        "var": 23.80859375
    },
    "spectral_crest": {
        "mean": 4.89342927933,
        "var": 0.327370673418
    },
    "spectral_energyband_high": {
        "mean": 0.0107537386939,
        "var": 1.3659520846e-05
    },
    "spectral_energyband_low": {
        "mean": 2.92049462587e-05,
        "var": 9.43218281257e-10
    },
    "spectral_kurtosis": {
        "mean": -0.0448872298002,
        "var": 0.144742012024
    },
    "spectral_rolloff": {
        "mean": 7315.90527344,
        "var": 295218.53125
    },
    "spectral_strongpeak": {
        "mean": 2.67265176773,
        "var": 4.23148536682
    },
    "mfcc": {
        "mean": [-616.721252441, -54.1490249634, -47.6831169128, -1.07288146019, -16.0433120728, -8.03018951416, -32.3936195374, -10.5122661591, -9.47426986694, 9.7804889679, 13.0302448273, 15.1792564392, 12.8276128769],
        "var": [1006.40429688, 512.421081543, 515.846435547, 31.7698841095, 37.2998085022, 62.2627983093, 42.8143386841, 57.2091789246, 50.6339073181, 72.6356048584, 25.8223152161, 24.4880542755, 41.8123054504]
    },
    "sccoeffs": {
        "mean": [-0.659330189228, -0.77251380682, -0.806485116482, -0.712751507759, -0.756613910198, -0.728403687477],
        "var": [0.00521050905809, 0.00282366666943, 0.00107286626007, 0.000902353902347, 0.000882207008544, 0.000746518955566]
    }
},
"sfx": {
    "inharmonicity": {
        "mean": 0.140113145113,
        "var": 0.00877676997334
    }
}
}