{"lowlevel.dissonance.mean": [0.6019225120544434], "sfx.inharmonicity.mean": [0.4800397753715515], "lowlevel.spectral_contrast.mean": [[0.2970837354660034, 0.28545331954956055, 0.3701822757720947, 1.0018247365951538, 0.8469219207763672, 0.47933244705200195]], "lowlevel.spectral_centroid.mean": [0.4305954575538635], "lowlevel.mfcc.mean": [[0.3258146047592163, 0.14279620349407196, 0.12949451804161072, 0.24038565158843994, 0.35463911294937134, 0.6238603591918945, 0.71708083152771, 0.5933372378349304, 0.17869070172309875, -0.02745842933654785, 0.719925045967102, 1.4085721969604492, 0.7613785266876221]], "sfx.logattacktime.mean": [0.39953404664993286], "lowlevel.hfc.mean": [0.4768342673778534]}