{
"metadata": {
    "version": {
        "essentia": "2.1-dev"
    }
},
"lowLevel": {
    "barkbands_kurtosis": {
        "mean": 0.139576941729,
        "var": 18.7548942566
    },
    "dissonance": {
        "mean": 0.438861876726,
        "var": 0.00478893984109
    },
    "hfc": {
        "mean": 44.6057815552,
        "var": 76.0468215942
    },
    "spectral_centroid": {
        "mean": 1757.63647461,
        "var": 23116.203125
    },
    "spectral_complexity": {
        "mean": 2.95530724525,
        "var": 0.0873880460858
    },
    "spectral_crest": {
        "mean": 17.3286056519,
        "var": 6.48461437225
    },
    "spectral_energyband_high": {
        "mean": 8.69130308274e-05,
        "var": 1.15060250216e-09
    },
    "spectral_energyband_low": {
        "mean": 7.75008786036e-08,
        "var": 5.0638331622e-15
    },
    "spectral_kurtosis": {
        "mean": 9.34976291656,
        "var": 3.79689693451
    },
    "spectral_rolloff": {
        "mean": 2552.34179688,
        "var": 26620.3183594
    },
    "spectral_strongpeak": {
        "mean": 6.86176109314,
        "var": 2.48968672752
    },
    "mfcc": {
        "mean": [-844.606750488, -11.3779964447, -112.308547974, -32.0241088867, -23.3928108215, 15.0992736816, 18.9176959991, 8.93289375305, -33.0432090759, -45.222694397, 12.2590169907, 59.9406471252, 13.6220989227],
        "var": [130.075653076, 119.430328369, 33.1777572632, 43.2988815308, 35.5297927856, 42.6931915283, 47.5006752014, 45.3248748779, 38.2279701233, 36.8279762268, 41.1299552917, 54.8963050842, 47.3157119751]
    },
    "sccoeffs": {
        "mean": [-0.829673409462, -0.81583070755, -0.807097136974, -0.418184041977, -0.526974380016, -0.75625872612],
        "var": [0.00169697159436, 0.00160038948525, 0.000946299056523, 0.000341007660609, 0.00199449504726, 0.00040677015204]
    }
},
"sfx": {
    "inharmonicity": {
        "mean": 0.00224366621114,
        "var": 0.000401253026212
    }
}
}