{"lowlevel.dissonance.mean": [0.13528239727020264], "sfx.inharmonicity.mean": [0.26410627365112305], "lowlevel.spectral_contrast.mean": [[0.7130786180496216, 1.0825564861297607, 1.1450732946395874, 1.1106138229370117, 0.8470890522003174, 0.586475133895874]], "lowlevel.spectral_centroid.mean": [0.3731427490711212], "lowlevel.mfcc.mean": [[0.5305930376052856, 0.5563223361968994, 0.38955795764923096, 0.3648543059825897, 0.4308463931083679, 0.2406371682882309, 0.14340123534202576, 0.16734427213668823, 0.258486807346344, 0.5022077560424805, 0.38141679763793945, 0.26540035009384155, 0.4282917380332947]], "sfx.logattacktime.mean": [0.6106816530227661], "lowlevel.hfc.mean": [0.4777560532093048]}