{
"metadata": {
    "version": {
        "essentia": "2.1-dev"
    }
},
"lowLevel": {
    "barkbands_kurtosis": {
        "mean": -1.17207360268,
        "var": 0.418542861938
    },
    "dissonance": {
        "mean": 0.390908867121,
        "var": 0.0019626005087
    },
    "hfc": {
        "mean": 57.1984176636,
        "var": 332.034118652
    },
    "spectral_centroid": {
        "mean": 1091.00415039,
        "var": 17294.65625
    },
    "spectral_complexity": {
        "mean": 14.96875,
        "var": 1.8427734375
    },
    "spectral_crest": {
        "mean": 7.02233552933,
        "var": 1.15461969376
    },
    "spectral_energyband_high": {
        "mean": 0.000113821835839,
        "var": 2.4000754717e-09
    },
    "spectral_energyband_low": {
        "mean": 6.3481493271e-06,
        "var": 4.23494073143e-10
    },
    "spectral_kurtosis": {
        "mean": 13.0563030243,
        "var": 102.460128784
    },
    "spectral_rolloff": {
        "mean": 1945.89624023,
        "var": 34651.8125
    },
    "spectral_strongpeak": {
        "mean": 5.31842327118,
        "var": 5.82634401321
    },
    "mfcc": {
        "mean": [-638.948425293, 129.187393188, -74.1225814819, -12.592625618, -3.19531106949, -28.6246891022, -42.9302558899, -33.4936676025, -22.9312210083, 3.82896614075, -10.0901041031, -22.540348053, -13.5336380005],
        "var": [820.248657227, 332.261077881, 67.2452468872, 34.9369277954, 47.6932449341, 58.0392723083, 35.7723350525, 39.6234512329, 23.9426898956, 47.8125190735, 41.1280326843, 49.3164405823, 42.4791297913]
    },
    "sccoeffs": {
        "mean": [-0.355145424604, -0.367991268635, -0.437904030085, -0.401013880968, -0.602948606014, -0.711998164654],
        "var": [0.0033850853797, 0.00161347410176, 0.000996799673885, 0.00148546067066, 0.000450456456747, 0.00068607844878]
    }
},
"sfx": {
    "inharmonicity": {
        "mean": 0.0243815835565,
        "var": 4.31574553659e-05
    }
}
}