{
"metadata": {
    "version": {
        "essentia": "2.1-dev"
    }
},
"lowLevel": {
    "barkbands_kurtosis": {
        "mean": -1.8634480238,
        "var": 0.240009844303
    },
    "dissonance": {
        "mean": 0.419597893953,
        "var": 0.00459420960397
    },
    "hfc": {
        "mean": 116.286621094,
        "var": 1771.88635254
    },
    "spectral_centroid": {
        "mean": 1770.02648926,
        "var": 7789.59765625
    },
    "spectral_complexity": {
        "mean": 2.02234625816,
        "var": 0.021846909076
    },
    "spectral_crest": {
        "mean": 15.1198701859,
        "var": 1.8884216547
    },
    "spectral_energyband_high": {
        "mean": 2.17154752136e-06,
        "var": 5.67273712813e-13
    },
    "spectral_energyband_low": {
        "mean": 1.56101009452e-07,
        "var": 3.54186623606e-14
    },
    "spectral_kurtosis": {
        "mean": 52.6744346619,
        "var": 125.695495605
    },
    "spectral_rolloff": {
        "mean": 2388.02172852,
        "var": 7642.12548828
    },
    "spectral_strongpeak": {
        "mean": 12.6261959076,
        "var": 10.0121965408
    },
    "mfcc": {
        "mean": [-945.091064453, 25.845867157, -136.177749634, -42.5166435242, 30.7785949707, 31.7044372559, 16.0700092316, 31.3468494415, 0.285655289888, -60.1394805908, -39.1849937439, 62.9088134766, 65.4960021973],
        "var": [253.566619873, 99.7334289551, 61.7696456909, 51.2610816956, 24.4955177307, 46.0220527649, 39.4120826721, 31.2675666809, 51.9276313782, 34.9465866089, 23.9826431274, 63.6048316956, 27.3280925751]
    },
    "sccoeffs": {
        "mean": [-0.81126588583, -0.884280085564, -0.340328097343, -0.463378489017, -0.411007195711, -0.843511223793],
        "var": [0.00383621524088, 0.00215580919757, 0.000406595587265, 0.00187302567065, 0.000705387676135, 0.000219492518227]
    }
},
"sfx": {
    "inharmonicity": {
        "mean": 0.00091444113059,
        "var": 2.58550613808e-07
    }
}
}