{
"metadata": {
    "version": {
        "essentia": "2.1-dev"
    }
},
"lowLevel": {
    "average_loudness": 0.99068403244,
    "barkbands_kurtosis": {
        "mean": 4.1745262146,
        "var": 5.6897649765
    },
    "barkbands_skewness": {
        "mean": -1.61988675594,
        "var": 0.18359182775
    },
    "barkbands_spread": {
        "mean": 18.6538906097,
        "var": 241.059326172
    },
    "dissonance": {
        "mean": 0.49159809947,
        "var": 0.000973697635345
    },
    "hfc": {
        "mean": 161.191268921,
        "var": 65764.9921875
    },
    "pitch": {
        "mean": 1614.77380371,
        "var": 1493468.25
    },
    "pitch_instantaneous_confidence": {
        "mean": 0.335663944483,
        "var": 0.0073741436936
    },
    "pitch_salience": {
        "mean": 0.676772177219,
        "var": 0.00558363134041
    },
    "silence_rate_20dB": {
        "mean": 1,
        "var": 0
    },
    "silence_rate_30dB": {
        "mean": 0.864406764507,
        "var": 0.117207601666
    },
    "silence_rate_60dB": {
        "mean": 0.423728823662,
        "var": 0.244182750583
    },
    "spectral_centroid": {
        "mean": 4421.32910156,
        "var": 1096258.25
    },
    "spectral_complexity": {
        "mean": 20.9322032928,
        "var": 328.503845215
    },
    "spectral_crest": {
        "mean": 6.87863111496,
        "var": 3.13072609901
    },
    "spectral_decrease": {
        "mean": -3.84719012203e-09,
        "var": 3.22999934044e-17
    },
    "spectral_energy": {
        "mean": 0.029140708968,
        "var": 0.00199554231949
    },
    "spectral_energyband_high": {
        "mean": 0.0202635470778,
        "var": 0.00106793199666
    },
    "spectral_energyband_low": {
        "mean": 2.12333688978e-05,
        "var": 3.92580606912e-10
    },
    "spectral_energyband_middle_high": {
        "mean": 0.0082929385826,
        "var": 0.000134902555146
    },
    "spectral_energyband_middle_low": {
        "mean": 0.000559936685022,
        "var": 2.72628790299e-06
    },
    "spectral_flatness_db": {
        "mean": 0.171173229814,
        "var": 0.000941642967518
    },
    "spectral_flux": {
        "mean": 0.0808699950576,
        "var": 0.00599083630368
    },
    "spectral_kurtosis": {
        "mean": 0.480138272047,
        "var": 0.646331131458
    },
    "spectral_rms": {
        "mean": 0.00393034843728,
        "var": 1.29823247335e-05
    },
    "spectral_rolloff": {
        "mean": 6540.25488281,
        "var": 1602046.875
    },
    "spectral_skewness": {
        "mean": 0.673238098621,
        "var": 0.0754383504391
    },
    "spectral_spread": {
        "mean": 8493625,
        "var": 3.39845971968e+12
    },
    "spectral_strongpeak": {
        "mean": 4.16824865341,
        "var": 26.605386734
    },
    "zerocrossingrate": {
        "mean": 0.212311312556,
        "var": 0.00280957715586
    },
    "barkbands": {
        "mean": [5.16809050168e-05, 3.48704361386e-06, 1.89422522112e-07, 8.24390440357e-07, 2.15145464608e-05, 4.74823355034e-05, 0.0001005613085, 0.000288944720523, 9.40760364756e-05, 1.79032649612e-05, 2.81360535155e-05, 0.000156833979418, 0.000181433730177, 0.000666985812131, 0.000257626641542, 0.000963020138443, 0.000515559280757, 0.00204297970049, 0.00297387572937, 0.00118818087503, 0.00311451265588, 0.00488985376433, 0.00671244086698, 0.00325561058708, 0.00130496465135, 0.000257090548985, 4.94744881507e-06],
        "var": [3.94434529483e-09, 2.14131195414e-11, 5.77225658764e-13, 9.36483442876e-12, 1.4226813505e-08, 1.89268281048e-08, 9.85381447549e-08, 1.05356161839e-06, 3.68957984165e-08, 2.08581862893e-09, 1.8013082137e-09, 1.61836396728e-07, 1.00626543542e-07, 1.9292849629e-06, 1.83903125617e-07, 1.98294219445e-06, 5.15253987032e-07, 5.98235283178e-06, 2.80248896161e-05, 2.81335360341e-06, 2.70834370895e-05, 6.37281991658e-05, 0.00011871681636, 3.19522769132e-05, 6.06622916166e-06, 3.29167846758e-07, 4.19061674251e-10]
    },
    "mfcc": {
        "mean": [-686.285461426, -53.9298934937, -54.4317779541, 8.48883056641, -12.4704446793, -1.49793219566, -22.9836673737, 3.43830657005, -8.00534152985, 8.3922958374, 20.3516407013, 18.4483318329, 10.9433441162],
        "var": [11378.8916016, 941.767883301, 324.443023682, 194.750473022, 121.256538391, 130.462677002, 67.8467636108, 97.3487930298, 96.9404525757, 60.3571815491, 36.3406944275, 70.9240264893, 62.8049697876]
    },
    "sccoeffs": {
        "mean": [-0.650629639626, -0.796584367752, -0.793290674686, -0.764500260353, -0.760338306427, -0.732250392437],
        "var": [0.00812145601958, 0.0037867417559, 0.00133358500898, 0.00190626026597, 0.000758464331739, 0.000854509300552]
    },
    "scvalleys": {
        "mean": [-9.18266105652, -7.47339963913, -7.90158033371, -6.86100053787, -6.63306999207, -7.41215133667],
        "var": [0.738144934177, 1.08370780945, 0.930896043777, 0.664332747459, 1.04680871964, 2.29035663605]
    }
},
"rhythm": {
    "beats_loudness": {
        "mean": 0.0101501895115,
        "var": 7.35649882699e-05
    },
    "bpm": 123.046875,
    "confidence": 0,
    "first_peak_bpm": {
        "mean": 123,
        "var": 0
    },
    "first_peak_spread": {
        "mean": 0,
        "var": 0
    },
    "first_peak_weight": {
        "mean": 1,
        "var": 0
    },
    "onset_rate": 0.748980939388,
    "second_peak_bpm": {
        "mean": 0,
        "var": 0
    },
    "second_peak_spread": {
        "mean": 0,
        "var": 0
    },
    "second_peak_weight": {
        "mean": 0,
        "var": 0
    },
    "beats_loudness_band_ratio": {
        "mean": [0.00513468682766, 0.00149047211744, 0.0104775168002, 0.036802880466, 0.345863193274, 0.611957371235],
        "var": [7.47103786125e-06, 6.44156870067e-08, 5.31049909114e-06, 0.000357463228283, 0.0114638693631, 0.0140080833808]
    },
    "beats_position": [0.476009070873, 0.96362811327],
    "bpm_estimates": [123.046875],
    "bpm_intervals": [0.487619042397],
    "onset_times": [0.0116099771112],
    "histogram": [[0, 0, 0, 0, 0, 0, 0, 0, 0, 0, 0, 0, 0, 0, 0, 0, 0, 0, 0, 0, 0, 0, 0, 0, 0, 0, 0, 0, 0, 0, 0, 0, 0, 0, 0, 0, 0, 0, 0, 0, 0, 0, 0, 0, 0, 0, 0, 0, 0, 0, 0, 0, 0, 0, 0, 0, 0, 0, 0, 0, 0, 0, 0, 0, 0, 0, 0, 0, 0, 0, 0, 0, 0, 0, 0, 0, 0, 0, 0, 0, 0, 0, 0, 0, 0, 0, 0, 0, 0, 0, 0, 0, 0, 0, 0, 0, 0, 0, 0, 0, 0, 0, 0, 0, 0, 0, 0, 0, 0, 0, 0, 0, 0, 0, 0, 0, 0, 0, 0, 0, 0, 0, 0, 1, 0, 0, 0, 0, 0, 0, 0, 0, 0, 0, 0, 0, 0, 0, 0, 0, 0, 0, 0, 0, 0, 0, 0, 0, 0, 0, 0, 0, 0, 0, 0, 0, 0, 0, 0, 0, 0, 0, 0, 0, 0, 0, 0, 0, 0, 0, 0, 0, 0, 0, 0, 0, 0, 0, 0, 0, 0, 0, 0, 0, 0, 0, 0, 0, 0, 0, 0, 0, 0, 0, 0, 0, 0, 0, 0, 0, 0, 0, 0, 0, 0, 0, 0, 0, 0, 0, 0, 0, 0, 0, 0, 0, 0, 0, 0, 0, 0, 0, 0, 0, 0, 0, 0, 0, 0, 0, 0, 0, 0, 0, 0, 0, 0, 0, 0, 0, 0, 0, 0, 0, 0, 0, 0, 0, 0, 0]]
},
"sfx": {
    "inharmonicity": {
        "mean": 0.113377213478,
        "var": 0.0174214206636
    },
    "oddtoevenharmonicenergyratio": {
        "mean": 0.55587220192,
        "var": 0.79532045126
    },
    "pitch_after_max_to_before_max_energy_ratio": 15.711602211,
    "pitch_centroid": 27.7761287689,
    "pitch_max_to_total": 0.0847457647324,
    "pitch_min_to_total": 0.23728813231,
    "tristimulus": {
        "mean": [0.444906175137, 0.215360715985, 0.339733183384],
        "var": [0.211845964193, 0.0753758475184, 0.139580160379]
    }
},
"tonal": {
    "chords_changes_rate": 0.233333334327,
    "chords_number_rate": 0.0666666701436,
    "chords_strength": {
        "mean": 0.469934552908,
        "var": 0.000269781332463
    },
    "key_strength": 0.667814850807,
    "tuning_diatonic_strength": 0.561978816986,
    "tuning_equal_tempered_deviation": 0.231935098767,
    "tuning_frequency": 440.508575439,
    "tuning_nontempered_energy_ratio": 0.900715887547,