{
"metadata": {
    "version": {
        "essentia": "2.1-dev"
    }
},
"lowLevel": {
    "barkbands_kurtosis": {
        "mean": 4.15917873383,
        "var": 3.92750692368
    },
    "dissonance": {
        "mean": 0.496034324169,
        "var": 2.47549014603e-05
    },
    "hfc": {
        "mean": 353.977020264,
        "var": 82671.578125
    },
    "spectral_centroid": {
        "mean": 5393.22216797,
        "var": 117310.632812
    },
    "spectral_complexity": {
        "mean": 39.7307701111,
        "var": 67.6582794189
    },
    "spectral_crest": {
        "mean": 6.535779953,
        "var": 1.40382492542
    },
    "spectral_energyband_high": {
        "mean": 0.0447254776955,
        "var": 0.00135185488034
    },
    "spectral_energyband_low": {
        "mean": 1.95404554688e-05,
        "var": 2.77125378201e-10
    },
    "spectral_kurtosis": {
        "mean": -0.132119625807,
        "var": 0.0440568588674
    },
    "spectral_rolloff": {
        "mean": 7612.81591797,
        "var": 207237
    },
    "spectral_strongpeak": {
        "mean": 8.06436443329,
        "var": 31.6532211304
    },
    "mfcc": {
        "mean": [-585.887023926, -77.3394851685, -45.617099762, -3.06879210472, -18.715379715, -9.21571731567, -27.8551959991, -1.91340577602, -11.2333612442, 8.76531124115, 18.6731452942, 15.4528150558, 7.88500499725],
        "var": [2538.6706543, 474.582458496, 170.063552856, 73.1394805908, 16.2653236389, 39.190700531, 18.3179607391, 62.1909561157, 55.0902290344, 54.8579978943, 26.0427131653, 59.3425521851, 62.2109336853]
    },
    "sccoeffs": {
        "mean": [-0.680907011032, -0.756244003773, -0.796579778194, -0.73113656044, -0.741105318069, -0.71400988102],
        "var": [0.00515986513346, 0.00304979248904, 0.00122909701895, 0.00112821767107, 0.000777277746238, 0.000754123437218]
    }
},
"sfx": {
    "inharmonicity": {
        "mean": 0.124007552862,
        "var": 0.0196346342564
    }
}
}