{"lowlevel.dissonance.mean": [0.6232655048370361], "sfx.inharmonicity.mean": [0.6653874516487122], "lowlevel.spectral_contrast.mean": [[0.29714488983154297, 0.26522529125213623, 0.34743165969848633, 0.8878110647201538, 0.6519989967346191, 0.43555712699890137]], "lowlevel.spectral_centroid.mean": [0.43171823024749756], "lowlevel.mfcc.mean": [[0.2955803871154785, 0.13672107458114624, 0.19334635138511658, 0.2595229148864746, 0.3491777777671814, 0.558361291885376, 0.707687497138977, 0.643159806728363, 0.08937075734138489, 0.34151703119277954, 0.8533753752708435, 0.9647401571273804, 0.7245068550109863]], "sfx.logattacktime.mean": [0.4047112762928009], "lowlevel.hfc.mean": [0.4710986018180847]}