{
"metadata": {
    "version": {
        "essentia": "2.1-dev"
    }
},
"lowLevel": {
    "average_loudness": 0.849583208561,
    "barkbands_kurtosis": {
        "mean": 39.152130127,
        "var": 4692.86621094
    },
    "barkbands_skewness": {
        "mean": 4.34011507034,
        "var": 17.3002071381
    },
    "barkbands_spread": {
        "mean": 12.1622161865,
        "var": 415.767578125
    },
    "dissonance": {
        "mean": 0.457783281803,
        "var": 0.00456375721842
    },
    "hfc": {
        "mean": 12.5159244537,
        "var": 166.125320435
    },
    "pitch": {
        "mean": 1279.2598877,
        "var": 3480622.75
    },
    "pitch_instantaneous_confidence": {
        "mean": 0.620075702667,
        "var": 0.160728007555
    },
    "pitch_salience": {
        "mean": 0.296812236309,
        "var": 0.0245625134557
    },
    "silence_rate_20dB": {
        "mean": 1,
        "var": 0
    },
    "silence_rate_30dB": {
        "mean": 1,
        "var": 0
    },
    "silence_rate_60dB": {
        "mean": 0.504559278488,
        "var": 0.249979525805
    },
    "spectral_centroid": {
        "mean": 1190.58007812,
        "var": 1469253.5
    },
    "spectral_complexity": {
        "mean": 1.50455927849,
        "var": 2.256046772
    },
    "spectral_crest": {
        "mean": 20.8765926361,
        "var": 27.5606060028
    },
    "spectral_decrease": {
        "mean": -1.81695447576e-09,
        "var": 3.51386613726e-18
    },
    "spectral_energy": {
        "mean": 0.00799283571541,
        "var": 6.79226504872e-05
    },
    "spectral_energyband_high": {
        "mean": 0.000178557631443,
        "var": 3.5689584621e-08
    },
    "spectral_energyband_low": {
        "mean": 8.58010835714e-08,
        "var": 2.80271818124e-14
    },
    "spectral_energyband_middle_high": {
        "mean": 0.00781316496432,
        "var": 6.49875219096e-05
    },
    "spectral_energyband_middle_low": {
        "mean": 1.19212245409e-06,
        "var": 2.01809185682e-12
    },
    "spectral_flatness_db": {
        "mean": 0.334368497133,
        "var": 0.0160365663469
    },
    "spectral_flux": {
        "mean": 0.00581703335047,
        "var": 7.34081622795e-05
    },
    "spectral_kurtosis": {
        "mean": 2.80970358849,
        "var": 12.7368965149
    },
    "spectral_rms": {
        "mean": 0.00197011884302,
        "var": 3.91652656617e-06
    },
    "spectral_rolloff": {
        "mean": 1388.72741699,
        "var": 4089279
    },
    "spectral_skewness": {
        "mean": 1.6287368536,
        "var": 0.695341765881
    },
    "spectral_spread": {
        "mean": 19108110,
        "var": 1.96498075681e+14
    },
    "spectral_strongpeak": {
        "mean": 2.98265266418,
        "var": 9.57374000549
    },
    "zerocrossingrate": {
        "mean": 0.0663736015558,
        "var": 0.00198748172261
    },
    "barkbands": {
        "mean": [1.04289121339e-07, 2.42465034717e-08, 8.3087687841e-09, 6.12456130256e-09, 2.36514843266e-08, 1.3718708658e-07, 5.55155452275e-07, 1.02489195797e-07, 2.15719694552e-07, 4.96227721669e-06, 1.84137320502e-06, 2.95047448162e-06, 0.00701165990904, 1.51573954099e-06, 1.10059063445e-05, 1.20901393075e-06, 1.29579157147e-05, 0.000761639268603, 3.06507809e-06, 0.000139720723382, 9.39521953569e-07, 6.46760645395e-06, 2.55923769146e-05, 1.74799890829e-06, 4.03586773245e-06, 3.56460390094e-07, 3.59804880334e-10],
        "var": [1.17363165695e-14, 3.97680401725e-15, 3.38605952291e-15, 5.08009450072e-15, 3.93140245835e-14, 5.53206094757e-14, 5.47288017856e-13, 1.68919003405e-14, 8.85244975197e-14, 5.80198354638e-11, 6.54672193193e-12, 1.7448365669e-11, 5.29716744495e-05, 4.56752214176e-12, 4.82328044171e-09, 2.40360097277e-12, 9.48119538435e-09, 8.64003368406e-07, 1.41046037697e-11, 2.30282353186e-08, 1.44823530338e-12, 1.75687783766e-10, 8.64530336209e-10, 6.78813255606e-12, 2.47174433698e-11, 2.34935606126e-13, 2.59852813054e-18]
    },
    "mfcc": {
        "mean": [-989.014221191, -3.5866818428, -51.6343040466, -15.5426197052, -9.44297981262, 8.93971633911, 12.6276760101, 6.7101225853, -21.1020755768, -5.60890436172, 16.6497211456, 18.1779384613, 6.38282489777],
        "var": [20636.8261719, 153.253875732, 2991.19824219, 380.475646973, 258.542755127, 41.9018707275, 77.6535873413, 39.3609809875, 628.137207031, 124.933120728, 151.905548096, 211.9740448, 44.643409729]
    },
    "sccoeffs": {
        "mean": [-0.782957971096, -0.862828791142, -0.855204045773, -0.67796599865, -0.754897475243, -0.826204776764],
        "var": [0.00585644505918, 0.00224089832045, 0.00428963964805, 0.0471996851265, 0.0233482960612, 0.00783381611109]
    },
    "scvalleys": {
        "mean": [-11.5140228271, -11.2603158951, -10.9503822327, -11.0280437469, -11.6882667542, -12.3890361786],
        "var": [1.09903085232, 4.17260503769, 6.60647583008, 7.22631931305, 5.75779008865, 3.91008806229]
    }
},
"rhythm": {
    "beats_loudness": {
        "mean": 0.00925020221621,
        "var": 7.00803502696e-05
    },
    "bpm": 80.1472015381,
    "confidence": 2.94465041161,
    "first_peak_bpm": {
        "mean": 81,
        "var": 0
    },
    "first_peak_spread": {
        "mean": 0.125,
        "var": 0
    },
    "first_peak_weight": {
        "mean": 0.875,
        "var": 0
    },
    "onset_rate": 0.526759028435,
    "second_peak_bpm": {
        "mean": 0,
        "var": 0
    },
    "second_peak_spread": {
        "mean": 0,
        "var": 0
    },
    "second_peak_weight": {
        "mean": 0,
        "var": 0
    },
    "beats_loudness_band_ratio": {
        "mean": [0.254249453545, 0.00149402709212, 0.00742261623964, 0.617935359478, 0.104326166213, 0.0170354377478],
        "var": [0.159374862909, 9.51346646616e-06, 0.000235000596149, 0.130986765027, 0.00963839422911, 8.98745056475e-05]
    },
    "beats_position": [0.801088392735, 1.57895684242, 2.32199549675, 3.06503391266, 3.8196823597, 4.57433080673, 5.31736946106, 6.04879808426, 6.79183673859],
    "bpm_estimates": [77.1338653564, 80.74949646, 80.7495269775, 79.5072174072, 79.5072174072, 80.74949646, 82.0312423706, 80.74949646],
    "bpm_intervals": [0.777868449688, 0.743038654327, 0.743038415909, 0.754648447037, 0.754648447037, 0.743038654327, 0.731428623199, 0.743038654327],
    "onset_times": [0.406349211931, 2.08979582787, 6.06040811539, 6.53641700745],
    "histogram": [[0, 0, 0, 0, 0, 0, 0, 0, 0, 0, 0, 0, 0, 0, 0, 0, 0, 0, 0, 0, 0, 0, 0, 0, 0, 0, 0, 0, 0, 0, 0, 0, 0, 0, 0, 0, 0, 0, 0, 0, 0, 0, 0, 0, 0, 0, 0, 0, 0, 0, 0, 0, 0, 0, 0, 0, 0, 0, 0, 0, 0, 0, 0, 0, 0, 0, 0, 0, 0, 0, 0, 0, 0, 0, 0, 0, 0, 0.125, 0, 0, 0.25, 0.5, 0.125, 0, 0, 0, 0, 0, 0, 0, 0, 0, 0, 0, 0, 0, 0, 0, 0, 0, 0, 0, 0, 0, 0, 0, 0, 0, 0, 0, 0, 0, 0, 0, 0, 0, 0, 0, 0, 0, 0, 0, 0, 0, 0, 0, 0, 0, 0, 0, 0, 0, 0, 0, 0, 0, 0, 0, 0, 0, 0, 0, 0, 0, 0, 0, 0, 0, 0, 0, 0, 0, 0, 0, 0, 0, 0, 0, 0, 0, 0, 0, 0, 0, 0, 0, 0, 0, 0, 0, 0, 0, 0, 0, 0, 0, 0, 0, 0, 0, 0, 0, 0, 0, 0, 0, 0, 0, 0, 0, 0, 0, 0, 0, 0, 0, 0, 0, 0, 0, 0, 0, 0, 0, 0, 0, 0, 0, 0, 0, 0, 0, 0, 0, 0, 0, 0, 0, 0, 0, 0, 0, 0, 0, 0, 0, 0, 0, 0, 0, 0, 0, 0, 0, 0, 0, 0, 0, 0, 0, 0, 0, 0, 0, 0, 0, 0, 0, 0, 0]]
},
"sfx": {
    "inharmonicity": {
        "mean": 0.0655228495598,
        "var": 0.027898689732
    },
    "oddtoevenharmonicenergyratio": {
        "mean": inf,
        "var": inf
    },
    "pitch_after_max_to_before_max_energy_ratio": 5.87005233765,
    "pitch_centroid": 158.140991211,
    "pitch_max_to_total": 0.0455927066505,
    "pitch_min_to_total": 0.264437675476,
    "tristimulus": {
        "mean": [0.476060777903, 0.304410934448, 0.195212349296],
        "var": [0.104855522513, 0.0311647802591, 0.092365950346]
    }
},
"tonal": {
    "chords_changes_rate": 0.0909090936184,
    "chords_number_rate": 0.0242424234748,
    "chords_strength": {
        "mean": 0.438507407904,
        "var": 0.00171652494464
    },
    "key_strength": 0.567056000233,
    "tuning_diatonic_strength": 0.528250336647,