{
"metadata": {
    "version": {
        "essentia": "2.1-dev"
    }
},
"lowLevel": {
    "barkbands_kurtosis": {
        "mean": 7.58076190948,
        "var": 17.9143486023
    },
    "dissonance": {
        "mean": 0.443692833185,
        "var": 0.00543418573216
    },
    "hfc": {
        "mean": 25.440164566,
        "var": 10.6374597549
    },
    "spectral_centroid": {
        "mean": 1565.60839844,
        "var": 4077.12255859
    },
    "spectral_complexity": {
        "mean": 3.01863360405,
        "var": 0.0182862598449
    },
    "spectral_crest": {
        "mean": 23.71052742,
        "var": 1.61831283569
    },
    "spectral_energyband_high": {
        "mean": 0.000363934756024,
        "var": 5.57406165669e-09
    },
    "spectral_energyband_low": {
        "mean": 8.03240993719e-08,
        "var": 3.61960979988e-15
    },
    "spectral_kurtosis": {
        "mean": 4.49673748016,
        "var": 0.602702260017
    },
    "spectral_rolloff": {
        "mean": 1607.76782227,
        "var": 243549.265625
    },
    "spectral_strongpeak": {
        "mean": 6.04535150528,
        "var": 1.10257411003
    },
    "mfcc": {
        "mean": [-845.161376953, -13.9838590622, -106.356765747, -34.0883979797, -24.9646129608, 11.5807342529, 19.9626407623, 9.62078762054, -46.0189590454, -14.9169206619, 27.9911117554, 31.4390411377, 9.73920822144],
        "var": [98.5212402344, 58.7264785767, 34.519657135, 33.142906189, 43.4490623474, 44.7859230042, 33.7250595093, 40.8345375061, 33.3317451477, 40.2379417419, 34.7814331055, 36.2866096497, 58.3066291809]
    },
    "sccoeffs": {
        "mean": [-0.83234924078, -0.828560471535, -0.800085246563, -0.464186996222, -0.604475915432, -0.740227103233],
        "var": [0.0021082283929, 0.00128152384423, 0.00127032480668, 0.000345180276781, 0.00057303259382, 0.000686437706463]
    }
},
"sfx": {
    "inharmonicity": {
        "mean": 0.00129864143673,
        "var": 0.000229770113947
    }
}
}