{
"metadata": {
    "version": {
        "essentia": "2.1-dev"
    }
},
"lowLevel": {
    "barkbands_kurtosis": {
        "mean": 0.457521498203,
        "var": 0.0573831163347
    },
    "dissonance": {
        "mean": 0.400796830654,
        "var": 0.00141652685124
    },
    "hfc": {
        "mean": 18.2787303925,
        "var": 45.9481086731
    },
    "spectral_centroid": {
        "mean": 1265.96923828,
        "var": 1760.88085938
    },
    "spectral_complexity": {
        "mean": 12.5742578506,
        "var": 0.699931621552
    },
    "spectral_crest": {
        "mean": 6.45157670975,
        "var": 0.808564603329
    },
    "spectral_energyband_high": {
        "mean": 7.15234864401e-06,
        "var": 1.82846182639e-10
    },
    "spectral_energyband_low": {
        "mean": 1.7300527233e-08,
        "var": 1.22960874512e-16
    },
    "spectral_kurtosis": {
        "mean": 40.3512382507,
        "var": 155.338012695
    },
    "spectral_rolloff": {
        "mean": 1677.67077637,
        "var": 8595.0546875
    },
    "spectral_strongpeak": {
        "mean": 2.65607047081,
        "var": 0.200457379222
    },
    "mfcc": {
        "mean": [-766.634338379, 156.03125, -169.38394165, -60.230922699, -28.7207565308, -31.5229244232, -15.7830076218, -25.821187973, -19.1358718872, -19.4518718719, -12.9480438232, -12.0003786087, -18.2191677094],
        "var": [318.696380615, 55.924533844, 46.9729957581, 61.0946884155, 33.0450286865, 19.2169799805, 11.0525617599, 8.62659454346, 6.5155172348, 7.69420003891, 8.99594211578, 7.90988731384, 7.66468238831]
    },
    "sccoeffs": {
        "mean": [-0.453328847885, -0.479055076838, -0.427012652159, -0.511415660381, -0.627001821995, -0.799950957298],
        "var": [0.000676084659062, 0.000754312844947, 0.000800895679276, 0.00075664819451, 0.000290235067951, 0.000409483764088]
    }
},
"sfx": {
    "inharmonicity": {
        "mean": 0.0261494070292,
        "var": 0.000194497333723
    }
}
}