{
"metadata": {
    "version": {
        "essentia": "2.1-dev"
    }
},
"lowLevel": {
    "barkbands_kurtosis": {
        "mean": -1.33224034309,
        "var": 0.0191977228969
    },
    "dissonance": {
        "mean": 0.374523103237,
        "var": 0.00167513976339
    },
    "hfc": {
        "mean": 24.5266685486,
        "var": 53.6488075256
    },
    "spectral_centroid": {
        "mean": 1020.29431152,
        "var": 10176.453125
    },
    "spectral_complexity": {
        "mean": 11.7460317612,
        "var": 1.74502420425
    },
    "spectral_crest": {
        "mean": 7.15997695923,
        "var": 0.587290346622
    },
    "spectral_energyband_high": {
        "mean": 2.15643940464e-05,
        "var": 8.60422427751e-11
    },
    "spectral_energyband_low": {
        "mean": 3.85864905184e-06,
        "var": 4.99876095378e-12
    },
    "spectral_kurtosis": {
        "mean": 19.1883201599,
        "var": 10.3704624176
    },
    "spectral_rolloff": {
        "mean": 1812.890625,
        "var": 41890.8789062
    },
    "spectral_strongpeak": {
        "mean": 3.53890657425,
        "var": 2.3637111187
    },
    "mfcc": {
        "mean": [-698.28302002, 162.145874023, -80.5643920898, -17.3577613831, -6.41395902634, -18.9428348541, -41.8414993286, -29.5896320343, -14.5708589554, -1.49837231636, -5.4812746048, -16.7083301544, -15.1210393906],
        "var": [327.519683838, 76.6593780518, 67.9823760986, 60.2655563354, 49.6150093079, 22.5684146881, 17.0528488159, 20.0956439972, 27.5845279694, 32.0831565857, 30.9943504333, 22.642156601, 15.8340988159]
    },
    "sccoeffs": {
        "mean": [-0.414861083031, -0.391421765089, -0.457718998194, -0.436562359333, -0.638944864273, -0.738963067532],
        "var": [0.0024958087597, 0.00127973826602, 0.000733231543563, 0.000454842840554, 0.000592065101955, 0.000252562313108]
    }
},
"sfx": {
    "inharmonicity": {
        "mean": 0.0231738705188,
        "var": 4.1470520955e-05
    }
}
}