{
"metadata": {
    "version": {
        "essentia": "2.1-dev"
    }
},
"lowLevel": {
    "barkbands_kurtosis": {
        "mean": 0.619421184063,
        "var": 6.40776920319
    },
    "dissonance": {
        "mean": 0.489344090223,
        "var": 0.000984396901913
    },
    "hfc": {
        "mean": 61.5381584167,
        "var": 565.485351562
    },
    "spectral_centroid": {
        "mean": 2853.6784668,
        "var": 167680.71875
    },
    "spectral_complexity": {
        "mean": 2.02339172363,
        "var": 0.0228446330875
    },
    "spectral_crest": {
        "mean": 19.5180130005,
        "var": 9.64626407623
    },
    "spectral_energyband_high": {
        "mean": 3.73340153601e-05,
        "var": 2.92785018452e-10
    },
    "spectral_energyband_low": {
        "mean": 3.96347417109e-07,
        "var": 2.07141338045e-13
    },
    "spectral_kurtosis": {
        "mean": 11.6237220764,
        "var": 7.96468544006
    },
    "spectral_rolloff": {
        "mean": 3568.33618164,
        "var": 138.178985596
    },
    "spectral_strongpeak": {
        "mean": 13.6456575394,
        "var": 36.6867828369
    },
    "mfcc": {
        "mean": [-947.475891113, -48.1885147095, -74.3526763916, 12.0015048981, 29.1022167206, 4.34561395645, 15.8758707047, -34.088760376, -4.19702768326, 77.0841751099, 11.9829759598, -64.6723175049, 16.062953949],
        "var": [409.084106445, 175.035003662, 97.1157455444, 82.9564743042, 123.529594421, 130.089767456, 60.9887619019, 54.2260360718, 55.729133606, 61.6787605286, 27.3841323853, 39.8320274353, 34.1743202209]
    },
    "sccoeffs": {
        "mean": [-0.741710305214, -0.878181517124, -0.887503027916, -0.431431114674, -0.486103624105, -0.73410910368],
        "var": [0.00358966365457, 0.000771758961491, 0.000422973767854, 0.00301457638852, 0.00107294612098, 0.00225326488726]
    }
},
"sfx": {
    "inharmonicity": {
        "mean": 0.00110582902562,
        "var": 1.37030588121e-06
    }
}
}