{
"metadata": {
    "version": {
        "essentia": "2.1-dev"
    }
},
"lowLevel": {
    "average_loudness": 0.983079254627,
    "barkbands_kurtosis": {
        "mean": 1.92258489132,
        "var": 63.5581436157
    },
    "barkbands_skewness": {
        "mean": -0.244966119528,
        "var": 2.22155475616
    },
    "barkbands_spread": {
        "mean": 7.36480045319,
        "var": 165.272460938
    },
    "dissonance": {
        "mean": 0.487747013569,
        "var": 0.00116365414578
    },
    "hfc": {
        "mean": 49.9601287842,
        "var": 986.703918457
    },
    "pitch": {
        "mean": 1642.99072266,
        "var": 157401.984375
    },
    "pitch_instantaneous_confidence": {
        "mean": 0.915983855724,
        "var": 0.0531666055322
    },
    "pitch_salience": {
        "mean": 0.430172562599,
        "var": 0.00910668633878
    },
    "silence_rate_20dB": {
        "mean": 1,
        "var": 0
    },
    "silence_rate_30dB": {
        "mean": 1,
        "var": 0
    },
    "silence_rate_60dB": {
        "mean": 0.148837208748,
        "var": 0.126684993505
    },
    "spectral_centroid": {
        "mean": 2578.37915039,
        "var": 599278.5625
    },
    "spectral_complexity": {
        "mean": 1.72558140755,
        "var": 0.515392363071
    },
    "spectral_crest": {
        "mean": 18.7009963989,
        "var": 18.0072135925
    },
    "spectral_decrease": {
        "mean": -3.38675398837e-09,
        "var": 3.45705744074e-18
    },
    "spectral_energy": {
        "mean": 0.0173139180988,
        "var": 9.45806168602e-05
    },
    "spectral_energyband_high": {
        "mean": 3.07380905724e-05,
        "var": 4.36036318163e-10
    },
    "spectral_energyband_low": {
        "mean": 3.59281699502e-07,
        "var": 1.774038002e-13
    },
    "spectral_energyband_middle_high": {
        "mean": 0.0172823127359,
        "var": 9.43739069044e-05
    },
    "spectral_energyband_middle_low": {
        "mean": 2.03541162591e-07,
        "var": 5.53018121205e-14
    },
    "spectral_flatness_db": {
        "mean": 0.512044012547,
        "var": 0.0238317251205
    },
    "spectral_flux": {
        "mean": 0.0236154198647,
        "var": 0.000340909871738
    },
    "spectral_kurtosis": {
        "mean": 10.7115039825,
        "var": 14.5324211121
    },
    "spectral_rms": {
        "mean": 0.00373479770496,
        "var": 2.94291794489e-06
    },
    "spectral_rolloff": {
        "mean": 3318.41259766,
        "var": 666004.1875
    },
    "spectral_skewness": {
        "mean": 2.80301403999,
        "var": 0.207794159651
    },
    "spectral_spread": {
        "mean": 5740472.5,
        "var": 1.63896203674e+13
    },
    "spectral_strongpeak": {
        "mean": 11.1583852768,
        "var": 54.5128097534
    },
    "zerocrossingrate": {
        "mean": 0.133039608598,
        "var": 0.00144499051385
    },
    "barkbands": {
        "mean": [6.34202592664e-07, 7.23427007188e-08, 2.29756835779e-09, 1.38587386012e-09, 8.01257815652e-09, 2.82540533192e-08, 2.42318343169e-08, 3.59573988362e-08, 8.58519797475e-08, 9.03130015217e-08, 9.4660016714e-08, 8.59360866912e-08, 9.72436353663e-08, 1.62486662703e-06, 0.00663820048794, 4.32878152878e-07, 3.20609444771e-07, 2.15127471392e-07, 0.0106407999992, 4.93902064136e-07, 2.80598470681e-07, 9.52046229941e-06, 6.61251215206e-06, 8.04934188636e-06, 2.05321157409e-06, 4.04475076721e-06, 2.87255037534e-08],
        "var": [8.45709570083e-13, 4.97669676533e-15, 5.26779550629e-18, 2.547326271e-18, 1.57689675336e-16, 9.30607909391e-15, 1.31330139719e-15, 3.23121681796e-15, 1.20944759809e-14, 9.82223047878e-15, 1.21413473961e-14, 1.10875113547e-14, 1.00387177005e-14, 7.3941443246e-11, 2.82596520265e-05, 1.57396434753e-13, 6.66223871318e-14, 2.6299107545e-14, 7.46846635593e-05, 1.37772470299e-13, 2.0473949142e-13, 1.30104788054e-10, 2.49768435101e-11, 3.62316183999e-11, 2.70232512582e-12, 9.92281430634e-12, 7.45507324087e-15]
    },
    "mfcc": {
        "mean": [-972.984741211, -37.4230575562, -64.1876144409, 10.5709981918, 26.4216709137, 4.97333288193, 13.5332221985, -29.1723747253, -2.27406954765, 67.3869171143, 11.3473052979, -54.8789978027, 14.4953603745],
        "var": [3947.72314453, 664.128112793, 745.329956055, 82.3830413818, 146.610412598, 115.498085022, 80.9999237061, 198.909408569, 68.9591369629, 545.035522461, 29.1392002106, 572.106079102, 48.0965156555]
    },
    "sccoeffs": {
        "mean": [-0.747139513493, -0.878336071968, -0.888332188129, -0.490905195475, -0.545560479164, -0.758055150509],
        "var": [0.00370255531743, 0.00082260358613, 0.000431096035754, 0.0224659573287, 0.0178234577179, 0.00445699272677]
    },
    "scvalleys": {
        "mean": [-11.0841369629, -10.6909360886, -10.2900533676, -9.88979721069, -10.2899751663, -11.6339321136],
        "var": [0.176461488008, 0.390775054693, 0.623586237431, 0.730032086372, 0.864592671394, 1.09640479088]
    }
},
"rhythm": {
    "beats_loudness": {
        "mean": 0.0220693983138,
        "var": 5.548435729e-05
    },
    "bpm": 150.551467896,
    "confidence": 0,
    "first_peak_bpm": {
        "mean": 152,
        "var": 0
    },
    "first_peak_spread": {
        "mean": 0.33333337307,
        "var": 0
    },
    "first_peak_weight": {
        "mean": 0.40000000596,
        "var": 0
    },
    "onset_rate": 1.61250519753,
    "second_peak_bpm": {
        "mean": 140,
        "var": 0
    },
    "second_peak_spread": {
        "mean": 0.5,
        "var": 0
    },
    "second_peak_weight": {
        "mean": 0.20000000298,
        "var": 0
    },
    "beats_loudness_band_ratio": {
        "mean": [4.31144362665e-05, 2.14847955249e-06, 9.1437723313e-06, 4.06801955251e-05, 0.457274228334, 0.542641758919],
        "var": [8.36560654083e-10, 8.73718718902e-12, 4.88835846801e-11, 9.35492461274e-10, 0.0814679786563, 0.0814777761698]
    },
    "beats_position": [0.371519267559, 0.766258478165, 1.16099774837, 1.5673469305, 1.97369611263, 2.36843538284, 2.76317453384, 3.1811337471, 3.59909296036, 4.02866220474, 4.45823097229],
    "bpm_estimates": [151.999084473, 151.999069214, 147.656265259, 147.656265259, 151.999069214, 151.99911499],
    "bpm_intervals": [0.394739210606, 0.39473927021, 0.406349182129, 0.406349182129, 0.39473927021, 0.394739151001, 0.417959213257, 0.417959213257, 0.429569244385, 0.429568767548],
    "onset_times": [0.0348299331963, 0.27863946557, 0.673378705978, 0.986848056316, 1.369977355, 2.08979582787, 2.35682535172, 2.51936507225],
    "histogram": [[0, 0, 0, 0, 0, 0, 0, 0, 0, 0, 0, 0, 0, 0, 0, 0, 0, 0, 0, 0, 0, 0, 0, 0, 0, 0, 0, 0, 0, 0, 0, 0, 0, 0, 0, 0, 0, 0, 0, 0, 0, 0, 0, 0, 0, 0, 0, 0, 0, 0, 0, 0, 0, 0, 0, 0, 0, 0, 0, 0, 0, 0, 0, 0, 0, 0, 0, 0, 0, 0, 0, 0, 0, 0, 0, 0, 0, 0, 0, 0, 0, 0, 0, 0, 0, 0, 0, 0, 0, 0, 0, 0, 0, 0, 0, 0, 0, 0, 0, 0, 0, 0, 0, 0, 0, 0, 0, 0, 0, 0, 0, 0, 0, 0, 0, 0, 0, 0, 0, 0, 0, 0, 0, 0, 0, 0, 0, 0, 0, 0, 0, 0, 0, 0, 0, 0, 0, 0, 0, 0, 0.20000000298, 0, 0, 0, 0.20000000298, 0, 0, 0, 0.20000000298, 0, 0, 0, 0.40000000596, 0, 0, 0, 0, 0, 0, 0, 0, 0, 0, 0, 0, 0, 0, 0, 0, 0, 0, 0, 0, 0, 0, 0, 0, 0, 0, 0, 0, 0, 0, 0, 0, 0, 0, 0, 0, 0, 0, 0, 0, 0, 0, 0, 0, 0, 0, 0, 0, 0, 0, 0, 0, 0, 0, 0, 0, 0, 0, 0, 0, 0, 0, 0, 0, 0, 0, 0, 0, 0, 0, 0, 0, 0, 0, 0, 0, 0, 0, 0, 0, 0, 0, 0, 0, 0, 0, 0, 0, 0, 0, 0, 0, 0, 0, 0, 0, 0]]
},
"sfx": {
    "inharmonicity": {
        "mean": 0.0150290969759,
        "var": 0.00249582412653
    },
    "oddtoevenharmonicenergyratio": {
        "mean": 2.54731416702,
        "var": 8.54085922241
    },
    "pitch_after_max_to_before_max_energy_ratio": 0.0776190310717,
    "pitch_centroid": 107.294692993,
    "pitch_max_to_total": 0.888372063637,
    "pitch_min_to_total": 0.953488349915,
    "tristimulus": {
        "mean": [0.431864440441, 0.526650249958, 0.0414853692055],
        "var": [0.03167289868, 0.0280305501074, 0.0226931702346]
    }
},
"tonal": {
    "chords_changes_rate": 0.0925925895572,
    "chords_number_rate": 0.0185185186565,