{"lowlevel.dissonance.mean": [0.5674318075180054], "sfx.inharmonicity.mean": [0.2902211546897888], "lowlevel.spectral_contrast.mean": [[0.7264626622200012, 0.7441390752792358, 0.9158010482788086, 0.5943243503570557, 0.6022987365722656, 0.47071290016174316]], "lowlevel.spectral_centroid.mean": [0.3438236713409424], "lowlevel.mfcc.mean": [[0.34159231185913086, 0.6505389213562012, 0.4246295094490051, 0.15894551575183868, 0.40824413299560547, 0.4507102072238922, 0.6942930817604065, 0.9064227342605591, 1.071906566619873, 0.92264324426651, 0.4483886957168579, -0.1098756194114685, -0.08933895826339722]], "sfx.logattacktime.mean": [0.2660957872867584], "lowlevel.hfc.mean": [0.46532970666885376]}