{"lowlevel.dissonance.mean": [0.27755773067474365], "sfx.inharmonicity.mean": [0.6540262699127197], "lowlevel.spectral_contrast.mean": [[0.21162009239196777, 0.48964083194732666, 0.2708001136779785, 0.2687654495239258, 0.300586462020874, 0.23927569389343262]], "lowlevel.spectral_centroid.mean": [0.3553585112094879], "lowlevel.mfcc.mean": [[0.30424630641937256, 0.5547010898590088, 0.6382603049278259, 0.43009069561958313, 0.5121074318885803, 0.47999337315559387, 0.34766602516174316, 0.3126372694969177, 0.37548506259918213, 0.2817574739456177, 0.2719082832336426, 0.3804948031902313, 0.5477489829063416]], "sfx.logattacktime.mean": [0.11090922355651855], "lowlevel.hfc.mean": [0.4651440680027008]}