{
"metadata": {
    "version": {
        "essentia": "2.1-dev"
    }
},
"lowLevel": {
    "average_loudness": 0.99068403244,
    "barkbands_kurtosis": {
        "mean": 12.7853269577,
        "var": 133.709716797
    },
    "barkbands_skewness": {
        "mean": 1.77784395218,
        "var": 0.713267743587
    },
    "barkbands_spread": {
        "mean": 9.5107383728,
        "var": 124.35471344
    },
    "dissonance": {
        "mean": 0.35773563385,
        "var": 0.0175301600248
    },
    "hfc": {
        "mean": 0.147736564279,
        "var": 0.0747565999627
    },
    "pitch": {
        "mean": 312.051544189,
        "var": 6961.69189453
    },
    "pitch_instantaneous_confidence": {
        "mean": 0.505715608597,
        "var": 0.0692487880588
    },
    "pitch_salience": {
        "mean": 0.579889118671,
        "var": 0.0387753769755
    },
    "silence_rate_20dB": {
        "mean": 1,
        "var": 0
    },
    "silence_rate_30dB": {
        "mean": 1,
        "var": 0
    },
    "silence_rate_60dB": {
        "mean": 1,
        "var": 0
    },
    "spectral_centroid": {
        "mean": 489.842559814,
        "var": 117926.453125
    },
    "spectral_complexity": {
        "mean": 0.727272748947,
        "var": 2.19834661484
    },
    "spectral_crest": {
        "mean": 14.6061286926,
        "var": 42.653629303
    },
    "spectral_decrease": {
        "mean": -8.0113103651e-11,
        "var": 2.68244914505e-20
    },
    "spectral_energy": {
        "mean": 0.000315765501,
        "var": 4.13256742604e-07
    },
    "spectral_energyband_high": {
        "mean": 1.32591821966e-06,
        "var": 3.68466845577e-12
    },
    "spectral_energyband_low": {
        "mean": 4.1471208533e-05,
        "var": 6.06476646681e-09
    },
    "spectral_energyband_middle_high": {
        "mean": 4.02477235184e-05,
        "var": 5.91007154327e-09
    },
    "spectral_energyband_middle_low": {
        "mean": 0.000247505609877,
        "var": 2.69803109632e-07
    },
    "spectral_flatness_db": {
        "mean": 0.193733155727,
        "var": 0.00775215029716
    },
    "spectral_flux": {
        "mean": 0.0107587352395,
        "var": 0.000157659320394
    },
    "spectral_kurtosis": {
        "mean": 11.2125921249,
        "var": 67.913192749
    },
    "spectral_rms": {
        "mean": 0.000352587201633,
        "var": 1.83746138305e-07
    },
    "spectral_rolloff": {
        "mean": 687.104919434,
        "var": 335657.5
    },
    "spectral_skewness": {
        "mean": 3.09055995941,
        "var": 1.15222132206
    },
    "spectral_spread": {
        "mean": 15134909,
        "var": 7.85563107983e+13
    },
    "spectral_strongpeak": {
        "mean": 0.0562008023262,
        "var": 0.00759945809841
    },
    "zerocrossingrate": {
        "mean": 0.0196644179523,
        "var": 3.0608211091e-05
    },
    "barkbands": {
        "mean": [2.05024957722e-06, 3.28972168973e-06, 2.19056491915e-05, 2.17606630031e-05, 2.23404276767e-05, 0.000171795545612, 9.07039702724e-06, 8.22982110549e-06, 1.30927892315e-05, 1.36434155138e-05, 8.81477080839e-06, 8.18683201942e-06, 2.45876526606e-06, 2.85139844891e-06, 2.29959096032e-06, 1.42110866364e-06, 5.5412635902e-07, 4.09441355487e-07, 1.75583551254e-07, 2.18325297396e-07, 2.55463845633e-07, 1.86974546068e-07, 1.62433991591e-07, 1.77428148618e-07, 1.33667839464e-07, 1.60411843808e-07, 1.14350434899e-07],
        "var": [6.23522934673e-12, 1.51456468894e-11, 1.90375493148e-09, 1.87730542223e-09, 2.12812167888e-09, 1.50910921093e-07, 2.21480625506e-10, 2.81598050433e-10, 6.28871676955e-10, 9.42166789031e-10, 2.65239774588e-10, 3.42793876618e-10, 1.77610374325e-11, 2.79520729479e-11, 2.00068902417e-11, 6.97205747996e-12, 7.25389149789e-13, 4.88836401913e-13, 8.05493299556e-14, 1.29692643343e-13, 1.58304101707e-13, 6.50092230482e-14, 4.91580009392e-14, 6.53949347473e-14, 3.74394864612e-14, 5.40132818843e-14, 4.40677564426e-14]
    },
    "mfcc": {
        "mean": [-986.679260254, 109.942115784, 28.7407531738, 4.13188123703, 2.52593994141, 1.23638391495, -9.31381130219, -8.71019268036, -6.48181343079, -8.81358623505, -9.95210933685, -3.97972393036, 1.36063623428],
        "var": [10913.9746094, 2739.27978516, 289.434112549, 384.168670654, 59.7400550842, 94.4356994629, 43.0215797424, 68.3368759155, 63.8023109436, 20.2113056183, 41.741519928, 47.9409675598, 16.4008102417]
    },
    "sccoeffs": {
        "mean": [-0.833443582058, -0.75595420599, -0.886970281601, -0.884449601173, -0.879549443722, -0.901251196861],
        "var": [0.00633369432762, 0.0127331195399, 0.00117778894491, 0.00169204035774, 0.000478853209643, 0.000895528646652]
    },
    "scvalleys": {
        "mean": [-8.16146469116, -8.73696708679, -9.17548847198, -10.1955251694, -11.6827812195, -12.461566925],
        "var": [1.48413276672, 2.95117259026, 3.99090194702, 3.74769449234, 3.80957126617, 3.98499369621]
    }
},
"rhythm": {
    "bpm": 0,
    "confidence": 0,
    "first_peak_bpm": {
        "mean": 0,
        "var": 0
    },
    "first_peak_spread": {
        "mean": 0,
        "var": 0
    },
    "first_peak_weight": {
        "mean": 0,
        "var": 0
    },
    "onset_rate": 9.06568050385,
    "second_peak_bpm": {
        "mean": 0,
        "var": 0
    },
    "second_peak_spread": {
        "mean": 0,
        "var": 0
    },
    "second_peak_weight": {
        "mean": 0,
        "var": 0
    },
    "beats_position": [],
    "bpm_estimates": [],
    "bpm_intervals": [],
    "onset_times": [0.0116099771112, 0.220589563251],
    "histogram": [[0, 0, 0, 0, 0, 0, 0, 0, 0, 0, 0, 0, 0, 0, 0, 0, 0, 0, 0, 0, 0, 0, 0, 0, 0, 0, 0, 0, 0, 0, 0, 0, 0, 0, 0, 0, 0, 0, 0, 0, 0, 0, 0, 0, 0, 0, 0, 0, 0, 0, 0, 0, 0, 0, 0, 0, 0, 0, 0, 0, 0, 0, 0, 0, 0, 0, 0, 0, 0, 0, 0, 0, 0, 0, 0, 0, 0, 0, 0, 0, 0, 0, 0, 0, 0, 0, 0, 0, 0, 0, 0, 0, 0, 0, 0, 0, 0, 0, 0, 0, 0, 0, 0, 0, 0, 0, 0, 0, 0, 0, 0, 0, 0, 0, 0, 0, 0, 0, 0, 0, 0, 0, 0, 0, 0, 0, 0, 0, 0, 0, 0, 0, 0, 0, 0, 0, 0, 0, 0, 0, 0, 0, 0, 0, 0, 0, 0, 0, 0, 0, 0, 0, 0, 0, 0, 0, 0, 0, 0, 0, 0, 0, 0, 0, 0, 0, 0, 0, 0, 0, 0, 0, 0, 0, 0, 0, 0, 0, 0, 0, 0, 0, 0, 0, 0, 0, 0, 0, 0, 0, 0, 0, 0, 0, 0, 0, 0, 0, 0, 0, 0, 0, 0, 0, 0, 0, 0, 0, 0, 0, 0, 0, 0, 0, 0, 0, 0, 0, 0, 0, 0, 0, 0, 0, 0, 0, 0, 0, 0, 0, 0, 0, 0, 0, 0, 0, 0, 0, 0, 0, 0, 0, 0, 0, 0, 0, 0, 0, 0, 0]]
},
"sfx": {
    "inharmonicity": {
        "mean": 0.111088939011,
        "var": 0.0803794711828
    },
    "oddtoevenharmonicenergyratio": {
        "mean": 3.09347590158e+37,
        "var": inf
    },
    "pitch_after_max_to_before_max_energy_ratio": 1.60744023323,
    "pitch_centroid": 4.48389434814,
    "pitch_max_to_total": 0.272727280855,
    "pitch_min_to_total": 0.818181812763,
    "tristimulus": {
        "mean": [0.624799847603, 0.192457333207, 0.0918337032199],
        "var": [0.0729363262653, 0.0248149111867, 0.00291739869863]
    }
},
"tonal": {
    "chords_changes_rate": 0,
    "chords_number_rate": 0.166666671634,
    "chords_strength": {
        "mean": 0.447281330824,
        "var": 8.881784197e-16
    },
    "key_strength": 0.523423135281,
    "tuning_diatonic_strength": 0.344900995493,
    "tuning_equal_tempered_deviation": 0.223911896348,
    "tuning_frequency": 432.191345215,
    "tuning_nontempered_energy_ratio": 0.780811727047,
    "hpcp": {
        "mean": [0.0398101322353, 0.0241842772812, 0.0380032323301, 0.0424007363617, 0.097038038075, 0.135744899511, 0.104375220835, 0.105755329132, 0.162388205528, 0.153480365872, 0.0724799707532, 0.0323869585991, 0.0407640524209, 0.0907914638519, 0.0978051051497, 0.0591597110033, 0.088110588491, 0.105103194714, 0.0707015916705, 0.0505252033472, 0.0535638071597, 0.107376776636, 0.146516263485, 0.546063840389, 0.939814031124, 0.503604710102, 0.0761439725757, 0.12594512105, 0.212581336498, 0.243420779705, 0.171373009682, 0.0832459330559, 0.0401719883084, 0.0207885559648, 0.0490243248641, 0.0706871077418],