{"lowlevel.dissonance.mean": [0.23016393184661865], "sfx.inharmonicity.mean": [0.22387757897377014], "lowlevel.spectral_contrast.mean": [[0.8007503747940063, 0.9713635444641113, 1.057187557220459, 0.8374868631362915, 0.8407940864562988, 0.5463621616363525]], "lowlevel.spectral_centroid.mean": [0.3575578033924103], "lowlevel.mfcc.mean": [[0.5207221508026123, 0.52813321352005, 0.2516094446182251, 0.5525344014167786, 0.392991840839386, 0.3351973295211792, 0.527408242225647, 0.4818820655345917, 0.5441058874130249, 0.4517875611782074, 0.3596593141555786, 0.5529240369796753, 0.3923714756965637]], "sfx.logattacktime.mean": [0.5318756103515625], "lowlevel.hfc.mean": [0.48001283407211304]}