{
"metadata": {
    "version": {
        "essentia": "2.1-dev"
    }
},
"lowLevel": {
    "barkbands_kurtosis": {
        "mean": 5.77426528931,
        "var": 9.55903148651
    },
    "dissonance": {
        "mean": 0.497321605682,
        "var": 8.44908845465e-06
    },
    "hfc": {
        "mean": 408.386474609,
        "var": 189408.421875
    },
    "spectral_centroid": {
        "mean": 5023.72412109,
        "var": 214807.359375
    },
    "spectral_complexity": {
        "mean": 39.1666679382,
        "var": 65.5555648804
    },
    "spectral_crest": {
        "mean": 6.49155664444,
        "var": 2.98681712151
    },
    "spectral_energyband_high": {
        "mean": 0.0498930066824,
        "var": 0.00301693566144
    },
    "spectral_energyband_low": {
        "mean": 7.79170150054e-05,
        "var": 3.00605251802e-09
    },
    "spectral_kurtosis": {
        "mean": -0.0233818199486,
        "var": 0.0795938968658
    },
    "spectral_rolloff": {
        "mean": 7236.05273438,
        "var": 190281.421875
    },
    "spectral_strongpeak": {
        "mean": 7.9432053566,
        "var": 30.1674404144
    },
    "mfcc": {
        "mean": [-590.85345459, -82.4620666504, -56.9260253906, 5.03865146637, -8.67510318756, 3.04224133492, -17.9687328339, 9.63049983978, -7.60879182816, 9.81967449188, 12.2285070419, 13.3533325195, 12.6330757141],
        "var": [3973.21972656, 460.643707275, 324.891082764, 39.1220207214, 40.459651947, 90.2291793823, 91.5089645386, 89.6870803833, 62.8747711182, 62.5808982849, 42.8706245422, 82.3144760132, 75.3646392822]
    },
    "sccoeffs": {
        "mean": [-0.599196851254, -0.758450508118, -0.771766662598, -0.735040187836, -0.733176648617, -0.694341123104],
        "var": [0.00860219355673, 0.0015053661773, 0.00101720064413, 0.00273711699992, 0.000936758238822, 0.000577758997679]
    }
},
"sfx": {
    "inharmonicity": {
        "mean": 0.0727228671312,
        "var": 0.0122186094522
    }
}
}