{
"metadata": {
    "version": {
        "essentia": "2.1-dev"
    }
},
"lowLevel": {
    "barkbands_kurtosis": {
        "mean": -0.0923318341374,
        "var": 6.37816047668
    },
    "dissonance": {
        "mean": 0.467540383339,
        "var": 0.00223578535952
    },
    "hfc": {
        "mean": 118.925086975,
        "var": 2737.04321289
    },
    "spectral_centroid": {
        "mean": 2776.3996582,
        "var": 1242044.125
    },
    "spectral_complexity": {
        "mean": 47.7777786255,
        "var": 96.1728286743
    },
    "spectral_crest": {
        "mean": 6.37097120285,
        "var": 3.15169978142
    },
    "spectral_energyband_high": {
        "mean": 0.0107933497056,
        "var": 2.16479602386e-05
    },
    "spectral_energyband_low": {
        "mean": 0.000228015444009,
        "var": 8.04236321983e-08
    },
    "spectral_kurtosis": {
        "mean": -0.138749465346,
        "var": 3.24445605278
    },
    "spectral_rolloff": {
        "mean": 5476.61132812,
        "var": 5390936.5
    },
    "spectral_strongpeak": {
        "mean": 0.81339430809,
        "var": 0.124952502549
    },
    "mfcc": {
        "mean": [-542.765869141, 22.0970306396, -11.6061906815, 3.11109566689, -25.9060192108, -29.8631019592, -22.6591720581, -21.7360839844, -18.4272994995, -12.0039625168, -22.2281627655, -12.9646320343, -20.7215499878],
        "var": [1917.46350098, 1283.10766602, 75.7426834106, 133.136413574, 128.564865112, 55.6874160767, 42.1136436462, 62.8599052429, 58.1920585632, 43.7009658813, 15.6089057922, 21.3140487671, 23.7802047729]
    },
    "sccoeffs": {
        "mean": [-0.362333983183, -0.709245681763, -0.752951800823, -0.775862514973, -0.7903175354, -0.773374557495],
        "var": [0.00167938985396, 0.00383382034488, 0.0085188196972, 0.0028074902948, 0.000365640764358, 0.00035594124347]
    }
},
"sfx": {
    "inharmonicity": {
        "mean": 0.0659412443638,
        "var": 0.00558855663985
    }
}
}