{
"metadata": {
    "version": {
        "essentia": "2.1-dev"
    }
},
"lowLevel": {
    "average_loudness": 0.99068403244,
    "barkbands_kurtosis": {
        "mean": 137.06288147,
        "var": 27964.0488281
    },
    "barkbands_skewness": {
        "mean": 5.61533403397,
        "var": 34.4261550903
    },
    "barkbands_spread": {
        "mean": 15.3584117889,
        "var": 449.238372803
    },
    "dissonance": {
        "mean": 0.356809556484,
        "var": 0.0149238789454
    },
    "hfc": {
        "mean": 14.3672990799,
        "var": 1678.1751709
    },
    "pitch": {
        "mean": 560.452697754,
        "var": 1218288.625
    },
    "pitch_instantaneous_confidence": {
        "mean": 0.664092123508,
        "var": 0.0938115790486
    },
    "pitch_salience": {
        "mean": 0.267645150423,
        "var": 0.0877048820257
    },
    "silence_rate_20dB": {
        "mean": 1,
        "var": 0
    },
    "silence_rate_30dB": {
        "mean": 0.975609779358,
        "var": 0.023795330897
    },
    "silence_rate_60dB": {
        "mean": 0.829268276691,
        "var": 0.141582176089
    },
    "spectral_centroid": {
        "mean": 1908.90014648,
        "var": 10625738
    },
    "spectral_complexity": {
        "mean": 6.30487823486,
        "var": 238.57824707
    },
    "spectral_crest": {
        "mean": 17.4582424164,
        "var": 54.6343193054
    },
    "spectral_decrease": {
        "mean": -1.69928515703e-09,
        "var": 4.85420685437e-17
    },
    "spectral_energy": {
        "mean": 0.00771664548665,
        "var": 0.000868537637871
    },
    "spectral_energyband_high": {
        "mean": 0.00133470632136,
        "var": 1.38103350764e-05
    },
    "spectral_energyband_low": {
        "mean": 2.53046582657e-05,
        "var": 1.38937545913e-08
    },
    "spectral_energyband_middle_high": {
        "mean": 0.0022904346697,
        "var": 8.64669273142e-05
    },
    "spectral_energyband_middle_low": {
        "mean": 0.00424842117354,
        "var": 0.000365404703189
    },
    "spectral_flatness_db": {
        "mean": 0.377830713987,
        "var": 0.0373672582209
    },
    "spectral_flux": {
        "mean": 0.0246718954295,
        "var": 0.00480143772438
    },
    "spectral_kurtosis": {
        "mean": 16.2532043457,
        "var": 1026.78857422
    },
    "spectral_rms": {
        "mean": 0.00105712818913,
        "var": 6.41091355646e-06
    },
    "spectral_rolloff": {
        "mean": 3369.41845703,
        "var": 32330024
    },
    "spectral_skewness": {
        "mean": 2.50391125679,
        "var": 7.78825569153
    },
    "spectral_spread": {
        "mean": 10434559,
        "var": 1.07694702723e+14
    },
    "spectral_strongpeak": {
        "mean": 0.137687429786,
        "var": 0.0782576724887
    },
    "zerocrossingrate": {
        "mean": 0.104879237711,
        "var": 0.0240789502859
    },
    "barkbands": {
        "mean": [6.02631899937e-08, 6.81475796682e-07, 5.07428740093e-06, 0.000174847038579, 0.00137103605084, 0.000224030285608, 0.00118334882427, 0.000402762612794, 0.000664852152113, 0.00101254705805, 6.44564861432e-05, 0.000103333841253, 6.61434751237e-05, 0.000100668585219, 0.000145089245052, 0.000106367886474, 0.000149877974764, 0.000171628431417, 0.00026553258067, 0.000328061898472, 0.000405380735174, 0.000154281849973, 0.000228217875701, 0.00028671824839, 0.000101646553958, 5.47792522454e-09, 5.49575984721e-09],
        "var": [1.19134804561e-13, 1.28931943247e-11, 7.23114457202e-10, 4.05845980822e-07, 3.10590439767e-05, 7.76224339916e-07, 4.76857494505e-05, 4.19203934143e-06, 2.62185367319e-05, 4.41802949354e-05, 8.30182997902e-08, 1.89441962561e-07, 1.02904522237e-07, 1.68243630583e-07, 2.87701482193e-07, 1.19478272609e-07, 2.0865260808e-07, 1.98419314756e-07, 7.29180555936e-07, 9.29705379349e-07, 1.35273694468e-06, 2.01551856094e-07, 3.8094589172e-07, 6.90903959821e-07, 8.33308462234e-08, 2.1632247385e-15, 2.20371693678e-15]
    },
    "mfcc": {
        "mean": [-1011.27703857, 21.6178245544, 12.3774414062, 12.6459512711, 1.33951866627, -4.67802095413, -7.05572891235, -9.59858417511, -11.297785759, -11.7074651718, -15.4393043518, -14.2535657883, -16.1454696655],
        "var": [43337.5703125, 712.273620605, 353.26940918, 119.192016602, 145.593231201, 166.184570312, 129.344268799, 130.087539673, 111.404388428, 89.5062408447, 121.219963074, 99.8797302246, 104.669204712]
    },
    "sccoeffs": {
        "mean": [-0.528173863888, -0.792875170708, -0.843976676464, -0.878106176853, -0.889356851578, -0.897611200809],
        "var": [0.0347798056901, 0.0114752948284, 0.00958547741175, 0.00376242189668, 0.0026995013468, 0.00343704270199]
    },
    "scvalleys": {
        "mean": [-14.1203050613, -13.5528774261, -13.7302398682, -14.0133504868, -14.0233840942, -14.2892532349],
        "var": [25.1056861877, 31.9204216003, 30.4178466797, 29.9243812561, 31.032371521, 28.5572547913]
    }
},
"rhythm": {
    "beats_loudness": {
        "mean": 0.000674493901897,
        "var": 1.63944298492e-06
    },
    "bpm": 198.768051147,
    "confidence": 0,
    "first_peak_bpm": {
        "mean": 199,
        "var": 0
    },
    "first_peak_spread": {
        "mean": 0,
        "var": 0
    },
    "first_peak_weight": {
        "mean": 0.75,
        "var": 0
    },
    "onset_rate": 0.5333365798,
    "second_peak_bpm": {
        "mean": 207,
        "var": 0
    },
    "second_peak_spread": {
        "mean": 0,
        "var": 0
    },
    "second_peak_weight": {
        "mean": 0.25,
        "var": 0
    },
    "beats_loudness_band_ratio": {
        "mean": [0.799196779728, 0.619187533855, 0.00689191091806, 0.00335280969739, 0.0209786649793, 0.0721895843744],
        "var": [0.0361615046859, 0.0155393648893, 0.000137631606776, 3.31537412421e-05, 0.0016772756353, 0.0198065824807]
    },
    "beats_position": [0.290249437094, 0.592108845711, 0.893968224525, 1.18421769142, 1.48607707024],
    "bpm_estimates": [198.768035889, 198.768051147, 198.768051147],
    "bpm_intervals": [0.301859408617, 0.301859378815, 0.290249466896, 0.301859378815],
    "onset_times": [0.0116099771112],
    "histogram": [[0, 0, 0, 0, 0, 0, 0, 0, 0, 0, 0, 0, 0, 0, 0, 0, 0, 0, 0, 0, 0, 0, 0, 0, 0, 0, 0, 0, 0, 0, 0, 0, 0, 0, 0, 0, 0, 0, 0, 0, 0, 0, 0, 0, 0, 0, 0, 0, 0, 0, 0, 0, 0, 0, 0, 0, 0, 0, 0, 0, 0, 0, 0, 0, 0, 0, 0, 0, 0, 0, 0, 0, 0, 0, 0, 0, 0, 0, 0, 0, 0, 0, 0, 0, 0, 0, 0, 0, 0, 0, 0, 0, 0, 0, 0, 0, 0, 0, 0, 0, 0, 0, 0, 0, 0, 0, 0, 0, 0, 0, 0, 0, 0, 0, 0, 0, 0, 0, 0, 0, 0, 0, 0, 0, 0, 0, 0, 0, 0, 0, 0, 0, 0, 0, 0, 0, 0, 0, 0, 0, 0, 0, 0, 0, 0, 0, 0, 0, 0, 0, 0, 0, 0, 0, 0, 0, 0, 0, 0, 0, 0, 0, 0, 0, 0, 0, 0, 0, 0, 0, 0, 0, 0, 0, 0, 0, 0, 0, 0, 0, 0, 0, 0, 0, 0, 0, 0, 0, 0, 0, 0, 0, 0, 0, 0, 0, 0, 0, 0, 0.75, 0, 0, 0, 0, 0, 0, 0, 0.25, 0, 0, 0, 0, 0, 0, 0, 0, 0, 0, 0, 0, 0, 0, 0, 0, 0, 0, 0, 0, 0, 0, 0, 0, 0, 0, 0, 0, 0, 0, 0, 0, 0, 0, 0, 0, 0, 0, 0, 0, 0, 0]]
},
"sfx": {
    "inharmonicity": {
        "mean": 0.0306774228811,
        "var": 0.00463454658166
    },
    "oddtoevenharmonicenergyratio": {
        "mean": 0.185285016894,
        "var": 0.186157137156
    },
    "pitch_after_max_to_before_max_energy_ratio": 1.0438529253,
    "pitch_centroid": 27.884469986,
    "pitch_max_to_total": 0.0975609719753,
    "pitch_min_to_total": 0.951219499111,
    "tristimulus": {
        "mean": [0.73329526186, 0.0940526947379, 0.172652184963],
        "var": [0.0999748408794, 0.0179053898901, 0.0609372667968]
    }
},
"tonal": {
    "chords_changes_rate": 0.047619048506,
    "chords_number_rate": 0.0714285746217,
    "chords_strength": {
        "mean": 0.418060988188,
        "var": 0.00105696904939
    },
    "key_strength": 0.593721389771,
    "tuning_diatonic_strength": 0.437235116959,
    "tuning_equal_tempered_deviation": 0.146428644657,
    "tuning_frequency": 439.238189697,
    "tuning_nontempered_energy_ratio": 0.733925879002,