{
"metadata": {
    "version": {
        "essentia": "2.1-dev"
    }
},
"lowLevel": {
    "average_loudness": 0.351080447435,
    "barkbands_kurtosis": {
        "mean": 2.10242462158,
        "var": 7.40476846695
    },
    "barkbands_skewness": {
        "mean": -1.2666131258,
        "var": 0.289646625519
    },
    "barkbands_spread": {
        "mean": 22.2549419403,
        "var": 226.788986206
    },
    "dissonance": {
        "mean": 0.483068406582,
        "var": 0.000688823056407
    },
    "hfc": {
        "mean": 67.1749801636,
        "var": 30951.5546875
    },
    "pitch": {
        "mean": 1416.39404297,
        "var": 1803223.875
    },
    "pitch_instantaneous_confidence": {
        "mean": 0.370351999998,
        "var": 0.0110388873145
    },
    "pitch_salience": {
        "mean": 0.603099107742,
        "var": 0.00822688452899
    },
    "silence_rate_20dB": {
        "mean": 1,
        "var": 0
    },
    "silence_rate_30dB": {
        "mean": 0.941176474094,
        "var": 0.0553635060787
    },
    "silence_rate_60dB": {
        "mean": 0.595588207245,
        "var": 0.240863010287
    },
    "spectral_centroid": {
        "mean": 2544.01074219,
        "var": 512775.71875
    },
    "spectral_complexity": {
        "mean": 17.1838226318,
        "var": 309.444458008
    },
    "spectral_crest": {
        "mean": 6.95477676392,
        "var": 7.2993221283
    },
    "spectral_decrease": {
        "mean": -3.22774140749e-09,
        "var": 5.21923636474e-17
    },
    "spectral_energy": {
        "mean": 0.0182752199471,
        "var": 0.00184483581688
    },
    "spectral_energyband_high": {
        "mean": 0.00600884202868,
        "var": 0.000330392562319
    },
    "spectral_energyband_low": {
        "mean": 2.90628013317e-05,
        "var": 7.15227432835e-10
    },
    "spectral_energyband_middle_high": {
        "mean": 0.0115520646796,
        "var": 0.000568049610592
    },
    "spectral_energyband_middle_low": {
        "mean": 0.000785245734733,
        "var": 7.76738670538e-06
    },
    "spectral_flatness_db": {
        "mean": 0.208717927337,
        "var": 0.000884734210558
    },
    "spectral_flux": {
        "mean": 0.0506390035152,
        "var": 0.00450931023806
    },
    "spectral_kurtosis": {
        "mean": 8.09281826019,
        "var": 47.3711967468
    },
    "spectral_rms": {
        "mean": 0.00272431108169,
        "var": 1.04076098069e-05
    },
    "spectral_rolloff": {
        "mean": 3754.69287109,
        "var": 1126063.875
    },
    "spectral_skewness": {
        "mean": 1.44878339767,
        "var": 0.366527557373
    },
    "spectral_spread": {
        "mean": 3545989,
        "var": 6.2497006551e+12
    },
    "spectral_strongpeak": {
        "mean": 1.96473622322,
        "var": 6.18210744858
    },
    "zerocrossingrate": {
        "mean": 0.128812909126,
        "var": 0.00106664805207
    },
    "barkbands": {
        "mean": [7.66151279095e-05, 2.62871435552e-06, 3.59019168172e-07, 6.13482234257e-06, 0.000294329453027, 0.000217633220018, 1.12817060653e-05, 5.43260139239e-05, 0.000136390241096, 0.000186461926205, 9.8512522527e-05, 0.000330001552356, 0.00102768768556, 0.0011798478663, 0.00108114769682, 0.00111070170533, 0.000978698837571, 0.00145783240441, 0.00297513231635, 0.00187778566033, 0.00140750524588, 0.00155540578999, 0.00110141327605, 0.000710051739588, 0.000299622799503, 9.632196452e-05, 1.39596795634e-06],
        "var": [6.83703760274e-09, 5.80172108272e-12, 3.12951075644e-12, 1.11005404868e-09, 2.36114351537e-06, 1.20213576338e-06, 2.46074027821e-09, 3.89952141688e-08, 8.8615465188e-08, 1.87098265769e-07, 4.18516172829e-08, 4.34808157479e-07, 1.4753767573e-05, 1.09999728011e-05, 7.55980136091e-06, 6.86887733536e-06, 3.3617545796e-06, 8.63101013238e-06, 4.04556340072e-05, 1.39848425533e-05, 1.44112564158e-05, 2.56708481174e-05, 1.85427925317e-05, 9.35331536311e-06, 2.05053515856e-06, 2.3037968333e-07, 7.59741297651e-11]
    },
    "mfcc": {
        "mean": [-758.244934082, 29.7917613983, -123.966506958, 16.431930542, -23.4456825256, 8.60781955719, 10.0284500122, 21.7509994507, 6.28710269928, 16.7552280426, 11.7221498489, 5.41528749466, 7.41976976395],
        "var": [14189.9599609, 1056.03356934, 664.577331543, 192.483032227, 165.873001099, 86.7928161621, 224.236206055, 180.419616699, 265.712432861, 103.0054245, 150.607833862, 165.140182495, 165.540039062]
    },
    "sccoeffs": {
        "mean": [-0.615713536739, -0.730119347572, -0.761917352676, -0.74681520462, -0.743586778641, -0.625211894512],
        "var": [0.00802496355027, 0.00334027339704, 0.0013889844995, 0.00149279041216, 0.000978210591711, 0.00258444808424]
    },
    "scvalleys": {
        "mean": [-9.21765899658, -8.97648334503, -7.46567821503, -6.88807582855, -7.10123157501, -11.3926334381],
        "var": [0.66071587801, 1.22025036812, 0.717932641506, 1.16777050495, 1.41681563854, 6.37248945236]
    }
},
"rhythm": {
    "beats_loudness": {
        "mean": 0.00846776459366,
        "var": 0.000183094540262
    },
    "bpm": 126.678260803,
    "confidence": 0,
    "first_peak_bpm": {
        "mean": 126,
        "var": 0
    },
    "first_peak_spread": {
        "mean": 0.199999988079,
        "var": 0
    },
    "first_peak_weight": {
        "mean": 0.800000011921,
        "var": 0
    },
    "onset_rate": 0.319010406733,
    "second_peak_bpm": {
        "mean": 0,
        "var": 0
    },
    "second_peak_spread": {
        "mean": 0,
        "var": 0
    },
    "second_peak_weight": {
        "mean": 0,
        "var": 0
    },
    "beats_loudness_band_ratio": {
        "mean": [0.0483487136662, 0.000618279445916, 0.0267840176821, 0.194153353572, 0.417662501335, 0.319951653481],
        "var": [0.00295336102135, 2.83560098069e-07, 0.00065228465246, 0.0040830085054, 0.00458425981924, 0.019061403349]
    },
    "beats_position": [0.46439909935, 0.9287981987, 1.40480720997, 1.88081634045, 2.35682535172, 2.83283448219],
    "bpm_estimates": [129.19921875, 126.048034668, 126.04800415, 126.048034668, 126.04800415],
    "bpm_intervals": [0.46439909935, 0.476009011269, 0.476009130478, 0.476009011269, 0.476009130478],
    "onset_times": [0.0928798168898],
    "histogram": [[0, 0, 0, 0, 0, 0, 0, 0, 0, 0, 0, 0, 0, 0, 0, 0, 0, 0, 0, 0, 0, 0, 0, 0, 0, 0, 0, 0, 0, 0, 0, 0, 0, 0, 0, 0, 0, 0, 0, 0, 0, 0, 0, 0, 0, 0, 0, 0, 0, 0, 0, 0, 0, 0, 0, 0, 0, 0, 0, 0, 0, 0, 0, 0, 0, 0, 0, 0, 0, 0, 0, 0, 0, 0, 0, 0, 0, 0, 0, 0, 0, 0, 0, 0, 0, 0, 0, 0, 0, 0, 0, 0, 0, 0, 0, 0, 0, 0, 0, 0, 0, 0, 0, 0, 0, 0, 0, 0, 0, 0, 0, 0, 0, 0, 0, 0, 0, 0, 0, 0, 0, 0, 0, 0, 0, 0, 0.800000011921, 0, 0, 0.20000000298, 0, 0, 0, 0, 0, 0, 0, 0, 0, 0, 0, 0, 0, 0, 0, 0, 0, 0, 0, 0, 0, 0, 0, 0, 0, 0, 0, 0, 0, 0, 0, 0, 0, 0, 0, 0, 0, 0, 0, 0, 0, 0, 0, 0, 0, 0, 0, 0, 0, 0, 0, 0, 0, 0, 0, 0, 0, 0, 0, 0, 0, 0, 0, 0, 0, 0, 0, 0, 0, 0, 0, 0, 0, 0, 0, 0, 0, 0, 0, 0, 0, 0, 0, 0, 0, 0, 0, 0, 0, 0, 0, 0, 0, 0, 0, 0, 0, 0, 0, 0, 0, 0, 0, 0, 0, 0, 0, 0, 0, 0, 0, 0, 0, 0, 0, 0, 0, 0, 0, 0]]
},
"sfx": {
    "inharmonicity": {
        "mean": 0.118436053395,
        "var": 0.0162535943091
    },
    "oddtoevenharmonicenergyratio": {
        "mean": 1.65222263336,
        "var": 29.6386432648
    },
    "pitch_after_max_to_before_max_energy_ratio": 3.0556139946,
    "pitch_centroid": 51.0638198853,
    "pitch_max_to_total": 0.213235288858,
    "pitch_min_to_total": 0.580882370472,
    "tristimulus": {
        "mean": [0.358501523733, 0.25201356411, 0.389485031366],
        "var": [0.181266695261, 0.0663046240807, 0.154080569744]
    }
},
"tonal": {
    "chords_changes_rate": 0.0289855077863,
    "chords_number_rate": 0.0434782616794,
    "chords_strength": {
        "mean": 0.296593427658,
        "var": 0.0033104182221
    },
    "key_strength": 0.580581724644,
    "tuning_diatonic_strength": 0.296351462603,
    "tuning_equal_tempered_deviation": 0.246502682567,
    "tuning_frequency": 456.306610107,
    "tuning_nontempered_energy_ratio": 0.846272587776,