{
"metadata": {
    "version": {
        "essentia": "2.1-dev"
    }
},
"lowLevel": {
    "barkbands_kurtosis": {
        "mean": 1.66748654842,
        "var": 3.73624229431
    },
    "dissonance": {
        "mean": 0.491588890553,
        "var": 5.61365122849e-05
    },
    "hfc": {
        "mean": 233.660598755,
        "var": 75570.3359375
    },
    "spectral_centroid": {
        "mean": 3407.24438477,
        "var": 281509.59375
    },
    "spectral_complexity": {
        "mean": 42.1351356506,
        "var": 91.6303787231
    },
    "spectral_crest": {
        "mean": 6.13861608505,
        "var": 3.519115448
    },
    "spectral_energyband_high": {
        "mean": 0.021742541343,
        "var": 0.000874268240295
    },
    "spectral_energyband_low": {
        "mean": 2.31838275795e-05,
        "var": 6.02865701804e-10
    },
    "spectral_kurtosis": {
        "mean": 1.93963479996,
        "var": 1.9938877821
    },
    "spectral_rolloff": {
        "mean": 4890.36376953,
        "var": 1802652.5
    },
    "spectral_strongpeak": {
        "mean": 4.76093578339,
        "var": 8.56343269348
    },
    "mfcc": {
        "mean": [-593.811950684, -15.8291597366, -101.346801758, 10.4079427719, -27.7035808563, 10.4923286438, -8.12340927124, 6.38207530975, -14.5797758102, 7.40758943558, -4.30214452744, -10.1208877563, -8.18852615356],
        "var": [5978.24462891, 143.837844849, 1303.61364746, 237.026809692, 140.908920288, 95.5042648315, 86.7138900757, 210.443099976, 90.7227478027, 155.813140869, 46.7546615601, 98.3670196533, 90.0046920776]
    },
    "sccoeffs": {
        "mean": [-0.634419977665, -0.727603852749, -0.744109392166, -0.713553130627, -0.711207032204, -0.63902837038],
        "var": [0.00869788881391, 0.00699264928699, 0.00190734537318, 0.00158550264314, 0.000527030497324, 0.0019989926368]
    }
},
"sfx": {
    "inharmonicity": {
        "mean": 0.0736351385713,
        "var": 0.0130374189466
    }
}
}