{"lowlevel.dissonance.mean": [0.4112142324447632], "sfx.inharmonicity.mean": [0.34885600209236145], "lowlevel.spectral_contrast.mean": [[0.4747810363769531, 0.39111077785491943, 0.3298451900482178, 0.2690730094909668, 0.30167078971862793, 0.28368687629699707]], "lowlevel.spectral_centroid.mean": [0.38087210059165955], "lowlevel.mfcc.mean": [[0.244115948677063, 0.2679193615913391, 0.523070752620697, 0.4254283308982849, 0.376365602016449, 0.3352295756340027, 0.4065127670764923, 0.3598281145095825, 0.36456000804901123, 0.3083520233631134, 0.3134837746620178, 0.4007405638694763, 0.3842347264289856]], "sfx.logattacktime.mean": [0.2001388669013977], "lowlevel.hfc.mean": [0.47192302346229553]}