{
"metadata": {
    "version": {
        "essentia": "2.1-dev"
    }
},
"lowLevel": {
    "average_loudness": 0.99068403244,
    "barkbands_kurtosis": {
        "mean": 31.2468795776,
        "var": 2279.44042969
    },
    "barkbands_skewness": {
        "mean": 3.21593523026,
        "var": 14.493429184
    },
    "barkbands_spread": {
        "mean": 14.9454259872,
        "var": 247.062683105
    },
    "dissonance": {
        "mean": 0.413808256388,
        "var": 0.00736748287454
    },
    "hfc": {
        "mean": 11.8929958344,
        "var": 1603.47949219
    },
    "pitch": {
        "mean": 383.142333984,
        "var": 485296.28125
    },
    "pitch_instantaneous_confidence": {
        "mean": 0.512986421585,
        "var": 0.0601158477366
    },
    "pitch_salience": {
        "mean": 0.442223101854,
        "var": 0.0718588754535
    },
    "silence_rate_20dB": {
        "mean": 1,
        "var": 0
    },
    "silence_rate_30dB": {
        "mean": 1,
        "var": 0
    },
    "silence_rate_60dB": {
        "mean": 0.891891896725,
        "var": 0.0964206680655
    },
    "spectral_centroid": {
        "mean": 1828.97045898,
        "var": 8969325
    },
    "spectral_complexity": {
        "mean": 4.67567586899,
        "var": 179.840667725
    },
    "spectral_crest": {
        "mean": 14.3907489777,
        "var": 57.0856399536
    },
    "spectral_decrease": {
        "mean": -7.33106575446e-10,
        "var": 6.12247946062e-18
    },
    "spectral_energy": {
        "mean": 0.00384562602267,
        "var": 0.000167436199263
    },
    "spectral_energyband_high": {
        "mean": 0.00145950203296,
        "var": 3.11192925437e-05
    },
    "spectral_energyband_low": {
        "mean": 4.54069959233e-05,
        "var": 3.62227829953e-08
    },
    "spectral_energyband_middle_high": {
        "mean": 0.00187203614041,
        "var": 4.03935955546e-05
    },
    "spectral_energyband_middle_low": {
        "mean": 0.000538242456969,
        "var": 2.90218031296e-06
    },
    "spectral_flatness_db": {
        "mean": 0.251779645681,
        "var": 0.0116874594241
    },
    "spectral_flux": {
        "mean": 0.0212489943951,
        "var": 0.00307834218256
    },
    "spectral_kurtosis": {
        "mean": 5.59258556366,
        "var": 130.737548828
    },
    "spectral_rms": {
        "mean": 0.00069025484845,
        "var": 3.27538009515e-06
    },
    "spectral_rolloff": {
        "mean": 3089.72338867,
        "var": 27251848
    },
    "spectral_skewness": {
        "mean": 1.63193142414,
        "var": 2.53980064392
    },
    "spectral_spread": {
        "mean": 10915909,
        "var": 8.87157539471e+13
    },
    "spectral_strongpeak": {
        "mean": 0.115838773549,
        "var": 0.0716297402978
    },
    "zerocrossingrate": {
        "mean": 0.110694676638,
        "var": 0.0214686505497
    },
    "barkbands": {
        "mean": [6.65375125664e-07, 4.28039720646e-06, 2.4831510018e-05, 3.22611194861e-05, 4.84097290609e-05, 7.77897294029e-05, 5.86599380767e-05, 0.000113356618385, 0.000130080850795, 0.000285192480078, 0.000136682123411, 0.000394049624447, 9.7660224128e-05, 5.64043439226e-05, 0.000101175741293, 8.36315011838e-05, 6.84503247612e-05, 0.000309219525661, 0.000229579367442, 0.000484653573949, 0.000692179892212, 0.000108089181595, 0.000106341845822, 0.000150951411342, 5.10274221597e-05, 1.04568362858e-08, 8.45803249661e-09],
        "var": [1.31641095594e-11, 3.07149694567e-10, 1.03550332753e-08, 1.79219128427e-08, 3.47689237401e-08, 4.20243679855e-08, 5.05701152065e-08, 1.01329149516e-07, 2.19048459371e-07, 1.22863718843e-06, 1.77108589128e-07, 1.75964703431e-06, 1.33986560513e-07, 3.1734192163e-08, 1.35753765562e-07, 1.23996287016e-07, 5.02288060034e-08, 1.77200911367e-06, 5.96492441218e-07, 4.05844957641e-06, 9.9752423921e-06, 1.15697915248e-07, 1.0661243266e-07, 2.53815386486e-07, 3.01145419712e-08, 3.90936664212e-15, 2.55143666713e-15]
    },
    "mfcc": {
        "mean": [-1020.91278076, 31.3398857117, 8.33229255676, 3.7890496254, -8.95841884613, -8.28726100922, -5.6057434082, -5.75225257874, -6.90047883987, -7.19163036346, -7.72404336929, -3.00465464592, -4.7543721199],
        "var": [37502.0742188, 1331.5168457, 353.838134766, 59.498840332, 254.727676392, 141.589508057, 97.7938842773, 54.9075698853, 44.2566642761, 48.0266609192, 47.1665878296, 14.4418544769, 22.3780918121]
    },
    "sccoeffs": {
        "mean": [-0.679701924324, -0.81149160862, -0.872333645821, -0.886836290359, -0.88810801506, -0.896270751953],
        "var": [0.01322722435, 0.00645828712732, 0.00424320157617, 0.00296620116569, 0.00324201234616, 0.00274250283837]
    },
    "scvalleys": {
        "mean": [-13.5847902298, -12.6411180496, -13.268995285, -13.837890625, -13.8543252945, -14.3522310257],
        "var": [24.2215156555, 30.6512126923, 30.2279186249, 26.6080226898, 26.1447372437, 23.6802024841]
    }
},
"rhythm": {
    "bpm": 0,
    "confidence": 0,
    "first_peak_bpm": {
        "mean": 0,
        "var": 0
    },
    "first_peak_spread": {
        "mean": 0,
        "var": 0
    },
    "first_peak_weight": {
        "mean": 0,
        "var": 0
    },
    "onset_rate": 1.20003271103,
    "second_peak_bpm": {
        "mean": 0,
        "var": 0
    },
    "second_peak_spread": {
        "mean": 0,
        "var": 0
    },
    "second_peak_weight": {
        "mean": 0,
        "var": 0
    },
    "beats_position": [],
    "bpm_estimates": [],
    "bpm_intervals": [],
    "onset_times": [0.0116099771112],
    "histogram": [[0, 0, 0, 0, 0, 0, 0, 0, 0, 0, 0, 0, 0, 0, 0, 0, 0, 0, 0, 0, 0, 0, 0, 0, 0, 0, 0, 0, 0, 0, 0, 0, 0, 0, 0, 0, 0, 0, 0, 0, 0, 0, 0, 0, 0, 0, 0, 0, 0, 0, 0, 0, 0, 0, 0, 0, 0, 0, 0, 0, 0, 0, 0, 0, 0, 0, 0, 0, 0, 0, 0, 0, 0, 0, 0, 0, 0, 0, 0, 0, 0, 0, 0, 0, 0, 0, 0, 0, 0, 0, 0, 0, 0, 0, 0, 0, 0, 0, 0, 0, 0, 0, 0, 0, 0, 0, 0, 0, 0, 0, 0, 0, 0, 0, 0, 0, 0, 0, 0, 0, 0, 0, 0, 0, 0, 0, 0, 0, 0, 0, 0, 0, 0, 0, 0, 0, 0, 0, 0, 0, 0, 0, 0, 0, 0, 0, 0, 0, 0, 0, 0, 0, 0, 0, 0, 0, 0, 0, 0, 0, 0, 0, 0, 0, 0, 0, 0, 0, 0, 0, 0, 0, 0, 0, 0, 0, 0, 0, 0, 0, 0, 0, 0, 0, 0, 0, 0, 0, 0, 0, 0, 0, 0, 0, 0, 0, 0, 0, 0, 0, 0, 0, 0, 0, 0, 0, 0, 0, 0, 0, 0, 0, 0, 0, 0, 0, 0, 0, 0, 0, 0, 0, 0, 0, 0, 0, 0, 0, 0, 0, 0, 0, 0, 0, 0, 0, 0, 0, 0, 0, 0, 0, 0, 0, 0, 0, 0, 0, 0, 0]]
},
"sfx": {
    "inharmonicity": {
        "mean": 0.056328702718,
        "var": 0.00409351056442
    },
    "oddtoevenharmonicenergyratio": {
        "mean": 0.697829604149,
        "var": 1.25533771515
    },
    "pitch_after_max_to_before_max_energy_ratio": 1.18777823448,
    "pitch_centroid": 12.4909381866,
    "pitch_max_to_total": 0,
    "pitch_min_to_total": 0.270270258188,
    "tristimulus": {
        "mean": [0.460158228874, 0.274278402328, 0.265563517809],
        "var": [0.0974523201585, 0.049589779228, 0.0482000894845]
    }
},
"tonal": {
    "chords_changes_rate": 0,
    "chords_number_rate": 0.0526315793395,
    "chords_strength": {
        "mean": 0.585123717785,
        "var": 1.42108547152e-14
    },
    "key_strength": 0.693162858486,
    "tuning_diatonic_strength": 0.557222723961,
    "tuning_equal_tempered_deviation": 0.213744357228,
    "tuning_frequency": 441.782684326,
    "tuning_nontempered_energy_ratio": 0.885913789272,
    "hpcp": {
        "mean": [0.0251916777343, 0.020973129198, 0.0349686741829, 0.0408370569348, 0.0503911264241, 0.0603980571032, 0.0535792224109, 0.0419391356409, 0.0749852582812, 0.200756952167, 0.190531328321, 0.102602742612, 0.112055413425, 0.176567599177, 0.27513718605, 0.220437675714, 0.0937130600214, 0.148536458611, 0.255359232426, 0.147692099214, 0.0220976024866, 0.0285545438528, 0.0263386312872, 0.0230228956789, 0.0250886231661, 0.0293051321059, 0.0301744472235, 0.0318379215896, 0.0396290160716, 0.117950491607, 0.36062631011, 0.640739381313, 0.412011027336, 0.0591856949031, 0.0532426573336, 0.0437835343182],