{
"metadata": {
    "version": {
        "essentia": "2.1-dev"
    }
},
"lowLevel": {
    "barkbands_kurtosis": {
        "mean": -0.745643913746,
        "var": 0.0969018414617
    },
    "dissonance": {
        "mean": 0.491268873215,
        "var": 7.005151474e-06
    },
    "hfc": {
        "mean": 138.555099487,
        "var": 2192.25219727
    },
    "spectral_centroid": {
        "mean": 3214.70019531,
        "var": 207033.9375
    },
    "spectral_complexity": {
        "mean": 47,
        "var": 74
    },
    "spectral_crest": {
        "mean": 5.59490633011,
        "var": 3.70126724243
    },
    "spectral_energyband_high": {
        "mean": 0.0171265397221,
        "var": 0.000115129099868
    },
    "spectral_energyband_low": {
        "mean": 0.000515514519066,
        "var": 2.04778757507e-07
    },
    "spectral_kurtosis": {
        "mean": 0.44866886735,
        "var": 2.84538841248
    },
    "spectral_rolloff": {
        "mean": 5447.90039062,
        "var": 1410511
    },
    "spectral_strongpeak": {
        "mean": 0.881603896618,
        "var": 0.0873444080353
    },
    "mfcc": {
        "mean": [-529.182067871, 30.9087905884, -25.708158493, -0.331466674805, -30.1949310303, -10.9760637283, 10.4588699341, -1.65235555172, -7.35151672363, -4.04199981689, -14.1253700256, 1.89600813389, -6.59834289551],
        "var": [304.148345947, 301.553588867, 3.93600463867, 140.034790039, 17.7599391937, 96.8449630737, 4.26930379868, 48.8443870544, 17.7415161133, 11.3745641708, 53.8007354736, 1.73133182526, 52.1549377441]
    },
    "sccoeffs": {
        "mean": [-0.719433605671, -0.784287631512, -0.772303283215, -0.761303842068, -0.74544686079, -0.774709045887],
        "var": [0.00125585426576, 0.00312523706816, 0.00337781081907, 0.00242712465115, 0.00143838301301, 0.00045598205179]
    }
},
"sfx": {
    "inharmonicity": {
        "mean": 0.0688554495573,
        "var": 0.00283640041016
    }
}
}