{
"metadata": {
    "version": {
        "essentia": "2.1-dev"
    }
},
"lowLevel": {
    "barkbands_kurtosis": {
        "mean": 1.1395586729,
        "var": 0.510945856571
    },
    "dissonance": {
        "mean": 0.488763689995,
        "var": 7.2442657256e-05
    },
    "hfc": {
        "mean": 78.60521698,
        "var": 2340.82397461
    },
    "spectral_centroid": {
        "mean": 4129.26367188,
        "var": 166835.359375
    },
    "spectral_complexity": {
        "mean": 31.6666660309,
        "var": 12.6666660309
    },
    "spectral_crest": {
        "mean": 4.80321311951,
        "var": 0.549347221851
    },
    "spectral_energyband_high": {
        "mean": 0.00835657678545,
        "var": 3.03708857246e-05
    },
    "spectral_energyband_low": {
        "mean": 1.04397158793e-05,
        "var": 5.34009329811e-11
    },
    "spectral_kurtosis": {
        "mean": -0.0294218324125,
        "var": 0.123623818159
    },
    "spectral_rolloff": {
        "mean": 6735.10742188,
        "var": 550106.25
    },
    "spectral_strongpeak": {
        "mean": 2.36513376236,
        "var": 2.77168273926
    },
    "mfcc": {
        "mean": [-603.066833496, -22.3209915161, -35.737411499, 8.48847866058, -10.5568370819, -2.88470029831, -16.1691017151, -24.5119876862, -34.0066680908, -2.96924901009, -3.81062102318, -16.8303604126, -16.788444519],
        "var": [643.76361084, 39.1640472412, 258.794952393, 24.4192867279, 52.1013679504, 35.7272758484, 28.4111366272, 20.3335285187, 23.931016922, 31.3853225708, 110.794761658, 41.2084236145, 25.579875946]
    },
    "sccoeffs": {
        "mean": [-0.56067109108, -0.671848058701, -0.79773491621, -0.737811565399, -0.731625258923, -0.747768759727],
        "var": [0.00404936308041, 0.00168728665449, 0.000944242114201, 0.00041466782568, 0.00034673709888, 0.0003423144517]
    }
},
"sfx": {
    "inharmonicity": {
        "mean": 0.0636221691966,
        "var": 0.0102856988087
    }
}
}