{
"metadata": {
    "version": {
        "essentia": "2.1-dev"
    }
},
"lowLevel": {
    "average_loudness": 0.88057488203,
    "barkbands_kurtosis": {
        "mean": 1.00439989567,
        "var": 1.64335012436
    },
    "barkbands_skewness": {
        "mean": -0.818036139011,
        "var": 0.540786385536
    },
    "barkbands_spread": {
        "mean": 32.4723739624,
        "var": 254.21446228
    },
    "dissonance": {
        "mean": 0.489237010479,
        "var": 9.21354803722e-05
    },
    "hfc": {
        "mean": 9.49982452393,
        "var": 574.55267334
    },
    "pitch": {
        "mean": 1276.27038574,
        "var": 850924.75
    },
    "pitch_instantaneous_confidence": {
        "mean": 0.303915202618,
        "var": 0.00356151931919
    },
    "pitch_salience": {
        "mean": 0.598811864853,
        "var": 0.0120363598689
    },
    "silence_rate_20dB": {
        "mean": 1,
        "var": 0
    },
    "silence_rate_30dB": {
        "mean": 1,
        "var": 0
    },
    "silence_rate_60dB": {
        "mean": 0.811475396156,
        "var": 0.152983039618
    },
    "spectral_centroid": {
        "mean": 2860.703125,
        "var": 745157.6875
    },
    "spectral_complexity": {
        "mean": 7.06557369232,
        "var": 93.5692672729
    },
    "spectral_crest": {
        "mean": 6.32003688812,
        "var": 15.4370355606
    },
    "spectral_decrease": {
        "mean": -4.47309855822e-10,
        "var": 7.46765215328e-19
    },
    "spectral_energy": {
        "mean": 0.00254991417751,
        "var": 2.9322476621e-05
    },
    "spectral_energyband_high": {
        "mean": 0.00091742357472,
        "var": 6.8164208642e-06
    },
    "spectral_energyband_low": {
        "mean": 2.54148872045e-05,
        "var": 7.42882588778e-10
    },
    "spectral_energyband_middle_high": {
        "mean": 0.00140331755392,
        "var": 5.36751986147e-06
    },
    "spectral_energyband_middle_low": {
        "mean": 0.000183839947567,
        "var": 5.39407778888e-07
    },
    "spectral_flatness_db": {
        "mean": 0.128308489919,
        "var": 0.000410723878304
    },
    "spectral_flux": {
        "mean": 0.023245818913,
        "var": 0.000515930820256
    },
    "spectral_kurtosis": {
        "mean": 0.923577487469,
        "var": 0.736486554146
    },
    "spectral_rms": {
        "mean": 0.00119406508747,
        "var": 1.06192931071e-06
    },
    "spectral_rolloff": {
        "mean": 4723.71289062,
        "var": 1537963
    },
    "spectral_skewness": {
        "mean": 1.00851547718,
        "var": 0.0528522953391
    },
    "spectral_spread": {
        "mean": 9151515,
        "var": 2.7254545449e+12
    },
    "spectral_strongpeak": {
        "mean": 0.534232378006,
        "var": 0.690104722977
    },
    "zerocrossingrate": {
        "mean": 0.154416948557,
        "var": 0.00124113401398
    },
    "barkbands": {
        "mean": [6.72457026667e-05, 2.97507017422e-06, 4.37621032745e-08, 3.56365319476e-07, 7.74957443355e-05, 5.44571557839e-05, 1.93370624402e-06, 1.65839683177e-05, 2.42560236074e-05, 1.39941002999e-05, 4.19017987952e-06, 5.60085427423e-05, 0.000131709821289, 0.00014684733469, 0.000165601872141, 0.000109469547169, 8.21505018394e-05, 0.000162719821674, 0.000410589302192, 0.00024345399288, 0.000174576081918, 0.00020901717653, 0.000179944938282, 0.000142642296851, 5.41247900401e-05, 1.73638218257e-05, 1.62269898851e-07],
        "var": [7.3208346052e-09, 7.99577938582e-12, 1.59969304106e-14, 1.768881157e-12, 1.79603873107e-07, 8.11959495195e-08, 8.873020374e-11, 7.75747688309e-10, 1.34169342303e-09, 1.3792410547e-09, 2.78229411732e-10, 4.98788166325e-09, 4.4922170872e-08, 5.35377076005e-08, 8.56838653363e-08, 2.35198633902e-08, 1.33337723085e-08, 9.30827042112e-08, 7.19054241927e-07, 4.24757701012e-07, 1.04075937202e-07, 3.15635446668e-07, 3.96152842086e-07, 3.71617716155e-07, 4.10260092565e-08, 5.28598942395e-09, 5.95248026217e-13]
    },
    "mfcc": {
        "mean": [-771.752563477, 1.14871144295, -53.3377799988, 13.4394130707, 0.921707749367, 10.2896966934, -5.32931041718, -8.52491950989, -10.7770328522, 13.079076767, 9.49040126801, 0.976914346218, -3.62139749527],
        "var": [7428.75341797, 328.95703125, 177.489181519, 65.6030197144, 85.1024627686, 84.8072433472, 65.2136001587, 68.5058670044, 101.057289124, 67.2061843872, 56.0624275208, 68.8706741333, 56.8252944946]
    },
    "sccoeffs": {
        "mean": [-0.630457401276, -0.756042718887, -0.808259248734, -0.77670019865, -0.793751597404, -0.779346704483],
        "var": [0.00528189120814, 0.00427432963625, 0.00235551572405, 0.000746801670175, 0.000941478414461, 0.000853656383697]
    },
    "scvalleys": {
        "mean": [-9.08520126343, -8.78302669525, -8.49749088287, -7.36100482941, -7.67238807678, -8.92873287201],
        "var": [0.363129526377, 0.505015611649, 0.506897211075, 0.644100904465, 0.717160582542, 1.03130698204]
    }
},
"rhythm": {
    "beats_loudness": {
        "mean": 0.00174749083817,
        "var": 3.31459727931e-06
    },
    "bpm": 178.205810547,
    "confidence": 0,
    "first_peak_bpm": {
        "mean": 178,
        "var": 0
    },
    "first_peak_spread": {
        "mean": 0,
        "var": 0
    },
    "first_peak_weight": {
        "mean": 0.666666686535,
        "var": 0
    },
    "onset_rate": 0.711841404438,
    "second_peak_bpm": {
        "mean": 172,
        "var": 0
    },
    "second_peak_spread": {
        "mean": 0,
        "var": 0
    },
    "second_peak_weight": {
        "mean": 0.333333343267,
        "var": 0
    },
    "beats_loudness_band_ratio": {
        "mean": [0.079467959702, 0.0087897637859, 0.0224796328694, 0.16866376996, 0.312488555908, 0.423475831747],
        "var": [0.00880647357553, 2.38537741097e-05, 0.00041516876081, 0.000646377098747, 0.00170159654226, 0.0112123209983]
    },
    "beats_position": [0.325079351664, 0.66176867485, 0.99845802784, 1.33514738083, 1.67183673382, 2.02013611794, 2.36843538284],
    "bpm_estimates": [178.205825806, 178.205810547, 178.205810547, 178.205810547],
    "bpm_intervals": [0.336689323187, 0.336689352989, 0.336689352989, 0.336689352989, 0.348299384117, 0.348299264908],
    "onset_times": [0.0348299331963, 0.417959183455],
    "histogram": [[0, 0, 0, 0, 0, 0, 0, 0, 0, 0, 0, 0, 0, 0, 0, 0, 0, 0, 0, 0, 0, 0, 0, 0, 0, 0, 0, 0, 0, 0, 0, 0, 0, 0, 0, 0, 0, 0, 0, 0, 0, 0, 0, 0, 0, 0, 0, 0, 0, 0, 0, 0, 0, 0, 0, 0, 0, 0, 0, 0, 0, 0, 0, 0, 0, 0, 0, 0, 0, 0, 0, 0, 0, 0, 0, 0, 0, 0, 0, 0, 0, 0, 0, 0, 0, 0, 0, 0, 0, 0, 0, 0, 0, 0, 0, 0, 0, 0, 0, 0, 0, 0, 0, 0, 0, 0, 0, 0, 0, 0, 0, 0, 0, 0, 0, 0, 0, 0, 0, 0, 0, 0, 0, 0, 0, 0, 0, 0, 0, 0, 0, 0, 0, 0, 0, 0, 0, 0, 0, 0, 0, 0, 0, 0, 0, 0, 0, 0, 0, 0, 0, 0, 0, 0, 0, 0, 0, 0, 0, 0, 0, 0, 0, 0, 0, 0, 0, 0, 0, 0, 0, 0, 0.333333343267, 0, 0, 0, 0, 0, 0.666666686535, 0, 0, 0, 0, 0, 0, 0, 0, 0, 0, 0, 0, 0, 0, 0, 0, 0, 0, 0, 0, 0, 0, 0, 0, 0, 0, 0, 0, 0, 0, 0, 0, 0, 0, 0, 0, 0, 0, 0, 0, 0, 0, 0, 0, 0, 0, 0, 0, 0, 0, 0, 0, 0, 0, 0, 0, 0, 0, 0, 0, 0, 0, 0, 0, 0, 0, 0, 0, 0, 0, 0]]
},
"sfx": {
    "inharmonicity": {
        "mean": 0.0943112373352,
        "var": 0.00912892818451
    },
    "oddtoevenharmonicenergyratio": {
        "mean": 4.9215259552,
        "var": 144.128768921
    },
    "pitch_after_max_to_before_max_energy_ratio": 9.08313846588,
    "pitch_centroid": 54.6650505066,
    "pitch_max_to_total": 0.0327868834138,
    "pitch_min_to_total": 0.663934409618,
    "tristimulus": {
        "mean": [0.227847665548, 0.466165661812, 0.305986523628],
        "var": [0.0701508447528, 0.101236894727, 0.156927227974]
    }
},
"tonal": {
    "chords_changes_rate": 0.0322580635548,
    "chords_number_rate": 0.0322580635548,
    "chords_strength": {
        "mean": 0.402787804604,
        "var": 0.0010286977049
    },
    "key_strength": 0.555845916271,
    "tuning_diatonic_strength": 0.437403261662,
    "tuning_equal_tempered_deviation": 0.270835846663,
    "tuning_frequency": 445.112548828,