{"lowlevel.dissonance.mean": [0.56805419921875], "sfx.inharmonicity.mean": [0.98396897315979], "lowlevel.spectral_contrast.mean": [[0.1699371337890625, 0.29264044761657715, 0.9985901117324829, 1.0606470108032227, 0.8336689472198486, 0.6556975841522217]], "lowlevel.spectral_centroid.mean": [0.45901092886924744], "lowlevel.mfcc.mean": [[0.3980661630630493, 0.12509101629257202, -0.09778842329978943, 0.27014532685279846, 0.0978507399559021, 0.4369819462299347, 0.45869240164756775, 0.6008892059326172, 0.8034805059432983, 0.9342828989028931, 0.9805443286895752, 0.6759911775588989, -0.1141393780708313]], "sfx.logattacktime.mean": [0.3766000270843506], "lowlevel.hfc.mean": [0.5100586414337158]}