{
"metadata": {
    "version": {
        "essentia": "2.1-dev"
    }
},
"lowLevel": {
    "barkbands_kurtosis": {
        "mean": 0.00647947750986,
        "var": 2.07216978073
    },
    "dissonance": {
        "mean": 0.415171921253,
        "var": 0.00328628509305
    },
    "hfc": {
        "mean": 174.784378052,
        "var": 3249.05200195
    },
    "spectral_centroid": {
        "mean": 1485.69384766,
        "var": 28398.359375
    },
    "spectral_complexity": {
        "mean": 7.1224489212,
        "var": 2.94419431686
    },
    "spectral_crest": {
        "mean": 15.0041313171,
        "var": 2.58895683289
    },
    "spectral_energyband_high": {
        "mean": 0.000855416525155,
        "var": 3.07975966507e-07
    },
    "spectral_energyband_low": {
        "mean": 2.84358385727e-08,
        "var": 4.44754818928e-16
    },
    "spectral_kurtosis": {
        "mean": 20.651348114,
        "var": 63.0834960938
    },
    "spectral_rolloff": {
        "mean": 2078.83081055,
        "var": 107698.1875
    },
    "spectral_strongpeak": {
        "mean": 11.1498279572,
        "var": 10.4601163864
    },
    "mfcc": {
        "mean": [-752.873474121, -13.2108793259, -183.295074463, -21.0822200775, -59.3007049561, -7.03026771545, -8.36900997162, 13.7950124741, 27.7151622772, 35.1699867249, 36.0838508606, 15.9662313461, -38.1104469299],
        "var": [1088.03112793, 533.16229248, 153.401184082, 89.0199432373, 46.8697471619, 27.8135223389, 37.2626419067, 15.705406189, 13.1997909546, 10.2296209335, 26.933675766, 18.6208629608, 16.2350482941]
    },
    "sccoeffs": {
        "mean": [-0.89826375246, -0.749558568001, -0.353936135769, -0.372993201017, -0.5397798419, -0.651954650879],
        "var": [0.000982920173556, 0.00277764420025, 0.000669732457027, 0.0019109005807, 0.00274073961191, 0.00218212185428]
    }
},
"sfx": {
    "inharmonicity": {
        "mean": 0.00162915431429,
        "var": 1.24915527522e-06
    }
}
}