{
"metadata": {
    "version": {
        "essentia": "2.1-dev"
    }
},
"lowLevel": {
    "average_loudness": 0.917954325676,
    "barkbands_kurtosis": {
        "mean": 1.6342176199,
        "var": 32.2005691528
    },
    "barkbands_skewness": {
        "mean": 0.698108017445,
        "var": 1.47769677639
    },
    "barkbands_spread": {
        "mean": 23.4235725403,
        "var": 651.264221191
    },
    "dissonance": {
        "mean": 0.438637793064,
        "var": 0.00377033650875
    },
    "hfc": {
        "mean": 93.6272506714,
        "var": 9333.82421875
    },
    "pitch": {
        "mean": 637.701660156,
        "var": 117734.304688
    },
    "pitch_instantaneous_confidence": {
        "mean": 0.668967247009,
        "var": 0.149466052651
    },
    "pitch_salience": {
        "mean": 0.600877404213,
        "var": 0.0311952009797
    },
    "silence_rate_20dB": {
        "mean": 1,
        "var": 0
    },
    "silence_rate_30dB": {
        "mean": 0.584699451923,
        "var": 0.242825701833
    },
    "silence_rate_60dB": {
        "mean": 0.459016382694,
        "var": 0.248320221901
    },
    "spectral_centroid": {
        "mean": 1566.04370117,
        "var": 890412.875
    },
    "spectral_complexity": {
        "mean": 3.84699463844,
        "var": 13.9984226227
    },
    "spectral_crest": {
        "mean": 14.0138187408,
        "var": 22.2237586975
    },
    "spectral_decrease": {
        "mean": -1.40203164634e-08,
        "var": 1.92002093291e-16
    },
    "spectral_energy": {
        "mean": 0.0614081099629,
        "var": 0.00372008583508
    },
    "spectral_energyband_high": {
        "mean": 0.000458171707578,
        "var": 3.46865704159e-07
    },
    "spectral_energyband_low": {
        "mean": 1.87846271871e-08,
        "var": 4.94966879102e-16
    },
    "spectral_energyband_middle_high": {
        "mean": 0.0482143647969,
        "var": 0.00248179677874
    },
    "spectral_energyband_middle_low": {
        "mean": 0.0127371950075,
        "var": 0.000153231128934
    },
    "spectral_flatness_db": {
        "mean": 0.332342475653,
        "var": 0.042728073895
    },
    "spectral_flux": {
        "mean": 0.0201371088624,
        "var": 0.00099532015156
    },
    "spectral_kurtosis": {
        "mean": 13.5526819229,
        "var": 258.094848633
    },
    "spectral_rms": {
        "mean": 0.0056223301217,
        "var": 2.82997752947e-05
    },
    "spectral_rolloff": {
        "mean": 2466.66748047,
        "var": 4247327.5
    },
    "spectral_skewness": {
        "mean": 2.40317225456,
        "var": 2.17304205894
    },
    "spectral_spread": {
        "mean": 13933337,
        "var": 2.26333233775e+14
    },
    "spectral_strongpeak": {
        "mean": 5.98998689651,
        "var": 36.3226356506
    },
    "zerocrossingrate": {
        "mean": 0.104700304568,
        "var": 0.00493570417166
    },
    "barkbands": {
        "mean": [1.44825849091e-08, 6.33988950227e-09, 4.13514777975e-09, 3.73612074611e-09, 1.59898494445e-08, 2.65595545557e-08, 4.88349165551e-08, 8.04592673376e-07, 0.0127331651747, 5.03028240928e-06, 8.12931148175e-07, 3.00552414956e-06, 0.0336014069617, 1.59906740009e-05, 8.59470128489e-06, 0.00849727820605, 1.1595990145e-05, 0.00485783768818, 0.00121350446716, 0.000261552864686, 0.000130768559757, 6.12522853771e-05, 3.99174768972e-06, 1.22106348499e-06, 2.70159432603e-07, 2.96692128643e-08, 1.85550119713e-09],
        "var": [3.12146331791e-16, 8.2919747741e-17, 5.11356834282e-17, 3.65201729367e-17, 2.72646183787e-15, 4.70239022756e-15, 4.89223529851e-15, 1.607114615e-11, 0.000153148677782, 4.5997664011e-11, 1.33214782521e-12, 2.01453246446e-11, 0.00112859217916, 2.75406586425e-09, 4.37414909848e-10, 0.000108112108137, 7.6906653268e-10, 3.20748549711e-05, 2.3810946459e-06, 9.48755030095e-08, 4.17155199273e-08, 7.43012629201e-09, 6.29966634413e-11, 5.74437329301e-12, 2.92684767481e-13, 2.31813732367e-15, 7.88366651234e-18]
    },
    "mfcc": {
        "mean": [-925.98614502, -4.52311754227, -100.946212769, -13.3215761185, -32.3413047791, -3.67467236519, -4.33363962173, 7.45012044907, 15.4497079849, 20.1428565979, 20.3821353912, 8.67467308044, -21.6366329193],
        "var": [35843.5859375, 474.231170654, 8031.29150391, 196.755950928, 885.504760742, 41.7860565186, 43.5603942871, 62.8761367798, 195.933441162, 289.09262085, 318.908752441, 73.3341674805, 358.878082275]
    },
    "sccoeffs": {
        "mean": [-0.858431220055, -0.817859113216, -0.593709409237, -0.608915388584, -0.707441210747, -0.764366447926],
        "var": [0.00339006260037, 0.00724823167548, 0.0721660479903, 0.0679225698113, 0.0344222709537, 0.0166280362755]
    },
    "scvalleys": {
        "mean": [-11.5875606537, -11.2467927933, -10.4900112152, -10.104092598, -10.9474420547, -12.6322469711],
        "var": [2.95517992973, 4.31643247604, 7.60874462128, 9.8243970871, 7.90125513077, 4.21650695801]
    }
},
"rhythm": {
    "beats_loudness": {
        "mean": 0.0935987979174,
        "var": 0.00391527311876
    },
    "bpm": 113.367042542,
    "confidence": 0,
    "first_peak_bpm": {
        "mean": 115,
        "var": 0
    },
    "first_peak_spread": {
        "mean": 0.25,
        "var": 0
    },
    "first_peak_weight": {
        "mean": 0.5,
        "var": 0
    },
    "onset_rate": 0.473485887051,
    "second_peak_bpm": {
        "mean": 103,
        "var": 0
    },
    "second_peak_spread": {
        "mean": 0,
        "var": 0
    },
    "second_peak_weight": {
        "mean": 0.166666671634,
        "var": 0
    },
    "beats_loudness_band_ratio": {
        "mean": [0.105140402913, 0.00629297737032, 0.143666818738, 0.437556743622, 0.230855748057, 0.0809276923537],
        "var": [0.0637882873416, 0.000214776955545, 0.00450237514451, 0.0338665321469, 0.00816924031824, 0.0109742535278]
    },
    "beats_position": [0.568888902664, 1.14938771725, 1.67183673382, 2.20589566231, 2.75156450272, 3.27401351929, 3.79646253586],
    "bpm_estimates": [114.843742371, 112.34715271, 109.956802368, 114.843742371, 114.843742371],
    "bpm_intervals": [0.580498814583, 0.522449016571, 0.53405892849, 0.545668840408, 0.522449016571, 0.522449016571],
    "onset_times": [1.16099774837, 3.27401351929],
    "histogram": [[0, 0, 0, 0, 0, 0, 0, 0, 0, 0, 0, 0, 0, 0, 0, 0, 0, 0, 0, 0, 0, 0, 0, 0, 0, 0, 0, 0, 0, 0, 0, 0, 0, 0, 0, 0, 0, 0, 0, 0, 0, 0, 0, 0, 0, 0, 0, 0, 0, 0, 0, 0, 0, 0, 0, 0, 0, 0, 0, 0, 0, 0, 0, 0, 0, 0, 0, 0, 0, 0, 0, 0, 0, 0, 0, 0, 0, 0, 0, 0, 0, 0, 0, 0, 0, 0, 0, 0, 0, 0, 0, 0, 0, 0, 0, 0, 0, 0, 0, 0, 0, 0, 0, 0.166666671634, 0, 0, 0, 0, 0, 0, 0.166666671634, 0, 0.166666671634, 0, 0, 0.5, 0, 0, 0, 0, 0, 0, 0, 0, 0, 0, 0, 0, 0, 0, 0, 0, 0, 0, 0, 0, 0, 0, 0, 0, 0, 0, 0, 0, 0, 0, 0, 0, 0, 0, 0, 0, 0, 0, 0, 0, 0, 0, 0, 0, 0, 0, 0, 0, 0, 0, 0, 0, 0, 0, 0, 0, 0, 0, 0, 0, 0, 0, 0, 0, 0, 0, 0, 0, 0, 0, 0, 0, 0, 0, 0, 0, 0, 0, 0, 0, 0, 0, 0, 0, 0, 0, 0, 0, 0, 0, 0, 0, 0, 0, 0, 0, 0, 0, 0, 0, 0, 0, 0, 0, 0, 0, 0, 0, 0, 0, 0, 0, 0, 0, 0, 0, 0, 0, 0, 0, 0, 0, 0, 0, 0, 0, 0, 0, 0, 0, 0, 0, 0, 0]]
},
"sfx": {
    "inharmonicity": {
        "mean": 0.0554031506181,
        "var": 0.00768414884806
    },
    "oddtoevenharmonicenergyratio": {
        "mean": 1.49555397034,
        "var": 1.87350046635
    },
    "pitch_after_max_to_before_max_energy_ratio": 5.70329618454,
    "pitch_centroid": 90.8533477783,
    "pitch_max_to_total": 0.158469945192,
    "pitch_min_to_total": 0.240437164903,
    "tristimulus": {
        "mean": [0.245757803321, 0.506953537464, 0.247288525105],
        "var": [0.0269462838769, 0.0418068580329, 0.0604816451669]
    }
},
"tonal": {
    "chords_changes_rate": 0.119565218687,
    "chords_number_rate": 0.0543478243053,
    "chords_strength": {
        "mean": 0.471061170101,
        "var": 0.00144439178985
    },
    "key_strength": 0.579492211342,
    "tuning_diatonic_strength": 0.50452286005,
    "tuning_equal_tempered_deviation": 0.214941352606,
    "tuning_frequency": 440.763122559,