{"lowlevel.dissonance.mean": [0.3290421962738037], "sfx.inharmonicity.mean": [0.23537594079971313], "lowlevel.spectral_contrast.mean": [[0.3414989709854126, 0.38819897174835205, 0.29541444778442383, 0.2575569152832031, 0.2669811248779297, 0.23862266540527344]], "lowlevel.spectral_centroid.mean": [0.40119698643684387], "lowlevel.mfcc.mean": [[0.21069252490997314, 0.4256421625614166, 0.6469014883041382, 0.5450075268745422, 0.6701446771621704, 0.637811005115509, 0.6158947348594666, 0.5670778155326843, 0.5313653349876404, 0.4144957363605499, 0.4518681466579437, 0.46831753849983215, 0.49439066648483276]], "sfx.logattacktime.mean": [0.48193395137786865], "lowlevel.hfc.mean": [0.46523475646972656]}