{
"metadata": {
    "version": {
        "essentia": "2.1-dev"
    }
},
"lowLevel": {
    "average_loudness": 0.99068403244,
    "barkbands_kurtosis": {
        "mean": 60.9045295715,
        "var": 3827.36816406
    },
    "barkbands_skewness": {
        "mean": 5.14572620392,
        "var": 14.1101341248
    },
    "barkbands_spread": {
        "mean": 5.36250019073,
        "var": 29.7802448273
    },
    "dissonance": {
        "mean": 0.381404280663,
        "var": 0.00791602395475
    },
    "hfc": {
        "mean": 0.327183991671,
        "var": 0.805802881718
    },
    "pitch": {
        "mean": 308.969818115,
        "var": 704164.625
    },
    "pitch_instantaneous_confidence": {
        "mean": 0.408499896526,
        "var": 0.0181823447347
    },
    "pitch_salience": {
        "mean": 0.509842157364,
        "var": 0.0285363476723
    },
    "silence_rate_20dB": {
        "mean": 1,
        "var": 0
    },
    "silence_rate_30dB": {
        "mean": 1,
        "var": 0
    },
    "silence_rate_60dB": {
        "mean": 0.909090936184,
        "var": 0.0826446339488
    },
    "spectral_centroid": {
        "mean": 705.37713623,
        "var": 5087351.5
    },
    "spectral_complexity": {
        "mean": 0.863636374474,
        "var": 4.48140287399
    },
    "spectral_crest": {
        "mean": 14.1703853607,
        "var": 14.7599906921
    },
    "spectral_decrease": {
        "mean": -2.76726808135e-10,
        "var": 8.28213140753e-19
    },
    "spectral_energy": {
        "mean": 0.00107410841156,
        "var": 1.23113195514e-05
    },
    "spectral_energyband_high": {
        "mean": 3.10310110763e-06,
        "var": 9.44419265014e-11
    },
    "spectral_energyband_low": {
        "mean": 0.00043216755148,
        "var": 3.59672708328e-06
    },
    "spectral_energyband_middle_high": {
        "mean": 7.28897794033e-05,
        "var": 5.4782859138e-08
    },
    "spectral_energyband_middle_low": {
        "mean": 0.000693171867169,
        "var": 4.54167593489e-06
    },
    "spectral_flatness_db": {
        "mean": 0.251486510038,
        "var": 0.00484889000654
    },
    "spectral_flux": {
        "mean": 0.0191422998905,
        "var": 0.00135529937688
    },
    "spectral_kurtosis": {
        "mean": 7.14040374756,
        "var": 72.3140106201
    },
    "spectral_rms": {
        "mean": 0.000428095750976,
        "var": 8.64644846388e-07
    },
    "spectral_rolloff": {
        "mean": 1109.9387207,
        "var": 14888209
    },
    "spectral_skewness": {
        "mean": 2.42289733887,
        "var": 1.56074762344
    },
    "spectral_spread": {
        "mean": 24299724,
        "var": 1.81834201694e+14
    },
    "spectral_strongpeak": {
        "mean": 0.0412477068603,
        "var": 0.0057801338844
    },
    "zerocrossingrate": {
        "mean": 0.0204634238034,
        "var": 0.000196476612473
    },
    "barkbands": {
        "mean": [1.91996900867e-06, 8.59421488713e-05, 0.000217160020838, 0.00023413618328, 0.00028164946707, 0.000120246877486, 3.14435528708e-05, 8.4804087237e-06, 1.66910922417e-05, 1.3084881175e-05, 1.38979748954e-05, 1.72364689206e-05, 1.28106321426e-05, 8.00812631496e-06, 3.31221963279e-06, 1.6143189896e-06, 1.41572309076e-06, 9.84932853498e-07, 6.48970626571e-07, 5.51194489162e-07, 4.95862934713e-07, 4.52270313644e-07, 3.81064722887e-07, 4.30682405295e-07, 3.37306914844e-07, 4.42403774059e-07, 3.16466667982e-07],
        "var": [4.34637360824e-11, 1.41208133186e-07, 9.0083244686e-07, 1.08373990315e-06, 6.65587776894e-07, 1.00074998954e-07, 1.72449254876e-08, 4.32221841651e-10, 3.27181837179e-09, 1.43367462346e-09, 3.05161984571e-09, 3.40506023377e-09, 2.51438203591e-09, 7.57830798115e-10, 1.47158188413e-10, 2.18058453239e-11, 1.80501950192e-11, 7.92200680055e-12, 4.61547770489e-12, 3.44471109623e-12, 2.60510276545e-12, 2.14456729285e-12, 1.48893094035e-12, 1.70779677292e-12, 1.16992364147e-12, 1.80582870705e-12, 1.01801032881e-12]
    },
    "mfcc": {
        "mean": [-1041.14697266, 74.7907867432, 29.8194446564, 16.5339355469, 15.79870224, 12.3092536926, 6.87278318405, 4.80450344086, 0.996108651161, -2.95761728287, -2.14213466644, -0.610705316067, -0.239460602403],
        "var": [14948.7353516, 3869.41870117, 322.055358887, 303.563537598, 91.0378417969, 55.4357299805, 80.3232116699, 47.3020744324, 77.1351165771, 116.693946838, 68.3419113159, 34.0538063049, 33.6196746826]
    },
    "sccoeffs": {
        "mean": [-0.757470905781, -0.804861962795, -0.877969563007, -0.888517558575, -0.892258644104, -0.910404801369],
        "var": [0.00689867185429, 0.00698509626091, 0.00284620351158, 0.00234389840625, 0.00171706930269, 0.000651378592011]
    },
    "scvalleys": {
        "mean": [-9.18196964264, -10.5318784714, -11.0804653168, -11.9098062515, -12.883980751, -13.3653249741],
        "var": [3.06088876724, 5.38751411438, 5.64678955078, 6.09903907776, 4.47183036804, 3.53593659401]
    }
},
"rhythm": {
    "bpm": 0,
    "confidence": 0,
    "first_peak_bpm": {
        "mean": 0,
        "var": 0
    },
    "first_peak_spread": {
        "mean": 0,
        "var": 0
    },
    "first_peak_weight": {
        "mean": 0,
        "var": 0
    },
    "onset_rate": 4.30643033981,
    "second_peak_bpm": {
        "mean": 0,
        "var": 0
    },
    "second_peak_spread": {
        "mean": 0,
        "var": 0
    },
    "second_peak_weight": {
        "mean": 0,
        "var": 0
    },
    "beats_position": [],
    "bpm_estimates": [],
    "bpm_intervals": [],
    "onset_times": [0.0116099771112, 0.452789127827],
    "histogram": [[0, 0, 0, 0, 0, 0, 0, 0, 0, 0, 0, 0, 0, 0, 0, 0, 0, 0, 0, 0, 0, 0, 0, 0, 0, 0, 0, 0, 0, 0, 0, 0, 0, 0, 0, 0, 0, 0, 0, 0, 0, 0, 0, 0, 0, 0, 0, 0, 0, 0, 0, 0, 0, 0, 0, 0, 0, 0, 0, 0, 0, 0, 0, 0, 0, 0, 0, 0, 0, 0, 0, 0, 0, 0, 0, 0, 0, 0, 0, 0, 0, 0, 0, 0, 0, 0, 0, 0, 0, 0, 0, 0, 0, 0, 0, 0, 0, 0, 0, 0, 0, 0, 0, 0, 0, 0, 0, 0, 0, 0, 0, 0, 0, 0, 0, 0, 0, 0, 0, 0, 0, 0, 0, 0, 0, 0, 0, 0, 0, 0, 0, 0, 0, 0, 0, 0, 0, 0, 0, 0, 0, 0, 0, 0, 0, 0, 0, 0, 0, 0, 0, 0, 0, 0, 0, 0, 0, 0, 0, 0, 0, 0, 0, 0, 0, 0, 0, 0, 0, 0, 0, 0, 0, 0, 0, 0, 0, 0, 0, 0, 0, 0, 0, 0, 0, 0, 0, 0, 0, 0, 0, 0, 0, 0, 0, 0, 0, 0, 0, 0, 0, 0, 0, 0, 0, 0, 0, 0, 0, 0, 0, 0, 0, 0, 0, 0, 0, 0, 0, 0, 0, 0, 0, 0, 0, 0, 0, 0, 0, 0, 0, 0, 0, 0, 0, 0, 0, 0, 0, 0, 0, 0, 0, 0, 0, 0, 0, 0, 0, 0]]
},
"sfx": {
    "inharmonicity": {
        "mean": 0.057297155261,
        "var": 0.00679445220158
    },
    "oddtoevenharmonicenergyratio": {
        "mean": 1.72084009647,
        "var": 11.0736618042
    },
    "pitch_after_max_to_before_max_energy_ratio": 0.976224839687,
    "pitch_centroid": 16.4064025879,
    "pitch_max_to_total": 0.95454543829,
    "pitch_min_to_total": 0.54545456171,
    "tristimulus": {
        "mean": [0.404378712177, 0.372009277344, 0.178157433867],
        "var": [0.0925614610314, 0.0466814376414, 0.0167259741575]
    }
},
"tonal": {
    "chords_changes_rate": 0,
    "chords_number_rate": 0.0833333358169,
    "chords_strength": {
        "mean": 0.468265086412,
        "var": 7.9936057773e-15
    },
    "key_strength": 0.601678133011,
    "tuning_diatonic_strength": 0.350954025984,
    "tuning_equal_tempered_deviation": 0.270869910717,
    "tuning_frequency": 436.708374023,
    "tuning_nontempered_energy_ratio": 0.949474811554,
    "hpcp": {
        "mean": [0.00769437663257, 0.00900469440967, 0.0161798726767, 0.0142234293744, 0.0366867482662, 0.0638554766774, 0.121953465044, 0.209208130836, 0.211722120643, 0.107365064323, 0.0253578070551, 0.0601454079151, 0.0959041193128, 0.0492835231125, 0.00729627395049, 0.0111191188917, 0.0181949734688, 0.0207560565323, 0.015526833944, 0.0140055874363, 0.0300469771028, 0.057277303189, 0.308095782995, 0.666874587536, 0.48293402791, 0.0894876942039, 0.00467962305993, 0.0254735965282, 0.0340345092118, 0.0185046587139, 0.0152883864939, 0.016847839579, 0.0101793557405, 0.0164402443916, 0.0324492119253, 0.0243521537632],