{"lowlevel.dissonance.mean": [0.3511000871658325], "sfx.inharmonicity.mean": [0.3418492376804352], "lowlevel.spectral_contrast.mean": [[0.4509425163269043, 0.3813897371292114, 0.463348388671875, 0.27152538299560547, 0.304126501083374, 0.2961769104003906]], "lowlevel.spectral_centroid.mean": [0.40008991956710815], "lowlevel.mfcc.mean": [[0.264243483543396, 0.28660136461257935, 0.523210883140564, 0.39559102058410645, 0.34397798776626587, 0.3292766213417053, 0.4645773470401764, 0.44521093368530273, 0.4402020275592804, 0.3304792642593384, 0.24218863248825073, 0.2947683334350586, 0.32506996393203735]], "sfx.logattacktime.mean": [0.2061171531677246], "lowlevel.hfc.mean": [0.4742121696472168]}