{
"metadata": {
    "version": {
        "essentia": "2.1-dev"
    }
},
"lowLevel": {
    "average_loudness": 0.99068403244,
    "barkbands_kurtosis": {
        "mean": 21.4706726074,
        "var": 1879.5324707
    },
    "barkbands_skewness": {
        "mean": 1.96577000618,
        "var": 14.5166425705
    },
    "barkbands_spread": {
        "mean": 18.5341396332,
        "var": 282.252349854
    },
    "dissonance": {
        "mean": 0.392045736313,
        "var": 0.0167277362198
    },
    "hfc": {
        "mean": 17.3264389038,
        "var": 3347.96484375
    },
    "pitch": {
        "mean": 512.455932617,
        "var": 889335.5625
    },
    "pitch_instantaneous_confidence": {
        "mean": 0.512850999832,
        "var": 0.0541005767882
    },
    "pitch_salience": {
        "mean": 0.50220811367,
        "var": 0.0592743717134
    },
    "silence_rate_20dB": {
        "mean": 1,
        "var": 0
    },
    "silence_rate_30dB": {
        "mean": 1,
        "var": 0
    },
    "silence_rate_60dB": {
        "mean": 0.864864885807,
        "var": 0.116873577237
    },
    "spectral_centroid": {
        "mean": 2230.75366211,
        "var": 8781174
    },
    "spectral_complexity": {
        "mean": 5.21621608734,
        "var": 208.71005249
    },
    "spectral_crest": {
        "mean": 12.1650123596,
        "var": 55.0381584167
    },
    "spectral_decrease": {
        "mean": -1.15812870405e-09,
        "var": 1.5266430496e-17
    },
    "spectral_energy": {
        "mean": 0.00594258122146,
        "var": 0.000397075258661
    },
    "spectral_energyband_high": {
        "mean": 0.00219200947322,
        "var": 6.54506948194e-05
    },
    "spectral_energyband_low": {
        "mean": 0.000173776919837,
        "var": 4.77243702335e-07
    },
    "spectral_energyband_middle_high": {
        "mean": 0.00274024158716,
        "var": 8.28404081403e-05
    },
    "spectral_energyband_middle_low": {
        "mean": 0.000942818936892,
        "var": 9.76935916697e-06
    },
    "spectral_flatness_db": {
        "mean": 0.229090049863,
        "var": 0.0135332792997
    },
    "spectral_flux": {
        "mean": 0.025819376111,
        "var": 0.00441707344726
    },
    "spectral_kurtosis": {
        "mean": 9.42981910706,
        "var": 404.702484131
    },
    "spectral_rms": {
        "mean": 0.000872257573064,
        "var": 5.03680712427e-06
    },
    "spectral_rolloff": {
        "mean": 3950.46948242,
        "var": 27692768
    },
    "spectral_skewness": {
        "mean": 1.84255504608,
        "var": 4.28737688065
    },
    "spectral_spread": {
        "mean": 10565506,
        "var": 9.52996619878e+13
    },
    "spectral_strongpeak": {
        "mean": 0.302580326796,
        "var": 0.45744395256
    },
    "zerocrossingrate": {
        "mean": 0.141152873635,
        "var": 0.0286162924021
    },
    "barkbands": {
        "mean": [1.19072240068e-06, 2.69933752861e-05, 0.000108228414319, 7.87330209278e-05, 0.000186090750503, 0.000103190213849, 0.000213550476474, 0.000131871973281, 0.000141938959132, 0.000356097734766, 0.000212400118471, 0.000783128081821, 0.000220059140702, 7.40423347452e-05, 0.000120525648526, 9.8623939266e-05, 0.000149752784637, 0.000164832308656, 0.000249717209954, 0.000746284902561, 0.00122075050604, 0.000120946737297, 0.000152436914505, 0.000195549349883, 8.56198385009e-05, 2.03269703292e-08, 1.76308407873e-08],
        "var": [3.88087305347e-11, 1.49923060633e-08, 1.8473998864e-07, 1.38873915034e-07, 4.18872616592e-07, 8.91379983159e-08, 6.84555175212e-07, 1.72452189418e-07, 3.41219760003e-07, 1.16181092835e-06, 5.17970420333e-07, 8.49200205266e-06, 8.88776014563e-07, 6.0202623331e-08, 1.77315769179e-07, 1.77091664e-07, 3.35863745704e-07, 2.66809792038e-07, 7.11979907919e-07, 6.92056983098e-06, 2.5728430046e-05, 1.34816446007e-07, 2.37449370388e-07, 4.13918030517e-07, 7.08161280727e-08, 1.4859634519e-14, 1.11806587209e-14]
    },
    "mfcc": {
        "mean": [-1008.57867432, 36.5101928711, 7.70594644547, 0.694638133049, -12.1221590042, -8.96467399597, -1.68148767948, -1.43913519382, -3.3015203476, -6.44735717773, -10.5514688492, -6.89523792267, -6.40189599991],
        "var": [41591.1289062, 1781.59887695, 250.388641357, 36.0319747925, 266.875427246, 171.304733276, 50.8049659729, 18.0407180786, 21.1324214935, 38.6432914734, 92.46849823, 80.2576675415, 39.2412338257]
    },
    "sccoeffs": {
        "mean": [-0.714596867561, -0.81691801548, -0.821889221668, -0.891747951508, -0.88900321722, -0.896735608578],
        "var": [0.0155274076387, 0.0089337322861, 0.0115442667156, 0.00332239898853, 0.00362783460878, 0.00277318432927]
    },
    "scvalleys": {
        "mean": [-13.065320015, -12.6306390762, -12.9985618591, -13.6121025085, -13.7690219879, -14.321146965],
        "var": [26.3000164032, 32.161113739, 31.2000179291, 27.1098766327, 27.9177055359, 24.8917770386]
    }
},
"rhythm": {
    "bpm": 0,
    "confidence": 0,
    "first_peak_bpm": {
        "mean": 0,
        "var": 0
    },
    "first_peak_spread": {
        "mean": 0,
        "var": 0
    },
    "first_peak_weight": {
        "mean": 0,
        "var": 0
    },
    "onset_rate": 1.20003271103,
    "second_peak_bpm": {
        "mean": 0,
        "var": 0
    },
    "second_peak_spread": {
        "mean": 0,
        "var": 0
    },
    "second_peak_weight": {
        "mean": 0,
        "var": 0
    },
    "beats_position": [],
    "bpm_estimates": [],
    "bpm_intervals": [],
    "onset_times": [0.0116099771112],
    "histogram": [[0, 0, 0, 0, 0, 0, 0, 0, 0, 0, 0, 0, 0, 0, 0, 0, 0, 0, 0, 0, 0, 0, 0, 0, 0, 0, 0, 0, 0, 0, 0, 0, 0, 0, 0, 0, 0, 0, 0, 0, 0, 0, 0, 0, 0, 0, 0, 0, 0, 0, 0, 0, 0, 0, 0, 0, 0, 0, 0, 0, 0, 0, 0, 0, 0, 0, 0, 0, 0, 0, 0, 0, 0, 0, 0, 0, 0, 0, 0, 0, 0, 0, 0, 0, 0, 0, 0, 0, 0, 0, 0, 0, 0, 0, 0, 0, 0, 0, 0, 0, 0, 0, 0, 0, 0, 0, 0, 0, 0, 0, 0, 0, 0, 0, 0, 0, 0, 0, 0, 0, 0, 0, 0, 0, 0, 0, 0, 0, 0, 0, 0, 0, 0, 0, 0, 0, 0, 0, 0, 0, 0, 0, 0, 0, 0, 0, 0, 0, 0, 0, 0, 0, 0, 0, 0, 0, 0, 0, 0, 0, 0, 0, 0, 0, 0, 0, 0, 0, 0, 0, 0, 0, 0, 0, 0, 0, 0, 0, 0, 0, 0, 0, 0, 0, 0, 0, 0, 0, 0, 0, 0, 0, 0, 0, 0, 0, 0, 0, 0, 0, 0, 0, 0, 0, 0, 0, 0, 0, 0, 0, 0, 0, 0, 0, 0, 0, 0, 0, 0, 0, 0, 0, 0, 0, 0, 0, 0, 0, 0, 0, 0, 0, 0, 0, 0, 0, 0, 0, 0, 0, 0, 0, 0, 0, 0, 0, 0, 0, 0, 0]]
},
"sfx": {
    "inharmonicity": {
        "mean": 0.110108710825,
        "var": 0.0109382709488
    },
    "oddtoevenharmonicenergyratio": {
        "mean": 0.339731395245,
        "var": 0.278702050447
    },
    "pitch_after_max_to_before_max_energy_ratio": 2.13050866127,
    "pitch_centroid": 10.4556941986,
    "pitch_max_to_total": 0,
    "pitch_min_to_total": 0.972972989082,
    "tristimulus": {
        "mean": [0.406261414289, 0.285006076097, 0.308732479811],
        "var": [0.109445042908, 0.0581560246646, 0.0672821477056]
    }
},
"tonal": {
    "chords_changes_rate": 0,
    "chords_number_rate": 0.0526315793395,
    "chords_strength": {
        "mean": 0.324385523796,
        "var": 8.881784197e-16
    },
    "key_strength": 0.47544452548,
    "tuning_diatonic_strength": 0.316614091396,
    "tuning_equal_tempered_deviation": 0.181640401483,
    "tuning_frequency": 451.84777832,
    "tuning_nontempered_energy_ratio": 0.858106315136,
    "hpcp": {
        "mean": [0.327090978622, 0.100754223764, 0.0860152766109, 0.0766649395227, 0.124662913382, 0.140914142132, 0.0684657394886, 0.0942853987217, 0.244891613722, 0.214822545648, 0.0859999880195, 0.102294743061, 0.162866339087, 0.135279849172, 0.0580243803561, 0.0521466061473, 0.108200222254, 0.140653640032, 0.0774071663618, 0.0338562875986, 0.0416628830135, 0.0302071217448, 0.0164675023407, 0.0158128924668, 0.0173865649849, 0.0155188562348, 0.018236560747, 0.0191416908056, 0.0278200656176, 0.239413335919, 0.444157361984, 0.234962537885, 0.0265393704176, 0.0356636717916, 0.12012475729, 0.373627096415],