{
"metadata": {
    "version": {
        "essentia": "2.1-dev"
    }
},
"lowLevel": {
    "barkbands_kurtosis": {
        "mean": -0.825101435184,
        "var": 0.00512080686167
    },
    "dissonance": {
        "mean": 0.488752245903,
        "var": 9.25704534893e-06
    },
    "hfc": {
        "mean": 202.41784668,
        "var": 3790.80444336
    },
    "spectral_centroid": {
        "mean": 3074.00561523,
        "var": 287010.625
    },
    "spectral_complexity": {
        "mean": 50.3333320618,
        "var": 106.888893127
    },
    "spectral_crest": {
        "mean": 5.956346035,
        "var": 3.77526402473
    },
    "spectral_energyband_high": {
        "mean": 0.0259885471314,
        "var": 0.000188931953744
    },
    "spectral_energyband_low": {
        "mean": 0.00207579950802,
        "var": 1.94551307686e-06
    },
    "spectral_kurtosis": {
        "mean": 0.298042207956,
        "var": 2.16521143913
    },
    "spectral_rolloff": {
        "mean": 5433.54492188,
        "var": 1398558.375
    },
    "spectral_strongpeak": {
        "mean": 2.3297059536,
        "var": 0.353546053171
    },
    "mfcc": {
        "mean": [-502.218231201, 40.7057228088, -15.3929824829, 5.02996635437, -25.9427089691, -4.93001699448, 14.526804924, -8.85922908783, -5.71510362625, -5.56688928604, -18.2967529297, 6.03719520569, -2.40548300743],
        "var": [332.653106689, 318.003814697, 1.44728565216, 68.8703918457, 5.63250684738, 79.0928115845, 13.7943258286, 60.9072532654, 48.8352508545, 8.98279476166, 20.0541210175, 93.7927017212, 49.5093383789]
    },
    "sccoeffs": {
        "mean": [-0.650051593781, -0.748313188553, -0.758607804775, -0.749128997326, -0.727022826672, -0.768937587738],
        "var": [0.0025304115843, 0.00146277889144, 0.000511229562107, 0.00217934884131, 0.00258228229359, 8.65829715622e-05]
    }
},
"sfx": {
    "inharmonicity": {
        "mean": 0.013800653629,
        "var": 0.000380916055292
    }
}
}