{"lowlevel.dissonance.mean": [0.3507493734359741], "sfx.inharmonicity.mean": [0.3272990882396698], "lowlevel.spectral_contrast.mean": [[0.3882596492767334, 0.37757444381713867, 0.32285165786743164, 0.27557826042175293, 0.30042576789855957, 0.269683837890625]], "lowlevel.spectral_centroid.mean": [0.3338680565357208], "lowlevel.mfcc.mean": [[0.2298511266708374, 0.44844260811805725, 0.6507670879364014, 0.5330147743225098, 0.6758975386619568, 0.6873090863227844, 0.6808935403823853, 0.6890192031860352, 0.6973389983177185, 0.5473823547363281, 0.4677509069442749, 0.49557724595069885, 0.5831767320632935]], "sfx.logattacktime.mean": [0.11796995997428894], "lowlevel.hfc.mean": [0.4652704894542694]}