{
"metadata": {
    "version": {
        "essentia": "2.1-dev"
    }
},
"lowLevel": {
    "average_loudness": 0.99068403244,
    "barkbands_kurtosis": {
        "mean": 139.403274536,
        "var": 22265.2226562
    },
    "barkbands_skewness": {
        "mean": 7.44512796402,
        "var": 38.1941184998
    },
    "barkbands_spread": {
        "mean": 5.26778411865,
        "var": 67.80103302
    },
    "dissonance": {
        "mean": 0.392599523067,
        "var": 0.00699232937768
    },
    "hfc": {
        "mean": 0.403025299311,
        "var": 1.20248401165
    },
    "pitch": {
        "mean": 215.629135132,
        "var": 68317.265625
    },
    "pitch_instantaneous_confidence": {
        "mean": 0.509016096592,
        "var": 0.00970783550292
    },
    "pitch_salience": {
        "mean": 0.410525918007,
        "var": 0.0345038846135
    },
    "silence_rate_20dB": {
        "mean": 1,
        "var": 0
    },
    "silence_rate_30dB": {
        "mean": 1,
        "var": 0
    },
    "silence_rate_60dB": {
        "mean": 0.904761910439,
        "var": 0.0861677825451
    },
    "spectral_centroid": {
        "mean": 263.912841797,
        "var": 93297.7890625
    },
    "spectral_complexity": {
        "mean": 0.904761910439,
        "var": 4.56235980988
    },
    "spectral_crest": {
        "mean": 15.6872472763,
        "var": 31.635137558
    },
    "spectral_decrease": {
        "mean": -1.46232290166e-10,
        "var": 1.50465316646e-19
    },
    "spectral_energy": {
        "mean": 0.00058847211767,
        "var": 2.43541830969e-06
    },
    "spectral_energyband_high": {
        "mean": 4.22133689426e-06,
        "var": 1.73008954385e-10
    },
    "spectral_energyband_low": {
        "mean": 3.55853808287e-05,
        "var": 3.80357878527e-09
    },
    "spectral_energyband_middle_high": {
        "mean": 0.000196180379135,
        "var": 3.4963434814e-07
    },
    "spectral_energyband_middle_low": {
        "mean": 0.000357860000804,
        "var": 9.50061632921e-07
    },
    "spectral_flatness_db": {
        "mean": 0.297377645969,
        "var": 0.00942463427782
    },
    "spectral_flux": {
        "mean": 0.0125392870978,
        "var": 0.000473286898341
    },
    "spectral_kurtosis": {
        "mean": 9.901304245,
        "var": 107.720474243
    },
    "spectral_rms": {
        "mean": 0.000381676654797,
        "var": 4.28442206157e-07
    },
    "spectral_rolloff": {
        "mean": 374.267578125,
        "var": 243651.125
    },
    "spectral_skewness": {
        "mean": 2.83179736137,
        "var": 1.65295302868
    },
    "spectral_spread": {
        "mean": 20968540,
        "var": 1.57450648945e+14
    },
    "spectral_strongpeak": {
        "mean": 0.053440798074,
        "var": 0.0195098780096
    },
    "zerocrossingrate": {
        "mean": 0.015508743003,
        "var": 0.000104016449768
    },
    "barkbands": {
        "mean": [5.42570569451e-06, 2.03623058042e-05, 9.59459157457e-06, 4.52453650723e-06, 8.89113289304e-05, 0.000161217903951, 6.89857915859e-06, 3.89656306652e-05, 4.92783401569e-05, 6.75216651871e-05, 3.74948103854e-05, 5.96617646806e-05, 8.5102092271e-06, 6.81643950884e-06, 8.39325275592e-06, 8.13564838609e-06, 1.1572145695e-06, 7.3140091672e-07, 4.93738582463e-07, 3.05657380295e-07, 5.44095598798e-07, 5.62379284474e-07, 5.50888671569e-07, 6.02308375619e-07, 4.08930958429e-07, 1.16479463941e-06, 2.35149727246e-07],
        "var": [2.11120038118e-10, 1.01843822264e-09, 3.69067304495e-10, 1.05062680777e-10, 5.69802338646e-08, 2.03680627919e-07, 5.61862001369e-10, 1.97004190738e-08, 2.44144864325e-08, 2.77363181311e-08, 2.09805701701e-08, 4.88140408095e-08, 7.23356874399e-10, 4.77183959013e-10, 7.24082960257e-10, 6.54975740311e-10, 1.04202115686e-11, 6.05545041193e-12, 3.25406867251e-12, 7.14930176691e-13, 3.74636086042e-12, 4.02334762728e-12, 2.98749480016e-12, 3.23103523103e-12, 1.77948541319e-12, 1.9795854192e-11, 5.96700369237e-13]
    },
    "mfcc": {
        "mean": [-1029.50756836, 81.1740341187, 30.4303245544, 15.1017045975, 16.2275085449, 16.0714263916, 10.8061437607, 11.195309639, 9.30593967438, 2.99017238617, -1.49778425694, 0.42566499114, 3.15530061722],
        "var": [15974.7011719, 3832.78686523, 494.924468994, 581.598327637, 176.428146362, 47.7877197266, 113.718948364, 75.972038269, 35.6043434143, 84.3339767456, 148.43421936, 71.6268768311, 25.6582584381]
    },
    "sccoeffs": {
        "mean": [-0.729929149151, -0.807725250721, -0.868871688843, -0.882048487663, -0.88137280941, -0.895913958549],
        "var": [0.00299084186554, 0.00737432902679, 0.00285320985131, 0.00116268754937, 0.00123068643734, 0.000413308065617]
    },
    "scvalleys": {
        "mean": [-9.04942989349, -10.4489021301, -10.8225479126, -11.8330078125, -13.0378980637, -13.4089078903],
        "var": [2.84122109413, 5.64545059204, 7.37127256393, 6.82160377502, 4.76863288879, 3.67947530746]
    }
},
"rhythm": {
    "bpm": 0,
    "confidence": 0,
    "first_peak_bpm": {
        "mean": 0,
        "var": 0
    },
    "first_peak_spread": {
        "mean": 0,
        "var": 0
    },
    "first_peak_weight": {
        "mean": 0,
        "var": 0
    },
    "onset_rate": 4.41684579849,
    "second_peak_bpm": {
        "mean": 0,
        "var": 0
    },
    "second_peak_spread": {
        "mean": 0,
        "var": 0
    },
    "second_peak_weight": {
        "mean": 0,
        "var": 0
    },
    "beats_position": [],
    "bpm_estimates": [],
    "bpm_intervals": [],
    "onset_times": [0.0116099771112, 0.441179126501],
    "histogram": [[0, 0, 0, 0, 0, 0, 0, 0, 0, 0, 0, 0, 0, 0, 0, 0, 0, 0, 0, 0, 0, 0, 0, 0, 0, 0, 0, 0, 0, 0, 0, 0, 0, 0, 0, 0, 0, 0, 0, 0, 0, 0, 0, 0, 0, 0, 0, 0, 0, 0, 0, 0, 0, 0, 0, 0, 0, 0, 0, 0, 0, 0, 0, 0, 0, 0, 0, 0, 0, 0, 0, 0, 0, 0, 0, 0, 0, 0, 0, 0, 0, 0, 0, 0, 0, 0, 0, 0, 0, 0, 0, 0, 0, 0, 0, 0, 0, 0, 0, 0, 0, 0, 0, 0, 0, 0, 0, 0, 0, 0, 0, 0, 0, 0, 0, 0, 0, 0, 0, 0, 0, 0, 0, 0, 0, 0, 0, 0, 0, 0, 0, 0, 0, 0, 0, 0, 0, 0, 0, 0, 0, 0, 0, 0, 0, 0, 0, 0, 0, 0, 0, 0, 0, 0, 0, 0, 0, 0, 0, 0, 0, 0, 0, 0, 0, 0, 0, 0, 0, 0, 0, 0, 0, 0, 0, 0, 0, 0, 0, 0, 0, 0, 0, 0, 0, 0, 0, 0, 0, 0, 0, 0, 0, 0, 0, 0, 0, 0, 0, 0, 0, 0, 0, 0, 0, 0, 0, 0, 0, 0, 0, 0, 0, 0, 0, 0, 0, 0, 0, 0, 0, 0, 0, 0, 0, 0, 0, 0, 0, 0, 0, 0, 0, 0, 0, 0, 0, 0, 0, 0, 0, 0, 0, 0, 0, 0, 0, 0, 0, 0]]
},
"sfx": {
    "inharmonicity": {
        "mean": 0.0192037057132,
        "var": 0.00082654459402
    },
    "oddtoevenharmonicenergyratio": {
        "mean": 0.128805503249,
        "var": 0.0538184344769
    },
    "pitch_after_max_to_before_max_energy_ratio": 1.27094781399,
    "pitch_centroid": 12.4073238373,
    "pitch_max_to_total": 0.904761910439,
    "pitch_min_to_total": 0.428571432829,
    "tristimulus": {
        "mean": [0.666328132153, 0.245341435075, 0.0883303955197],
        "var": [0.0787713676691, 0.0428006239235, 0.00989503413439]
    }
},
"tonal": {
    "chords_changes_rate": 0,
    "chords_number_rate": 0.0909090936184,
    "chords_strength": {
        "mean": 0.480042427778,
        "var": 7.9936057773e-15
    },
    "key_strength": 0.588315546513,
    "tuning_diatonic_strength": 0.344787299633,
    "tuning_equal_tempered_deviation": 0.305836558342,
    "tuning_frequency": 437.718536377,
    "tuning_nontempered_energy_ratio": 0.980472445488,
    "hpcp": {
        "mean": [0.0195325594395, 0.0103006958961, 0.0314157381654, 0.0726951882243, 0.107173465192, 0.0610058456659, 0.0165120922029, 0.0986166223884, 0.182200714946, 0.148327216506, 0.0801770538092, 0.0464679934084, 0.041976608336, 0.0603610724211, 0.0631713271141, 0.0421080216765, 0.0193348824978, 0.0453546792269, 0.0817407444119, 0.0501350983977, 0.0203768294305, 0.0776493996382, 0.589974939823, 0.81249833107, 0.394599735737, 0.11524797231, 0.0165301132947, 0.0118203796446, 0.00861685164273, 0.00757622160017, 0.0138007169589, 0.0851692631841, 0.116497971117, 0.0840379744768, 0.0954639986157, 0.069724291563],