{
"metadata": {
    "version": {
        "essentia": "2.1-dev"
    }
},
"lowLevel": {
    "barkbands_kurtosis": {
        "mean": 18.6064300537,
        "var": 44.7356987
    },
    "dissonance": {
        "mean": 0.102257169783,
        "var": 0.00255334191024
    },
    "hfc": {
        "mean": 67.8199310303,
        "var": 440.158416748
    },
    "spectral_centroid": {
        "mean": 496.882873535,
        "var": 5.24570417404
    },
    "spectral_complexity": {
        "mean": 6.01369857788,
        "var": 1.30118215084
    },
    "spectral_crest": {
        "mean": 19.2813091278,
        "var": 0.786091387272
    },
    "spectral_energyband_high": {
        "mean": 4.80790902202e-07,
        "var": 7.16566766318e-14
    },
    "spectral_energyband_low": {
        "mean": 0.000162822019774,
        "var": 1.72007819099e-09
    },
    "spectral_kurtosis": {
        "mean": 201.379882812,
        "var": 2149.10131836
    },
    "spectral_rolloff": {
        "mean": 516.796875,
        "var": 0
    },
    "spectral_strongpeak": {
        "mean": 7.12583208084,
        "var": 2.79775238037
    },
    "mfcc": {
        "mean": [-848.358520508, 248.910324097, 20.4068927765, -52.4002685547, -45.8197364807, -31.2835674286, -51.5827560425, -52.2939529419, -15.2143316269, -11.6025743484, -0.750088453293, 18.5079460144, 7.69413423538],
        "var": [721.512329102, 87.791885376, 313.957824707, 91.4877471924, 36.6496696472, 51.3488273621, 30.8853111267, 31.9588165283, 21.6559848785, 34.8044013977, 76.8023376465, 17.9698543549, 51.9410324097]
    },
    "sccoeffs": {
        "mean": [-0.498191058636, -0.158484980464, -0.505337834358, -0.670836091042, -0.812694430351, -0.842362105846],
        "var": [0.00141756806988, 0.00184885645285, 0.00303975259885, 0.00423535890877, 0.00057284545619, 0.000358828954631]
    }
},
"sfx": {
    "inharmonicity": {
        "mean": 7.42339534554e-06,
        "var": 5.62634938639e-11
    }
}
}