{"lowlevel.dissonance.mean": [0.4317818880081177], "sfx.inharmonicity.mean": [0.476443886756897], "lowlevel.spectral_contrast.mean": [[0.5878301858901978, 1.2368911504745483, 1.113417387008667, 1.320307731628418, 0.7957384586334229, 0.47543931007385254]], "lowlevel.spectral_centroid.mean": [0.42754465341567993], "lowlevel.mfcc.mean": [[0.5042351484298706, 0.552175760269165, -0.3434962332248688, -0.22777807712554932, 0.1456519365310669, 0.15267714858055115, 0.3908809423446655, 0.08407533168792725, 0.06096497178077698, 0.2624751925468445, 0.2867136597633362, 0.29568642377853394, 0.5577857494354248]], "sfx.logattacktime.mean": [0.36511868238449097], "lowlevel.hfc.mean": [0.4750317335128784]}