{"lowlevel.dissonance.mean": [0.17425179481506348], "sfx.inharmonicity.mean": [0.5784591436386108], "lowlevel.spectral_contrast.mean": [[0.5255693197250366, 0.5327229499816895, 0.3462963104248047, 0.3331267833709717, 0.2595329284667969, 0.29325270652770996]], "lowlevel.spectral_centroid.mean": [0.4086518883705139], "lowlevel.mfcc.mean": [[0.24441444873809814, 0.2496376931667328, 0.5038228631019592, 0.41831475496292114, 0.3733516335487366, 0.3020339608192444, 0.37353515625, 0.3481959104537964, 0.39650216698646545, 0.4276280105113983, 0.44918692111968994, 0.46156027913093567, 0.3865910470485687]], "sfx.logattacktime.mean": [0.15821623802185059], "lowlevel.hfc.mean": [0.4706888198852539]}