{
"metadata": {
    "version": {
        "essentia": "2.1-dev"
    }
},
"lowLevel": {
    "barkbands_kurtosis": {
        "mean": -0.856927454472,
        "var": 0.0605816803873
    },
    "dissonance": {
        "mean": 0.481629997492,
        "var": 1.51553003889e-05
    },
    "hfc": {
        "mean": 121.905090332,
        "var": 5935.27294922
    },
    "spectral_centroid": {
        "mean": 2825.04199219,
        "var": 375545.09375
    },
    "spectral_complexity": {
        "mean": 49.6666679382,
        "var": 43.5555534363
    },
    "spectral_crest": {
        "mean": 3.84023547173,
        "var": 0.5777952075
    },
    "spectral_energyband_high": {
        "mean": 0.0126282088459,
        "var": 6.04214110353e-05
    },
    "spectral_energyband_low": {
        "mean": 0.000690484477673,
        "var": 2.2565411939e-07
    },
    "spectral_kurtosis": {
        "mean": 0.366633743048,
        "var": 2.4208483696
    },
    "spectral_rolloff": {
        "mean": 5160.79101562,
        "var": 1082638.5
    },
    "spectral_strongpeak": {
        "mean": 0.500762164593,
        "var": 0.0229414254427
    },
    "mfcc": {
        "mean": [-530.182922363, 34.6843147278, -24.5529346466, -0.867771148682, -19.563325882, -9.66691398621, 6.33835411072, -10.0368108749, -14.4503173828, -13.9748687744, -21.1675662994, -1.25134849548, -8.11927700043],
        "var": [757.751464844, 276.820587158, 99.6830978394, 1.8678150177, 4.8779501915, 7.61584663391, 127.355918884, 69.0890426636, 4.64019060135, 37.8882637024, 7.98647165298, 17.9596691132, 19.4068317413]
    },
    "sccoeffs": {
        "mean": [-0.517421424389, -0.717873811722, -0.795159995556, -0.778775632381, -0.778659820557, -0.802067279816],
        "var": [0.00175075232983, 0.000734898319934, 0.000977139105089, 7.76632878114e-05, 0.000662778038532, 0.000107609092083]
    }
},
"sfx": {
    "inharmonicity": {
        "mean": 0.152358964086,
        "var": 0.0109410015866
    }
}
}