{
"metadata": {
    "version": {
        "essentia": "2.1-dev"
    }
},
"lowLevel": {
    "average_loudness": 0.99068403244,
    "barkbands_kurtosis": {
        "mean": 9.19864654541,
        "var": 120.521194458
    },
    "barkbands_skewness": {
        "mean": 1.25781345367,
        "var": 4.15577316284
    },
    "barkbands_spread": {
        "mean": 17.1014881134,
        "var": 258.300628662
    },
    "dissonance": {
        "mean": 0.366791009903,
        "var": 0.0163489282131
    },
    "hfc": {
        "mean": 11.0359477997,
        "var": 1597.19494629
    },
    "pitch": {
        "mean": 492.217163086,
        "var": 807142.875
    },
    "pitch_instantaneous_confidence": {
        "mean": 0.540876746178,
        "var": 0.063819989562
    },
    "pitch_salience": {
        "mean": 0.542457520962,
        "var": 0.0320975109935
    },
    "silence_rate_20dB": {
        "mean": 1,
        "var": 0
    },
    "silence_rate_30dB": {
        "mean": 1,
        "var": 0
    },
    "silence_rate_60dB": {
        "mean": 0.891891896725,
        "var": 0.0964206680655
    },
    "spectral_centroid": {
        "mean": 1912.42614746,
        "var": 6822379
    },
    "spectral_complexity": {
        "mean": 4.8648648262,
        "var": 201.306121826
    },
    "spectral_crest": {
        "mean": 11.9404335022,
        "var": 32.9247436523
    },
    "spectral_decrease": {
        "mean": -7.80330799977e-10,
        "var": 8.794356798e-18
    },
    "spectral_energy": {
        "mean": 0.00394615996629,
        "var": 0.000218611108721
    },
    "spectral_energyband_high": {
        "mean": 0.00115698669106,
        "var": 1.69400573213e-05
    },
    "spectral_energyband_low": {
        "mean": 5.75314843445e-05,
        "var": 5.36778728133e-08
    },
    "spectral_energyband_middle_high": {
        "mean": 0.0021842403803,
        "var": 8.22343063192e-05
    },
    "spectral_energyband_middle_low": {
        "mean": 0.00062132475432,
        "var": 5.23465996594e-06
    },
    "spectral_flatness_db": {
        "mean": 0.252786666155,
        "var": 0.0157298315316
    },
    "spectral_flux": {
        "mean": 0.0218811295927,
        "var": 0.00356424902566
    },
    "spectral_kurtosis": {
        "mean": 3.48575949669,
        "var": 45.1556892395
    },
    "spectral_rms": {
        "mean": 0.000677835778333,
        "var": 3.39045232067e-06
    },
    "spectral_rolloff": {
        "mean": 3256.16943359,
        "var": 21673352
    },
    "spectral_skewness": {
        "mean": 1.45296001434,
        "var": 1.69340932369
    },
    "spectral_spread": {
        "mean": 10124669,
        "var": 6.30170645955e+13
    },
    "spectral_strongpeak": {
        "mean": 0.103013411164,
        "var": 0.0677518174052
    },
    "zerocrossingrate": {
        "mean": 0.125673040748,
        "var": 0.0215060804039
    },
    "barkbands": {
        "mean": [3.99361255177e-08, 1.98091743187e-06, 1.9662471459e-05, 8.32263758639e-05, 0.000156581998453, 4.37844573753e-05, 0.000160478273756, 3.30494840455e-05, 0.000106373954623, 0.000160718409461, 0.000311728479574, 0.000530839548446, 0.000106462124677, 8.10496712802e-05, 0.000102387049992, 0.000105941406218, 0.000101727178844, 0.000291805656161, 0.000230802470469, 0.000523753929883, 0.000366087333532, 0.000105931263533, 0.000108597196231, 0.000151714702952, 6.13277152297e-05, 4.76077630651e-08, 3.42299131262e-08],
        "var": [4.14697539275e-14, 5.62978864915e-11, 8.44434211444e-09, 9.3055383843e-08, 3.96957858584e-07, 2.46010909422e-08, 4.50954161124e-07, 1.04742321483e-08, 1.78495227487e-07, 4.06493114724e-07, 1.93416076399e-06, 6.35764808976e-06, 1.48513521481e-07, 6.95571245046e-08, 1.86763600141e-07, 1.7856477541e-07, 9.95684743543e-08, 1.58001523687e-06, 9.8985913155e-07, 5.13168015459e-06, 1.79643723186e-06, 1.02209043007e-07, 1.14750221769e-07, 1.9737606749e-07, 3.14235890642e-08, 8.1515963955e-14, 4.21417492103e-14]
    },
    "mfcc": {
        "mean": [-1019.9173584, 25.9918308258, 5.34059286118, 2.6843726635, -9.3254776001, -10.5929393768, -7.71098852158, -6.9402961731, -5.18414258957, -2.54682421684, -2.6439704895, -0.642766773701, -3.9315366745],
        "var": [37367.0546875, 733.357177734, 269.071929932, 15.4221172333, 128.2862854, 111.425674438, 104.324928284, 54.3685150146, 31.1845798492, 37.9983329773, 59.4394340515, 14.528512001, 21.2035102844]
    },
    "sccoeffs": {
        "mean": [-0.669725835323, -0.758046925068, -0.866829097271, -0.875177741051, -0.89501273632, -0.888218641281],
        "var": [0.0151332681999, 0.011386427097, 0.00385886989534, 0.00340195815079, 0.00233762455173, 0.00308240018785]
    },
    "scvalleys": {
        "mean": [-13.4043912888, -12.351354599, -13.0418729782, -13.327624321, -13.3399896622, -13.8539180756],
        "var": [18.3232364655, 22.6544036865, 24.3742046356, 21.7894878387, 22.4309577942, 19.3993453979]
    }
},
"rhythm": {
    "bpm": 0,
    "confidence": 0,
    "first_peak_bpm": {
        "mean": 0,
        "var": 0
    },
    "first_peak_spread": {
        "mean": 0,
        "var": 0
    },
    "first_peak_weight": {
        "mean": 0,
        "var": 0
    },
    "onset_rate": 1.20003271103,
    "second_peak_bpm": {
        "mean": 0,
        "var": 0
    },
    "second_peak_spread": {
        "mean": 0,
        "var": 0
    },
    "second_peak_weight": {
        "mean": 0,
        "var": 0
    },
    "beats_position": [],
    "bpm_estimates": [],
    "bpm_intervals": [],
    "onset_times": [0.0116099771112],
    "histogram": [[0, 0, 0, 0, 0, 0, 0, 0, 0, 0, 0, 0, 0, 0, 0, 0, 0, 0, 0, 0, 0, 0, 0, 0, 0, 0, 0, 0, 0, 0, 0, 0, 0, 0, 0, 0, 0, 0, 0, 0, 0, 0, 0, 0, 0, 0, 0, 0, 0, 0, 0, 0, 0, 0, 0, 0, 0, 0, 0, 0, 0, 0, 0, 0, 0, 0, 0, 0, 0, 0, 0, 0, 0, 0, 0, 0, 0, 0, 0, 0, 0, 0, 0, 0, 0, 0, 0, 0, 0, 0, 0, 0, 0, 0, 0, 0, 0, 0, 0, 0, 0, 0, 0, 0, 0, 0, 0, 0, 0, 0, 0, 0, 0, 0, 0, 0, 0, 0, 0, 0, 0, 0, 0, 0, 0, 0, 0, 0, 0, 0, 0, 0, 0, 0, 0, 0, 0, 0, 0, 0, 0, 0, 0, 0, 0, 0, 0, 0, 0, 0, 0, 0, 0, 0, 0, 0, 0, 0, 0, 0, 0, 0, 0, 0, 0, 0, 0, 0, 0, 0, 0, 0, 0, 0, 0, 0, 0, 0, 0, 0, 0, 0, 0, 0, 0, 0, 0, 0, 0, 0, 0, 0, 0, 0, 0, 0, 0, 0, 0, 0, 0, 0, 0, 0, 0, 0, 0, 0, 0, 0, 0, 0, 0, 0, 0, 0, 0, 0, 0, 0, 0, 0, 0, 0, 0, 0, 0, 0, 0, 0, 0, 0, 0, 0, 0, 0, 0, 0, 0, 0, 0, 0, 0, 0, 0, 0, 0, 0, 0, 0]]
},
"sfx": {
    "inharmonicity": {
        "mean": 0.157928258181,
        "var": 0.0136615941301
    },
    "oddtoevenharmonicenergyratio": {
        "mean": 2053.99267578,
        "var": 28215570
    },
    "pitch_after_max_to_before_max_energy_ratio": 1.98836410046,
    "pitch_centroid": 17.1376972198,
    "pitch_max_to_total": 0.0810810774565,
    "pitch_min_to_total": 0.756756782532,
    "tristimulus": {
        "mean": [0.184333384037, 0.519856095314, 0.29581040144],
        "var": [0.0802384316921, 0.108820877969, 0.0523457191885]
    }
},
"tonal": {
    "chords_changes_rate": 0,
    "chords_number_rate": 0.0526315793395,
    "chords_strength": {
        "mean": 0.522463858128,
        "var": 0
    },
    "key_strength": 0.656277000904,
    "tuning_diatonic_strength": 0.469746083021,
    "tuning_equal_tempered_deviation": 0.232677280903,
    "tuning_frequency": 446.91595459,
    "tuning_nontempered_energy_ratio": 0.860821902752,
    "hpcp": {
        "mean": [0.0646757110953, 0.107017852366, 0.124425522983, 0.0988564267755, 0.0988139137626, 0.0930940583348, 0.262053728104, 0.580944478512, 0.421472936869, 0.118815876544, 0.08592492342, 0.0833759754896, 0.115161672235, 0.136067792773, 0.128925547004, 0.110610485077, 0.109161779284, 0.111116573215, 0.0950352922082, 0.0653850287199, 0.045767057687, 0.0472966134548, 0.0538420677185, 0.0491826422513, 0.0511942394078, 0.0531894676387, 0.0510985776782, 0.0564584620297, 0.0718425288796, 0.190059691668, 0.462098479271, 0.384525746107, 0.0986049771309, 0.0601980984211, 0.0537087917328, 0.0476125478745],