{
"metadata": {
    "version": {
        "essentia": "2.1-dev"
    }
},
"lowLevel": {
    "average_loudness": 0.977429628372,
    "barkbands_kurtosis": {
        "mean": 49.8224983215,
        "var": 45168.4335938
    },
    "barkbands_skewness": {
        "mean": 4.15801668167,
        "var": 23.4626960754
    },
    "barkbands_spread": {
        "mean": 7.22100877762,
        "var": 216.656143188
    },
    "dissonance": {
        "mean": 0.465637803078,
        "var": 0.00494647445157
    },
    "hfc": {
        "mean": 107.933319092,
        "var": 3414.5715332
    },
    "pitch": {
        "mean": 1451.90917969,
        "var": 113436.09375
    },
    "pitch_instantaneous_confidence": {
        "mean": 0.896485030651,
        "var": 0.0584130212665
    },
    "pitch_salience": {
        "mean": 0.281155139208,
        "var": 0.0207326766104
    },
    "silence_rate_20dB": {
        "mean": 1,
        "var": 0
    },
    "silence_rate_30dB": {
        "mean": 0.895397484303,
        "var": 0.0936609432101
    },
    "silence_rate_60dB": {
        "mean": 0.188284516335,
        "var": 0.152834132314
    },
    "spectral_centroid": {
        "mean": 1598.3927002,
        "var": 188143.5625
    },
    "spectral_complexity": {
        "mean": 1.67364013195,
        "var": 0.629893481731
    },
    "spectral_crest": {
        "mean": 22.6772918701,
        "var": 32.3190917969
    },
    "spectral_decrease": {
        "mean": -1.4772803425e-08,
        "var": 6.72381304801e-17
    },
    "spectral_energy": {
        "mean": 0.0655457377434,
        "var": 0.00131098029669
    },
    "spectral_energyband_high": {
        "mean": 2.36794367083e-05,
        "var": 3.16840664816e-10
    },
    "spectral_energyband_low": {
        "mean": 1.9560734188e-07,
        "var": 3.62771946272e-14
    },
    "spectral_energyband_middle_high": {
        "mean": 0.0655216649175,
        "var": 0.0013101779623
    },
    "spectral_energyband_middle_low": {
        "mean": 1.43547580933e-07,
        "var": 1.29253051879e-14
    },
    "spectral_flatness_db": {
        "mean": 0.557599544525,
        "var": 0.0406622253358
    },
    "spectral_flux": {
        "mean": 0.0186466593295,
        "var": 0.000313176133204
    },
    "spectral_kurtosis": {
        "mean": 19.6628932953,
        "var": 80.794670105
    },
    "spectral_rms": {
        "mean": 0.00715173687786,
        "var": 1.27997145682e-05
    },
    "spectral_rolloff": {
        "mean": 1900.59484863,
        "var": 782540.5625
    },
    "spectral_skewness": {
        "mean": 3.81603384018,
        "var": 0.987195670605
    },
    "spectral_spread": {
        "mean": 4957943,
        "var": 2.36859603026e+13
    },
    "spectral_strongpeak": {
        "mean": 12.9761362076,
        "var": 48.3144416809
    },
    "zerocrossingrate": {
        "mean": 0.0723636895418,
        "var": 0.000439417548478
    },
    "barkbands": {
        "mean": [3.31280318733e-07, 4.4489908646e-08, 2.58240651085e-09, 1.68549141311e-09, 8.04914535024e-09, 2.26969500972e-08, 1.67664371276e-08, 2.5373505963e-08, 5.27061629896e-08, 7.24780306882e-08, 1.01055896096e-07, 3.82909718155e-07, 1.31547049023e-05, 0.0606111884117, 2.62644698523e-06, 3.45827089632e-07, 3.76194435603e-07, 0.00488888658583, 4.4115899982e-06, 3.23472391983e-07, 9.29750694922e-06, 7.14997850082e-06, 2.0677023258e-06, 3.38301242664e-06, 5.20186574704e-07, 1.10066332581e-06, 1.71470571075e-09],
        "var": [1.4398019181e-13, 1.757765525e-15, 6.48348920408e-18, 3.20453636372e-18, 1.01220152647e-16, 5.33382099661e-16, 2.27126379092e-16, 6.40758878197e-16, 3.42171643362e-15, 5.38229002179e-15, 1.24385119649e-14, 1.42915356199e-13, 2.74975126002e-10, 0.00121426186524, 6.21538150808e-12, 7.55742311179e-14, 9.61416208689e-14, 2.28501703532e-05, 2.97700405993e-11, 9.43616861623e-14, 9.1955436321e-11, 1.1179638465e-10, 3.36978166725e-12, 1.10356142627e-11, 2.28925900589e-13, 6.85601055095e-12, 1.04366775821e-17]
    },
    "mfcc": {
        "mean": [-959.244262695, -20.0051612854, -87.7020263672, -21.8827514648, 29.7204360962, 33.1280937195, 22.8925189972, -17.5555400848, -46.2030677795, 17.521490097, 67.9565811157, 8.47901725769, -51.1064414978],
        "var": [5857.44384766, 379.776000977, 1586.63293457, 165.856613159, 167.502090454, 259.097503662, 125.701164246, 133.663528442, 521.540771484, 51.5468025208, 714.580810547, 44.9697608948, 641.99017334]
    },
    "sccoeffs": {
        "mean": [-0.777926564217, -0.884233236313, -0.888009548187, -0.409824341536, -0.598219871521, -0.825043559074],
        "var": [0.00334647251293, 0.000675839197356, 0.000452369160485, 0.0425406172872, 0.0169799346477, 0.00134449265897]
    },
    "scvalleys": {
        "mean": [-11.0461568832, -10.673995018, -10.2670001984, -9.37658977509, -10.3698968887, -11.0941438675],
        "var": [0.318455904722, 0.364250570536, 0.690231621265, 1.2737531662, 1.07047426701, 1.60846877098]
    }
},
"rhythm": {
    "beats_loudness": {
        "mean": 0.0814829990268,
        "var": 0.000325793516822
    },
    "bpm": 94.2294082642,
    "confidence": 0,
    "first_peak_bpm": {
        "mean": 96,
        "var": 0
    },
    "first_peak_spread": {
        "mean": 0.571428537369,
        "var": 0
    },
    "first_peak_weight": {
        "mean": 0.428571432829,
        "var": 0
    },
    "onset_rate": 1.27112364769,
    "second_peak_bpm": {
        "mean": 0,
        "var": 0
    },
    "second_peak_spread": {
        "mean": 0,
        "var": 0
    },
    "second_peak_weight": {
        "mean": 0,
        "var": 0
    },
    "beats_loudness_band_ratio": {
        "mean": [4.06432809541e-06, 3.75359689997e-07, 1.72862951331e-06, 0.91830509901, 0.0813785791397, 0.000452720472822],
        "var": [1.19152110054e-11, 7.21989335721e-14, 1.25750169826e-12, 0.00379760563374, 0.00378170842305, 6.6462654047e-08]
    },
    "beats_position": [0.603718817234, 1.24226760864, 1.88081634045, 2.53097510338, 3.15791368484, 3.80807256699, 4.43501138687, 5.06195020676],
    "bpm_estimates": [93.9630661011, 93.9630737305, 92.2851486206, 95.7031555176, 92.2851333618, 95.7031173706, 95.7031173706],
    "bpm_intervals": [0.638548791409, 0.638548731804, 0.650158762932, 0.626938581467, 0.650158882141, 0.626938819885, 0.626938819885],
    "onset_times": [0.139319732785, 0.53405892849, 0.905578255653, 2.51936507225, 3.15791392326, 4.20281171799, 4.88780021667],
    "histogram": [[0, 0, 0, 0, 0, 0, 0, 0, 0, 0, 0, 0, 0, 0, 0, 0, 0, 0, 0, 0, 0, 0, 0, 0, 0, 0, 0, 0, 0, 0, 0, 0, 0, 0, 0, 0, 0, 0, 0, 0, 0, 0, 0, 0, 0, 0, 0, 0, 0, 0, 0, 0, 0, 0, 0, 0, 0, 0, 0, 0, 0, 0, 0, 0, 0, 0, 0, 0, 0, 0, 0, 0, 0, 0, 0, 0, 0, 0, 0, 0, 0, 0, 0, 0, 0, 0, 0, 0, 0, 0, 0, 0, 0.285714298487, 0, 0.285714298487, 0, 0.428571432829, 0, 0, 0, 0, 0, 0, 0, 0, 0, 0, 0, 0, 0, 0, 0, 0, 0, 0, 0, 0, 0, 0, 0, 0, 0, 0, 0, 0, 0, 0, 0, 0, 0, 0, 0, 0, 0, 0, 0, 0, 0, 0, 0, 0, 0, 0, 0, 0, 0, 0, 0, 0, 0, 0, 0, 0, 0, 0, 0, 0, 0, 0, 0, 0, 0, 0, 0, 0, 0, 0, 0, 0, 0, 0, 0, 0, 0, 0, 0, 0, 0, 0, 0, 0, 0, 0, 0, 0, 0, 0, 0, 0, 0, 0, 0, 0, 0, 0, 0, 0, 0, 0, 0, 0, 0, 0, 0, 0, 0, 0, 0, 0, 0, 0, 0, 0, 0, 0, 0, 0, 0, 0, 0, 0, 0, 0, 0, 0, 0, 0, 0, 0, 0, 0, 0, 0, 0, 0, 0, 0, 0, 0, 0, 0, 0, 0, 0, 0, 0, 0, 0, 0, 0]]
},
"sfx": {
    "inharmonicity": {
        "mean": 0.0135753629729,
        "var": 0.00251752068289
    },
    "oddtoevenharmonicenergyratio": {
        "mean": 0.263623535633,
        "var": 0.544283807278
    },
    "pitch_after_max_to_before_max_energy_ratio": 11.7219228745,
    "pitch_centroid": 120.904090881,
    "pitch_max_to_total": 0.100418411195,
    "pitch_min_to_total": 0.0460251048207,
    "tristimulus": {
        "mean": [0.718770861626, 0.242270976305, 0.0389580763876],
        "var": [0.0440848506987, 0.0176064670086, 0.0213236194104]
    }
},
"tonal": {
    "chords_changes_rate": 0.0666666701436,
    "chords_number_rate": 0.0416666679084,
    "chords_strength": {
        "mean": 0.287501841784,
        "var": 0.000866503687575
    },