{
"metadata": {
    "version": {
        "essentia": "2.1-dev"
    }
},
"lowLevel": {
    "barkbands_kurtosis": {
        "mean": 59.7310066223,
        "var": 55250.5351562
    },
    "dissonance": {
        "mean": 0.463411509991,
        "var": 0.00511987507343
    },
    "hfc": {
        "mean": 133.576873779,
        "var": 810.824829102
    },
    "spectral_centroid": {
        "mean": 1656.35058594,
        "var": 9224.2109375
    },
    "spectral_complexity": {
        "mean": 2.03626942635,
        "var": 0.0453166365623
    },
    "spectral_crest": {
        "mean": 24.7875995636,
        "var": 3.04619598389
    },
    "spectral_energyband_high": {
        "mean": 2.92924651148e-05,
        "var": 2.28614821518e-10
    },
    "spectral_energyband_low": {
        "mean": 2.10160365555e-07,
        "var": 4.1138279442e-14
    },
    "spectral_kurtosis": {
        "mean": 22.7018375397,
        "var": 37.2937011719
    },
    "spectral_rolloff": {
        "mean": 1804.10009766,
        "var": 313434.25
    },
    "spectral_strongpeak": {
        "mean": 16.0208282471,
        "var": 11.505525589
    },
    "mfcc": {
        "mean": [-922.973510742, -27.6862373352, -106.242622375, -26.9666671753, 34.4032554626, 38.7279891968, 27.0356140137, -21.2424564362, -56.4659080505, 19.2806072235, 79.9375534058, 9.11095333099, -62.623046875],
        "var": [254.438842773, 144.944702148, 69.9863510132, 59.9385185242, 74.1431045532, 144.266326904, 52.4539337158, 80.432182312, 56.1136703491, 40.2637672424, 64.2941513062, 49.1733665466, 43.1769142151]
    },
    "sccoeffs": {
        "mean": [-0.779101133347, -0.885057151318, -0.886067390442, -0.313685178757, -0.540460824966, -0.811842918396],
        "var": [0.00331753841601, 0.000584807945415, 0.000389069755329, 0.000822599977255, 0.00301863369532, 0.000684050552081]
    }
},
"sfx": {
    "inharmonicity": {
        "mean": 5.98742808506e-05,
        "var": 5.94390758835e-09
    }
}
}