{
"metadata": {
    "version": {
        "essentia": "2.1-dev"
    }
},
"lowLevel": {
    "barkbands_kurtosis": {
        "mean": 4.66299247742,
        "var": 184.469970703
    },
    "dissonance": {
        "mean": 0.482179731131,
        "var": 0.00302002346143
    },
    "hfc": {
        "mean": 155.273406982,
        "var": 3012.82788086
    },
    "spectral_centroid": {
        "mean": 2386.63867188,
        "var": 97221.921875
    },
    "spectral_complexity": {
        "mean": 2.05813956261,
        "var": 0.0547593981028
    },
    "spectral_crest": {
        "mean": 20.3587112427,
        "var": 14.4975728989
    },
    "spectral_energyband_high": {
        "mean": 8.86531270226e-05,
        "var": 4.16019885208e-09
    },
    "spectral_energyband_low": {
        "mean": 2.49834812394e-07,
        "var": 8.20762931903e-14
    },
    "spectral_kurtosis": {
        "mean": 11.665186882,
        "var": 12.6385507584
    },
    "spectral_rolloff": {
        "mean": 3169.89038086,
        "var": 745861.625
    },
    "spectral_strongpeak": {
        "mean": 16.4948234558,
        "var": 20.5516014099
    },
    "mfcc": {
        "mean": [-925.74017334, -58.2833213806, -83.7841949463, 10.5908536911, 38.2790336609, 11.1590042114, -2.57031345367, -40.7354812622, 18.1532669067, 80.8897628784, -25.9161567688, -66.061920166, 48.1561660767],
        "var": [410.876464844, 119.317611694, 102.353904724, 97.2172164917, 97.0578918457, 101.595985413, 90.2110977173, 62.8783721924, 130.713241577, 92.1484146118, 77.0857772827, 63.5010375977, 95.1628417969]
    },
    "sccoeffs": {
        "mean": [-0.782542645931, -0.882344543934, -0.876483857632, -0.29939994216, -0.479104071856, -0.725493192673],
        "var": [0.00295373704284, 0.000581795407925, 0.000589132541791, 0.0013976887567, 0.00205401703715, 0.00385801494122]
    }
},
"sfx": {
    "inharmonicity": {
        "mean": 0.00034660185338,
        "var": 1.79488424124e-07
    }
}
}