{
"metadata": {
    "version": {
        "essentia": "2.1-dev"
    }
},
"lowLevel": {
    "average_loudness": 0.980078756809,
    "barkbands_kurtosis": {
        "mean": 13.664484024,
        "var": 2181.42285156
    },
    "barkbands_skewness": {
        "mean": 2.23725175858,
        "var": 8.35793113708
    },
    "barkbands_spread": {
        "mean": 6.59643793106,
        "var": 111.221664429
    },
    "dissonance": {
        "mean": 0.478818029165,
        "var": 0.00347938295454
    },
    "hfc": {
        "mean": 129.059295654,
        "var": 5880.52636719
    },
    "pitch": {
        "mean": 1732.7578125,
        "var": 211397.4375
    },
    "pitch_instantaneous_confidence": {
        "mean": 0.912373244762,
        "var": 0.0566400811076
    },
    "pitch_salience": {
        "mean": 0.370552092791,
        "var": 0.0182126015425
    },
    "silence_rate_20dB": {
        "mean": 1,
        "var": 0
    },
    "silence_rate_30dB": {
        "mean": 0.942028999329,
        "var": 0.0546104796231
    },
    "silence_rate_60dB": {
        "mean": 0.15942029655,
        "var": 0.134005248547
    },
    "spectral_centroid": {
        "mean": 2117.93481445,
        "var": 558143.3125
    },
    "spectral_complexity": {
        "mean": 1.72946858406,
        "var": 0.593480229378
    },
    "spectral_crest": {
        "mean": 20.306596756,
        "var": 17.3399448395
    },
    "spectral_decrease": {
        "mean": -1.1487856888e-08,
        "var": 5.35489762479e-17
    },
    "spectral_energy": {
        "mean": 0.055063828826,
        "var": 0.00117904355284
    },
    "spectral_energyband_high": {
        "mean": 7.36741785659e-05,
        "var": 4.55940618593e-09
    },
    "spectral_energyband_low": {
        "mean": 2.31411192431e-07,
        "var": 7.24330873601e-14
    },
    "spectral_energyband_middle_high": {
        "mean": 0.0549898073077,
        "var": 0.00117618916556
    },
    "spectral_energyband_middle_low": {
        "mean": 1.48811196254e-07,
        "var": 1.78842434839e-14
    },
    "spectral_flatness_db": {
        "mean": 0.571536719799,
        "var": 0.0216101948172
    },
    "spectral_flux": {
        "mean": 0.0426833741367,
        "var": 0.00161322776694
    },
    "spectral_kurtosis": {
        "mean": 10.4094495773,
        "var": 28.2717418671
    },
    "spectral_rms": {
        "mean": 0.00657058740035,
        "var": 1.05482258732e-05
    },
    "spectral_rolloff": {
        "mean": 2844.56933594,
        "var": 1840657
    },
    "spectral_skewness": {
        "mean": 2.77179694176,
        "var": 0.488053262234
    },
    "spectral_spread": {
        "mean": 7278558,
        "var": 6.35171472671e+13
    },
    "spectral_strongpeak": {
        "mean": 13.7397842407,
        "var": 54.4444885254
    },
    "zerocrossingrate": {
        "mean": 0.0936650782824,
        "var": 0.00185907375999
    },
    "barkbands": {
        "mean": [3.97270440544e-07, 4.93812919444e-08, 2.85766099672e-09, 1.85851756207e-09, 1.02676889213e-08, 2.34944490529e-08, 1.84615664978e-08, 2.83595014139e-08, 5.42488152178e-08, 5.69490552493e-08, 1.61877835581e-07, 8.04822732903e-08, 5.89683679664e-08, 4.6136239007e-07, 0.0417617037892, 3.52373626811e-06, 5.34281753062e-07, 2.86641721914e-07, 5.24428924109e-06, 0.0132180154324, 3.74896586663e-07, 2.16516473301e-05, 1.29037962324e-05, 2.58870695689e-05, 1.0493849004e-05, 1.93406935978e-06, 1.40190092868e-09],
        "var": [2.90070783148e-13, 2.65905707351e-15, 6.38935108728e-18, 3.90991194274e-18, 1.91513130288e-16, 2.26628810763e-15, 6.67263915545e-16, 7.44317126329e-16, 4.47001309123e-15, 2.2278937982e-15, 1.83164928672e-14, 5.34154731351e-15, 4.65937492988e-15, 3.15590273098e-13, 0.000950124522205, 4.41838649001e-11, 2.40852476852e-13, 4.69778228362e-14, 9.29733443011e-11, 0.000118177573313, 1.12803253609e-13, 1.04754749319e-09, 4.26267243725e-10, 9.31149712891e-10, 2.39179731576e-10, 3.50839951709e-12, 4.68648936773e-18]
    },
    "mfcc": {
        "mean": [-958.822265625, -47.1993026733, -70.1660003662, 10.036989212, 33.68983078, 10.5567216873, -1.59078729153, -33.9057540894, 16.5168323517, 69.3754119873, -21.6492881775, -55.0148506165, 42.0055618286],
        "var": [5855.26757812, 706.726196289, 1075.98449707, 85.3469467163, 200.226547241, 87.8929901123, 86.9533615112, 316.964477539, 127.430038452, 766.404541016, 183.53755188, 684.331298828, 288.901275635]
    },
    "sccoeffs": {
        "mean": [-0.773297786713, -0.882881700993, -0.880698144436, -0.3857421875, -0.544770479202, -0.754089295864],
        "var": [0.00374615727924, 0.000866101356223, 0.000789055600762, 0.0408901944757, 0.023709660396, 0.00735821248963]
    },
    "scvalleys": {
        "mean": [-11.0431661606, -10.8541479111, -10.4579143524, -10.2325754166, -10.5159568787, -11.5130243301],
        "var": [0.441365867853, 0.881544172764, 1.44291329384, 1.94576919079, 2.03302311897, 2.17382192612]
    }
},
"rhythm": {
    "beats_loudness": {
        "mean": 0.0669699385762,
        "var": 0.000680214900058
    },
    "bpm": 148.165603638,
    "confidence": 0,
    "first_peak_bpm": {
        "mean": 148,
        "var": 0
    },
    "first_peak_spread": {
        "mean": 0.333333313465,
        "var": 0
    },
    "first_peak_weight": {
        "mean": 0.600000023842,
        "var": 0
    },
    "onset_rate": 1.2597720623,
    "second_peak_bpm": {
        "mean": 140,
        "var": 0
    },
    "second_peak_spread": {
        "mean": 0,
        "var": 0
    },
    "second_peak_weight": {
        "mean": 0.10000000149,
        "var": 0
    },
    "beats_loudness_band_ratio": {
        "mean": [0.0905343145132, 4.58235008409e-05, 2.29768029385e-05, 4.77065077575e-05, 0.721303999424, 0.188058242202],
        "var": [0.081955999136, 2.04875636456e-08, 4.47361481193e-09, 1.48932679522e-08, 0.0770184770226, 0.028666364029]
    },
    "beats_position": [0.394739210606, 0.789478421211, 1.18421769142, 1.6137868166, 2.02013611794, 2.43809509277, 2.8444442749, 3.25079369545, 3.65714287758, 4.06349182129, 4.46984100342],
    "bpm_estimates": [151.999084473, 151.999069214, 147.656219482, 143.554763794, 147.656265259, 147.656173706, 147.656265259, 147.656341553, 147.656265259],
    "bpm_intervals": [0.394739210606, 0.39473927021, 0.429569125175, 0.406349301338, 0.417958974838, 0.406349182129, 0.406349420547, 0.406349182129, 0.40634894371, 0.406349182129],
    "onset_times": [0.220589563251, 0.53405892849, 3.27401351929, 3.35528349876, 3.68036270142, 4.02866220474],
    "histogram": [[0, 0, 0, 0, 0, 0, 0, 0, 0, 0, 0, 0, 0, 0, 0, 0, 0, 0, 0, 0, 0, 0, 0, 0, 0, 0, 0, 0, 0, 0, 0, 0, 0, 0, 0, 0, 0, 0, 0, 0, 0, 0, 0, 0, 0, 0, 0, 0, 0, 0, 0, 0, 0, 0, 0, 0, 0, 0, 0, 0, 0, 0, 0, 0, 0, 0, 0, 0, 0, 0, 0, 0, 0, 0, 0, 0, 0, 0, 0, 0, 0, 0, 0, 0, 0, 0, 0, 0, 0, 0, 0, 0, 0, 0, 0, 0, 0, 0, 0, 0, 0, 0, 0, 0, 0, 0, 0, 0, 0, 0, 0, 0, 0, 0, 0, 0, 0, 0, 0, 0, 0, 0, 0, 0, 0, 0, 0, 0, 0, 0, 0, 0, 0, 0, 0, 0, 0, 0, 0, 0, 0.10000000149, 0, 0, 0, 0.10000000149, 0, 0, 0, 0.600000023842, 0, 0, 0, 0.20000000298, 0, 0, 0, 0, 0, 0, 0, 0, 0, 0, 0, 0, 0, 0, 0, 0, 0, 0, 0, 0, 0, 0, 0, 0, 0, 0, 0, 0, 0, 0, 0, 0, 0, 0, 0, 0, 0, 0, 0, 0, 0, 0, 0, 0, 0, 0, 0, 0, 0, 0, 0, 0, 0, 0, 0, 0, 0, 0, 0, 0, 0, 0, 0, 0, 0, 0, 0, 0, 0, 0, 0, 0, 0, 0, 0, 0, 0, 0, 0, 0, 0, 0, 0, 0, 0, 0, 0, 0, 0, 0, 0, 0, 0, 0, 0, 0, 0]]
},
"sfx": {
    "inharmonicity": {
        "mean": 0.0112428180873,
        "var": 0.00178849080112
    },
    "oddtoevenharmonicenergyratio": {
        "mean": 1.61214089394,
        "var": 274.068908691
    },
    "pitch_after_max_to_before_max_energy_ratio": 0.018705803901,
    "pitch_centroid": 101.822601318,
    "pitch_max_to_total": 0.951690793037,
    "pitch_min_to_total": 0.946859896183,
    "tristimulus": {
        "mean": [0.610613048077, 0.343924194574, 0.0454628542066],
        "var": [0.0364681407809, 0.0164787191898, 0.0239912029356]
    }
},
"tonal": {
    "chords_changes_rate": 0.0865384638309,
    "chords_number_rate": 0.0288461539894,