{"lowlevel.dissonance.mean": [0.12163150310516357], "sfx.inharmonicity.mean": [0.3440876305103302], "lowlevel.spectral_contrast.mean": [[0.8005552291870117, 0.5257532596588135, 0.42201781272888184, 0.2820243835449219, 0.31980323791503906, 0.2994241714477539]], "lowlevel.spectral_centroid.mean": [0.4113374352455139], "lowlevel.mfcc.mean": [[0.2527039051055908, 0.2755884826183319, 0.5683277249336243, 0.4953920841217041, 0.46465060114860535, 0.3623450994491577, 0.3670211434364319, 0.25661200284957886, 0.21478253602981567, 0.12422546744346619, 0.05833640694618225, 0.07180005311965942, 0.058019816875457764]], "sfx.logattacktime.mean": [0.2446044683456421], "lowlevel.hfc.mean": [0.4802968502044678]}