{
"metadata": {
    "version": {
        "essentia": "2.1-dev"
    }
},
"lowLevel": {
    "average_loudness": 0.99068403244,
    "barkbands_kurtosis": {
        "mean": 146.862976074,
        "var": 33116.0078125
    },
    "barkbands_skewness": {
        "mean": 5.69230794907,
        "var": 35.0911407471
    },
    "barkbands_spread": {
        "mean": 12.9195232391,
        "var": 334.334838867
    },
    "dissonance": {
        "mean": 0.334889560938,
        "var": 0.0180514156818
    },
    "hfc": {
        "mean": 27.0938816071,
        "var": 8785.58007812
    },
    "pitch": {
        "mean": 530.297363281,
        "var": 1080670.125
    },
    "pitch_instantaneous_confidence": {
        "mean": 0.658511161804,
        "var": 0.0956128761172
    },
    "pitch_salience": {
        "mean": 0.294789969921,
        "var": 0.0918010100722
    },
    "silence_rate_20dB": {
        "mean": 1,
        "var": 0
    },
    "silence_rate_30dB": {
        "mean": 0.951219499111,
        "var": 0.0464010648429
    },
    "silence_rate_60dB": {
        "mean": 0.829268276691,
        "var": 0.141582176089
    },
    "spectral_centroid": {
        "mean": 2212.62036133,
        "var": 13497403
    },
    "spectral_complexity": {
        "mean": 6.2682929039,
        "var": 250.537704468
    },
    "spectral_crest": {
        "mean": 18.234828949,
        "var": 61.153011322
    },
    "spectral_decrease": {
        "mean": -2.28339014363e-09,
        "var": 5.79126815426e-17
    },
    "spectral_energy": {
        "mean": 0.0110755348578,
        "var": 0.00130573776551
    },
    "spectral_energyband_high": {
        "mean": 0.00294593954459,
        "var": 0.000112577727123
    },
    "spectral_energyband_low": {
        "mean": 3.63843610103e-05,
        "var": 4.80432262862e-08
    },
    "spectral_energyband_middle_high": {
        "mean": 0.00334917195141,
        "var": 0.000154477151227
    },
    "spectral_energyband_middle_low": {
        "mean": 0.0051858285442,
        "var": 0.000352178147295
    },
    "spectral_flatness_db": {
        "mean": 0.392603814602,
        "var": 0.0452791526914
    },
    "spectral_flux": {
        "mean": 0.0277140811086,
        "var": 0.00576555822045
    },
    "spectral_kurtosis": {
        "mean": 30.6962738037,
        "var": 2614.75415039
    },
    "spectral_rms": {
        "mean": 0.00135306699667,
        "var": 8.97461177374e-06
    },
    "spectral_rolloff": {
        "mean": 3778.02563477,
        "var": 40369328
    },
    "spectral_skewness": {
        "mean": 3.42965102196,
        "var": 13.6438684464
    },
    "spectral_spread": {
        "mean": 10710468,
        "var": 1.48212157514e+14
    },
    "spectral_strongpeak": {
        "mean": 0.248019009829,
        "var": 0.357322216034
    },
    "zerocrossingrate": {
        "mean": 0.118301019073,
        "var": 0.0329604707658
    },
    "barkbands": {
        "mean": [7.21634236811e-08, 7.95694404587e-07, 7.92390892457e-06, 0.000280749722151, 0.00160078937188, 0.000220740548684, 0.00093312835088, 0.000879903964233, 0.000696206931025, 0.00120081298519, 0.000169312770595, 0.000101444660686, 0.000143510886119, 0.000136547227157, 0.000138862902531, 0.000129036634462, 0.000265726062935, 0.000333691714332, 0.000547328556422, 0.000791825528722, 0.00102170126047, 0.000274100078968, 0.000443516852101, 0.000575716898311, 0.000182092902833, 2.71425815157e-09, 1.64822688831e-09],
        "var": [1.30558527856e-13, 1.46095982534e-11, 1.76893388826e-09, 1.26816689772e-06, 1.43604020195e-05, 6.1773272364e-07, 2.17220876948e-05, 1.8873171939e-05, 1.82076219062e-05, 3.59362602467e-05, 1.17666377264e-06, 1.68704602288e-07, 6.39949689685e-07, 2.46586012054e-07, 2.81198566654e-07, 2.84060604372e-07, 1.30582395741e-06, 1.1279487353e-06, 3.63698154615e-06, 9.54458846536e-06, 1.30867547341e-05, 8.72896521287e-07, 2.82282053377e-06, 4.71422799819e-06, 4.06597905567e-07, 4.99519945891e-16, 1.76075690126e-16]
    },
    "mfcc": {
        "mean": [-1014.01800537, 35.7012939453, 17.8285331726, 12.8655138016, -0.00982647389174, -5.36458969116, -6.81877374649, -10.1203336716, -13.0713853836, -14.4210634232, -17.5821437836, -14.8026895523, -15.5891942978],
        "var": [42512.5273438, 1337.02526855, 414.037872314, 125.570846558, 178.726043701, 195.210479736, 140.313552856, 106.399604797, 130.96421814, 202.034484863, 191.87802124, 128.54675293, 108.906158447]
    },
    "sccoeffs": {
        "mean": [-0.536302447319, -0.755259156227, -0.832121312618, -0.890366733074, -0.885413646698, -0.90017747879],
        "var": [0.0491758547723, 0.0172538477927, 0.014093209058, 0.0035967649892, 0.00364999799058, 0.00322344503365]
    },
    "scvalleys": {
        "mean": [-14.2467784882, -13.9896535873, -14.1786499023, -14.5612068176, -14.6284704208, -14.9998674393],
        "var": [32.5987434387, 38.8269271851, 36.6737670898, 34.8108863831, 35.7636833191, 32.7011795044]
    }
},
"rhythm": {
    "beats_loudness": {
        "mean": 1.99370115297e-05,
        "var": 3.69593383676e-10
    },
    "bpm": 97.5088424683,
    "confidence": 0,
    "first_peak_bpm": {
        "mean": 98,
        "var": 0
    },
    "first_peak_spread": {
        "mean": 0,
        "var": 0
    },
    "first_peak_weight": {
        "mean": 1,
        "var": 0
    },
    "onset_rate": 0.5333365798,
    "second_peak_bpm": {
        "mean": 0,
        "var": 0
    },
    "second_peak_spread": {
        "mean": 0,
        "var": 0
    },
    "second_peak_weight": {
        "mean": 0,
        "var": 0
    },
    "beats_loudness_band_ratio": {
        "mean": [0.804795026779, 0.769306838512, 0.00345069752075, 0.00206524436362, 5.50769182155e-05, 0.000159109913511],
        "var": [0.00387060991488, 0.00128518324345, 1.12965553853e-05, 4.15345311922e-06, 1.65949975983e-10, 2.26142979898e-08]
    },
    "beats_position": [0.615328788757, 1.23065757751],
    "bpm_estimates": [97.5088424683],
    "bpm_intervals": [0.615328788757],
    "onset_times": [0.0116099771112],
    "histogram": [[0, 0, 0, 0, 0, 0, 0, 0, 0, 0, 0, 0, 0, 0, 0, 0, 0, 0, 0, 0, 0, 0, 0, 0, 0, 0, 0, 0, 0, 0, 0, 0, 0, 0, 0, 0, 0, 0, 0, 0, 0, 0, 0, 0, 0, 0, 0, 0, 0, 0, 0, 0, 0, 0, 0, 0, 0, 0, 0, 0, 0, 0, 0, 0, 0, 0, 0, 0, 0, 0, 0, 0, 0, 0, 0, 0, 0, 0, 0, 0, 0, 0, 0, 0, 0, 0, 0, 0, 0, 0, 0, 0, 0, 0, 0, 0, 0, 0, 1, 0, 0, 0, 0, 0, 0, 0, 0, 0, 0, 0, 0, 0, 0, 0, 0, 0, 0, 0, 0, 0, 0, 0, 0, 0, 0, 0, 0, 0, 0, 0, 0, 0, 0, 0, 0, 0, 0, 0, 0, 0, 0, 0, 0, 0, 0, 0, 0, 0, 0, 0, 0, 0, 0, 0, 0, 0, 0, 0, 0, 0, 0, 0, 0, 0, 0, 0, 0, 0, 0, 0, 0, 0, 0, 0, 0, 0, 0, 0, 0, 0, 0, 0, 0, 0, 0, 0, 0, 0, 0, 0, 0, 0, 0, 0, 0, 0, 0, 0, 0, 0, 0, 0, 0, 0, 0, 0, 0, 0, 0, 0, 0, 0, 0, 0, 0, 0, 0, 0, 0, 0, 0, 0, 0, 0, 0, 0, 0, 0, 0, 0, 0, 0, 0, 0, 0, 0, 0, 0, 0, 0, 0, 0, 0, 0, 0, 0, 0, 0, 0, 0]]
},
"sfx": {
    "inharmonicity": {
        "mean": 0.0372790023685,
        "var": 0.00633784988895
    },
    "oddtoevenharmonicenergyratio": {
        "mean": 0.188884273171,
        "var": 0.156436517835
    },
    "pitch_after_max_to_before_max_energy_ratio": 1.4185385704,
    "pitch_centroid": 22.400177002,
    "pitch_max_to_total": 0.0487804859877,
    "pitch_min_to_total": 0.87804877758,
    "tristimulus": {
        "mean": [0.717219650745, 0.106644429266, 0.176135808229],
        "var": [0.103477187455, 0.013103957288, 0.0667498931289]
    }
},
"tonal": {
    "chords_changes_rate": 0.047619048506,
    "chords_number_rate": 0.0714285746217,
    "chords_strength": {
        "mean": 0.422070235014,
        "var": 0.00058470183285
    },
    "key_strength": 0.603607773781,
    "tuning_diatonic_strength": 0.489580005407,
    "tuning_equal_tempered_deviation": 0.372104912996,
    "tuning_frequency": 451.586883545,
    "tuning_nontempered_energy_ratio": 0.968137741089,