{
"metadata": {
    "version": {
        "essentia": "2.1-dev"
    }
},
"lowLevel": {
    "average_loudness": 0.99068403244,
    "barkbands_kurtosis": {
        "mean": 146.896026611,
        "var": 33106.5
    },
    "barkbands_skewness": {
        "mean": 5.68893289566,
        "var": 35.1421432495
    },
    "barkbands_spread": {
        "mean": 12.7273025513,
        "var": 328.448638916
    },
    "dissonance": {
        "mean": 0.335102289915,
        "var": 0.0181176289916
    },
    "hfc": {
        "mean": 27.0938816071,
        "var": 8785.58007812
    },
    "pitch": {
        "mean": 658.252319336,
        "var": 1509110.875
    },
    "pitch_instantaneous_confidence": {
        "mean": 0.65944981575,
        "var": 0.0946483239532
    },
    "pitch_salience": {
        "mean": 0.295385211706,
        "var": 0.0923888087273
    },
    "silence_rate_20dB": {
        "mean": 1,
        "var": 0
    },
    "silence_rate_30dB": {
        "mean": 0.951219499111,
        "var": 0.0464010648429
    },
    "silence_rate_60dB": {
        "mean": 0.829268276691,
        "var": 0.141582176089
    },
    "spectral_centroid": {
        "mean": 2218.4597168,
        "var": 13592885
    },
    "spectral_complexity": {
        "mean": 6.2682929039,
        "var": 250.537704468
    },
    "spectral_crest": {
        "mean": 18.200876236,
        "var": 61.9486579895
    },
    "spectral_decrease": {
        "mean": -2.28339014363e-09,
        "var": 5.79126815426e-17
    },
    "spectral_energy": {
        "mean": 0.0110755348578,
        "var": 0.00130573776551
    },
    "spectral_energyband_high": {
        "mean": 0.00294593954459,
        "var": 0.000112577727123
    },
    "spectral_energyband_low": {
        "mean": 3.63843610103e-05,
        "var": 4.80432262862e-08
    },
    "spectral_energyband_middle_high": {
        "mean": 0.00334917195141,
        "var": 0.000154477151227
    },
    "spectral_energyband_middle_low": {
        "mean": 0.0051858285442,
        "var": 0.000352178147295
    },
    "spectral_flatness_db": {
        "mean": 0.39296400547,
        "var": 0.0450449809432
    },
    "spectral_flux": {
        "mean": 0.0277140811086,
        "var": 0.00576555822045
    },
    "spectral_kurtosis": {
        "mean": 30.6952285767,
        "var": 2614.82080078
    },
    "spectral_rms": {
        "mean": 0.00135306699667,
        "var": 8.97461177374e-06
    },
    "spectral_rolloff": {
        "mean": 3751.765625,
        "var": 39595488
    },
    "spectral_skewness": {
        "mean": 3.42874097824,
        "var": 13.6500425339
    },
    "spectral_spread": {
        "mean": 10732485,
        "var": 1.49510445597e+14
    },
    "spectral_strongpeak": {
        "mean": 0.248019009829,
        "var": 0.357322216034
    },
    "zerocrossingrate": {
        "mean": 0.117324456573,
        "var": 0.0322039872408
    },
    "barkbands": {
        "mean": [7.21634236811e-08, 7.95694404587e-07, 7.92390892457e-06, 0.000280749722151, 0.00160078937188, 0.000220740548684, 0.00093312835088, 0.000879903964233, 0.000696206931025, 0.00120081298519, 0.000169312770595, 0.000101444660686, 0.000143510886119, 0.000136547227157, 0.000138862902531, 0.000129036634462, 0.000265726062935, 0.000333691714332, 0.000547328556422, 0.000791825528722, 0.00102170126047, 0.000274100078968, 0.000443516852101, 0.000575716898311, 0.000182092902833, 2.71425815157e-09, 1.64822688831e-09],
        "var": [1.30558527856e-13, 1.46095982534e-11, 1.76893388826e-09, 1.26816689772e-06, 1.43604020195e-05, 6.1773272364e-07, 2.17220876948e-05, 1.8873171939e-05, 1.82076219062e-05, 3.59362602467e-05, 1.17666377264e-06, 1.68704602288e-07, 6.39949689685e-07, 2.46586012054e-07, 2.81198566654e-07, 2.84060604372e-07, 1.30582395741e-06, 1.1279487353e-06, 3.63698154615e-06, 9.54458846536e-06, 1.30867547341e-05, 8.72896521287e-07, 2.82282053377e-06, 4.71422799819e-06, 4.06597905567e-07, 4.99519945891e-16, 1.76075690126e-16]
    },
    "mfcc": {
        "mean": [-1014.01800537, 35.7012939453, 17.8285331726, 12.8655138016, -0.00982647389174, -5.36458969116, -6.81877374649, -10.1203336716, -13.0713853836, -14.4210634232, -17.5821437836, -14.8026895523, -15.5891942978],
        "var": [42512.5273438, 1337.02526855, 414.037872314, 125.570846558, 178.726043701, 195.210479736, 140.313552856, 106.399604797, 130.96421814, 202.034484863, 191.87802124, 128.54675293, 108.906158447]
    },
    "sccoeffs": {
        "mean": [-0.535327613354, -0.755657017231, -0.832534909248, -0.89037501812, -0.885088860989, -0.900038480759],
        "var": [0.0483535267413, 0.017419969663, 0.0141999572515, 0.00359828770161, 0.00360215082765, 0.00320701813325]
    },
    "scvalleys": {
        "mean": [-14.2568340302, -13.9905786514, -14.1617221832, -14.5647525787, -14.6329431534, -15.0013847351],
        "var": [32.8610343933, 38.8626976013, 36.2319793701, 34.9001159668, 35.8774833679, 32.7384376526]
    }
},
"rhythm": {
    "beats_loudness": {
        "mean": 1.99370115297e-05,
        "var": 3.69593383676e-10
    },
    "bpm": 97.5088424683,
    "confidence": 0,
    "first_peak_bpm": {
        "mean": 98,
        "var": 0
    },
    "first_peak_spread": {
        "mean": 0,
        "var": 0
    },
    "first_peak_weight": {
        "mean": 1,
        "var": 0
    },
    "onset_rate": 0.5333365798,
    "second_peak_bpm": {
        "mean": 0,
        "var": 0
    },
    "second_peak_spread": {
        "mean": 0,
        "var": 0
    },
    "second_peak_weight": {
        "mean": 0,
        "var": 0
    },
    "beats_loudness_band_ratio": {
        "mean": [0.804795026779, 0.769306838512, 0.00345069752075, 0.00206524436362, 5.50769182155e-05, 0.000159109913511],
        "var": [0.00387060991488, 0.00128518324345, 1.12965553853e-05, 4.15345311922e-06, 1.65949975983e-10, 2.26142979898e-08]
    },
    "beats_position": [0.615328788757, 1.23065757751],
    "bpm_estimates": [97.5088424683],
    "bpm_intervals": [0.615328788757],
    "onset_times": [0.0116099771112],
    "histogram": [[0, 0, 0, 0, 0, 0, 0, 0, 0, 0, 0, 0, 0, 0, 0, 0, 0, 0, 0, 0, 0, 0, 0, 0, 0, 0, 0, 0, 0, 0, 0, 0, 0, 0, 0, 0, 0, 0, 0, 0, 0, 0, 0, 0, 0, 0, 0, 0, 0, 0, 0, 0, 0, 0, 0, 0, 0, 0, 0, 0, 0, 0, 0, 0, 0, 0, 0, 0, 0, 0, 0, 0, 0, 0, 0, 0, 0, 0, 0, 0, 0, 0, 0, 0, 0, 0, 0, 0, 0, 0, 0, 0, 0, 0, 0, 0, 0, 0, 1, 0, 0, 0, 0, 0, 0, 0, 0, 0, 0, 0, 0, 0, 0, 0, 0, 0, 0, 0, 0, 0, 0, 0, 0, 0, 0, 0, 0, 0, 0, 0, 0, 0, 0, 0, 0, 0, 0, 0, 0, 0, 0, 0, 0, 0, 0, 0, 0, 0, 0, 0, 0, 0, 0, 0, 0, 0, 0, 0, 0, 0, 0, 0, 0, 0, 0, 0, 0, 0, 0, 0, 0, 0, 0, 0, 0, 0, 0, 0, 0, 0, 0, 0, 0, 0, 0, 0, 0, 0, 0, 0, 0, 0, 0, 0, 0, 0, 0, 0, 0, 0, 0, 0, 0, 0, 0, 0, 0, 0, 0, 0, 0, 0, 0, 0, 0, 0, 0, 0, 0, 0, 0, 0, 0, 0, 0, 0, 0, 0, 0, 0, 0, 0, 0, 0, 0, 0, 0, 0, 0, 0, 0, 0, 0, 0, 0, 0, 0, 0, 0, 0]]
},
"sfx": {
    "inharmonicity": {
        "mean": 0.0304619502276,
        "var": 0.00512980902568
    },
    "oddtoevenharmonicenergyratio": {
        "mean": 0.145523369312,
        "var": 0.109881550074
    },
    "pitch_after_max_to_before_max_energy_ratio": 0.15196827054,
    "pitch_centroid": 32.8139610291,
    "pitch_max_to_total": 0.951219499111,
    "pitch_min_to_total": 0.902438998222,
    "tristimulus": {
        "mean": [0.74953854084, 0.093065880239, 0.157395467162],
        "var": [0.0924351215363, 0.00989863928407, 0.062920100987]
    }
},
"tonal": {
    "chords_changes_rate": 0.047619048506,
    "chords_number_rate": 0.0714285746217,
    "chords_strength": {
        "mean": 0.422070235014,
        "var": 0.00058470183285
    },
    "key_strength": 0.603607773781,
    "tuning_diatonic_strength": 0.489580005407,
    "tuning_equal_tempered_deviation": 0.372104912996,
    "tuning_frequency": 451.586883545,
    "tuning_nontempered_energy_ratio": 0.968137741089,