{
"metadata": {
    "version": {
        "essentia": "2.1-dev"
    }
},
"lowLevel": {
    "barkbands_kurtosis": {
        "mean": 0.625468015671,
        "var": 18.5251789093
    },
    "dissonance": {
        "mean": 0.468580931425,
        "var": 0.00188495276961
    },
    "hfc": {
        "mean": 184.616012573,
        "var": 30967.1972656
    },
    "spectral_centroid": {
        "mean": 2391.77270508,
        "var": 1274538.125
    },
    "spectral_complexity": {
        "mean": 41,
        "var": 297.333343506
    },
    "spectral_crest": {
        "mean": 9.25568962097,
        "var": 39.1378593445
    },
    "spectral_energyband_high": {
        "mean": 0.020113511011,
        "var": 0.00042402651161
    },
    "spectral_energyband_low": {
        "mean": 0.000245296774665,
        "var": 2.77090720147e-07
    },
    "spectral_kurtosis": {
        "mean": -0.64008975029,
        "var": 0.49629560113
    },
    "spectral_rolloff": {
        "mean": 4812.67089844,
        "var": 6168358.5
    },
    "spectral_strongpeak": {
        "mean": 1.27230298519,
        "var": 1.11256241798
    },
    "mfcc": {
        "mean": [-547.297729492, 22.8138790131, -3.32542681694, 13.135550499, -22.833032608, -26.5463924408, -16.1580867767, -19.1286144257, -15.4274816513, -7.47508859634, -17.6178379059, -10.3239412308, -23.1162662506],
        "var": [5377.57568359, 407.621795654, 170.619613647, 262.743927002, 323.640716553, 102.649749756, 27.6041584015, 20.9055919647, 68.7139816284, 61.3885536194, 71.0533828735, 18.9072856903, 21.837682724]
    },
    "sccoeffs": {
        "mean": [-0.390515774488, -0.693173587322, -0.733859360218, -0.785834133625, -0.786249160767, -0.785611569881],
        "var": [0.00600286806002, 0.0038251162041, 0.0101880254224, 0.00240375171416, 0.00129827240016, 0.000571808952373]
    }
},
"sfx": {
    "inharmonicity": {
        "mean": 0.0272863488644,
        "var": 0.00447039119899
    }
}
}