{
"metadata": {
    "version": {
        "essentia": "2.1-dev"
    }
},
"lowLevel": {
    "barkbands_kurtosis": {
        "mean": 2.37487196922,
        "var": 0.669897854328
    },
    "dissonance": {
        "mean": 0.182628005743,
        "var": 0.00196952372789
    },
    "hfc": {
        "mean": 9.58766365051,
        "var": 8.40111732483
    },
    "spectral_centroid": {
        "mean": 543.236755371,
        "var": 1029.99694824
    },
    "spectral_complexity": {
        "mean": 5.921875,
        "var": 0.697021484375
    },
    "spectral_crest": {
        "mean": 12.6178531647,
        "var": 1.83024919033
    },
    "spectral_energyband_high": {
        "mean": 6.01015756274e-07,
        "var": 1.55598407423e-13
    },
    "spectral_energyband_low": {
        "mean": 6.09729454482e-07,
        "var": 2.30563208499e-13
    },
    "spectral_kurtosis": {
        "mean": 97.5478363037,
        "var": 497.644622803
    },
    "spectral_rolloff": {
        "mean": 639.939697266,
        "var": 93.7319869995
    },
    "spectral_strongpeak": {
        "mean": 1.92149138451,
        "var": 0.394304811954
    },
    "mfcc": {
        "mean": [-853.529663086, 231.188369751, -4.63173961639, -70.280418396, -49.485168457, -18.4845275879, -38.1269645691, -44.652217865, -1.84652662277, -1.55075585842, -10.5026245117, -17.3731746674, -31.6831130981],
        "var": [114.453826904, 41.2207794189, 55.7704658508, 68.4536437988, 40.0532188416, 45.1123733521, 30.8844528198, 49.6373939514, 34.7821235657, 62.6091766357, 46.454410553, 62.4983329773, 134.43862915]
    },
    "sccoeffs": {
        "mean": [-0.413585305214, -0.278592735529, -0.465113908052, -0.586333155632, -0.781278967857, -0.833737492561],
        "var": [0.00117746123578, 0.00273483595811, 0.00316618499346, 0.00261715427041, 0.000431221036706, 0.000295235251542]
    }
},
"sfx": {
    "inharmonicity": {
        "mean": 0.014205571264,
        "var": 6.58343560644e-06
    }
}
}