{
"metadata": {
    "version": {
        "essentia": "2.1-dev"
    }
},
"lowLevel": {
    "average_loudness": 0.958185613155,
    "barkbands_kurtosis": {
        "mean": 3.50969910622,
        "var": 221.432800293
    },
    "barkbands_skewness": {
        "mean": 1.34329175949,
        "var": 1.43503499031
    },
    "barkbands_spread": {
        "mean": 10.6391963959,
        "var": 212.960235596
    },
    "dissonance": {
        "mean": 0.399857103825,
        "var": 0.00586944073439
    },
    "hfc": {
        "mean": 1.94173073769,
        "var": 2.15669965744
    },
    "pitch": {
        "mean": 949.200134277,
        "var": 57609.4726562
    },
    "pitch_instantaneous_confidence": {
        "mean": 0.86767989397,
        "var": 0.0723715424538
    },
    "pitch_salience": {
        "mean": 0.453559309244,
        "var": 0.0122130531818
    },
    "silence_rate_20dB": {
        "mean": 1,
        "var": 0
    },
    "silence_rate_30dB": {
        "mean": 1,
        "var": 0
    },
    "silence_rate_60dB": {
        "mean": 0.953488349915,
        "var": 0.0443480238318
    },
    "spectral_centroid": {
        "mean": 1235.38635254,
        "var": 72866.046875
    },
    "spectral_complexity": {
        "mean": 1.68604648113,
        "var": 0.90530949831
    },
    "spectral_crest": {
        "mean": 18.7589035034,
        "var": 23.1570072174
    },
    "spectral_decrease": {
        "mean": -3.54374057876e-10,
        "var": 6.87443311464e-20
    },
    "spectral_energy": {
        "mean": 0.00151361012831,
        "var": 1.25939936879e-06
    },
    "spectral_energyband_high": {
        "mean": 1.02856449757e-06,
        "var": 9.92433999564e-13
    },
    "spectral_energyband_low": {
        "mean": 1.63332586567e-07,
        "var": 4.02284678009e-14
    },
    "spectral_energyband_middle_high": {
        "mean": 0.00151246052701,
        "var": 1.2584794149e-06
    },
    "spectral_energyband_middle_low": {
        "mean": 2.10623454677e-07,
        "var": 6.58734134948e-14
    },
    "spectral_flatness_db": {
        "mean": 0.391577035189,
        "var": 0.0199625026435
    },
    "spectral_flux": {
        "mean": 0.00362583179958,
        "var": 8.96959863894e-06
    },
    "spectral_kurtosis": {
        "mean": 11.6763801575,
        "var": 28.781867981
    },
    "spectral_rms": {
        "mean": 0.00104927574284,
        "var": 3.75713142375e-07
    },
    "spectral_rolloff": {
        "mean": 1886.91308594,
        "var": 386105.03125
    },
    "spectral_skewness": {
        "mean": 3.00918531418,
        "var": 0.488459378481
    },
    "spectral_spread": {
        "mean": 6623672,
        "var": 1.87193947587e+13
    },
    "spectral_strongpeak": {
        "mean": 1.15262186527,
        "var": 0.465034812689
    },
    "zerocrossingrate": {
        "mean": 0.0514777116477,
        "var": 0.000289395567961
    },
    "barkbands": {
        "mean": [2.98287261558e-07, 3.94024013417e-08, 1.07872899502e-09, 5.3162296787e-10, 1.96091454185e-09, 3.32024043814e-08, 3.66178620759e-09, 8.63068727597e-09, 1.59547326462e-07, 1.14357028735e-07, 0.00110651459545, 2.40248226646e-07, 1.93688549643e-07, 1.96252969431e-07, 0.000168638391187, 0.000212230006582, 7.84756934991e-08, 2.28478347708e-05, 1.02243497224e-07, 1.38469567901e-06, 1.81237808761e-07, 1.30181831537e-07, 7.92983456677e-08, 6.79779219581e-08, 5.12926732199e-08, 1.428704266e-08, 1.61534022269e-10],
        "var": [1.57926663825e-13, 6.26258764695e-15, 8.37914211579e-19, 3.7569524956e-19, 2.37609243958e-18, 2.22159377889e-15, 3.70260898343e-17, 2.90361200253e-16, 4.76925187439e-14, 3.08489534915e-14, 6.42283112029e-07, 5.95217167112e-14, 2.40755766018e-14, 2.96285314805e-14, 2.7146480619e-08, 3.22165298883e-08, 2.60066558675e-15, 3.41511818824e-10, 3.93519098262e-15, 2.6688764046e-12, 1.10660297522e-14, 1.01185098982e-14, 2.71298702599e-15, 1.88791001976e-15, 1.22162426845e-15, 8.33002111181e-17, 1.00138565735e-20]
    },
    "mfcc": {
        "mean": [-1014.61358643, 29.7801151276, -81.858291626, -27.4979343414, -4.38149738312, 8.9527759552, 27.1664829254, 27.4809494019, 15.3161373138, -2.78924918175, -29.8747634888, -25.7388076782, 25.2236690521],
        "var": [2925.60424805, 132.627166748, 1661.11633301, 207.175354004, 48.6783561707, 36.3031272888, 158.786010742, 188.975082397, 58.0348358154, 72.0262908936, 447.259521484, 294.383300781, 155.171875]
    },
    "sccoeffs": {
        "mean": [-0.751392781734, -0.838072121143, -0.535264372826, -0.649126112461, -0.769129395485, -0.855968475342],
        "var": [0.00303042330779, 0.0015441874275, 0.0291992407292, 0.0145472045988, 0.00314652337693, 0.000321061728755]
    },
    "scvalleys": {
        "mean": [-11.5370969772, -11.3430147171, -10.1581430435, -10.2296514511, -10.9289216995, -11.8503189087],
        "var": [0.128672510386, 0.145234078169, 0.654044210911, 0.467786937952, 0.516124367714, 0.860414922237]
    }
},
"rhythm": {
    "beats_loudness": {
        "mean": 0.00204591010697,
        "var": 1.31599347242e-06
    },
    "bpm": 164.340637207,
    "confidence": 1.20000004768,
    "first_peak_bpm": {
        "mean": 167,
        "var": 0
    },
    "first_peak_spread": {
        "mean": 0,
        "var": 0
    },
    "first_peak_weight": {
        "mean": 0.428571432829,
        "var": 0
    },
    "onset_rate": 1.00781571865,
    "second_peak_bpm": {
        "mean": 161,
        "var": 0
    },
    "second_peak_spread": {
        "mean": 0.285714268684,
        "var": 0
    },
    "second_peak_weight": {
        "mean": 0.357142865658,
        "var": 0
    },
    "beats_loudness_band_ratio": {
        "mean": [0.0178266633302, 0.00148478406481, 0.0107468608767, 0.711909472942, 0.249837309122, 0.00921953935176],
        "var": [0.00437656231225, 3.00658375636e-05, 0.0015855015954, 0.0220044013113, 0.00962397363037, 0.000808771059383]
    },
    "beats_position": [0.359909296036, 0.743038535118, 1.11455774307, 1.48607707024, 1.84598636627, 2.22911548615, 2.60063481331, 2.97215414047, 3.34367346764, 3.70358276367, 4.06349182129, 4.42340135574, 4.78331041336, 5.13160991669, 5.4915189743],
    "bpm_estimates": [161.499053955, 161.49899292, 166.70866394, 161.49899292, 161.49899292, 161.49899292, 166.70866394, 166.708786011, 166.708557129, 166.708786011, 166.708786011],
    "bpm_intervals": [0.383129239082, 0.371519207954, 0.371519327164, 0.359909296036, 0.383129119873, 0.371519327164, 0.371519327164, 0.371519327164, 0.359909296036, 0.359909057617, 0.359909534454, 0.359909057617, 0.348299503326, 0.359909057617],
    "onset_times": [0.0116099771112, 0.545668959618, 1.03328800201, 3.3785033226, 5.31736946106, 5.72371864319],
    "histogram": [[0, 0, 0, 0, 0, 0, 0, 0, 0, 0, 0, 0, 0, 0, 0, 0, 0, 0, 0, 0, 0, 0, 0, 0, 0, 0, 0, 0, 0, 0, 0, 0, 0, 0, 0, 0, 0, 0, 0, 0, 0, 0, 0, 0, 0, 0, 0, 0, 0, 0, 0, 0, 0, 0, 0, 0, 0, 0, 0, 0, 0, 0, 0, 0, 0, 0, 0, 0, 0, 0, 0, 0, 0, 0, 0, 0, 0, 0, 0, 0, 0, 0, 0, 0, 0, 0, 0, 0, 0, 0, 0, 0, 0, 0, 0, 0, 0, 0, 0, 0, 0, 0, 0, 0, 0, 0, 0, 0, 0, 0, 0, 0, 0, 0, 0, 0, 0, 0, 0, 0, 0, 0, 0, 0, 0, 0, 0, 0, 0, 0, 0, 0, 0, 0, 0, 0, 0, 0, 0, 0, 0, 0, 0, 0, 0, 0, 0, 0, 0, 0, 0, 0, 0, 0, 0, 0, 0, 0.142857149243, 0, 0, 0, 0.357142865658, 0, 0, 0, 0, 0, 0.428571432829, 0, 0, 0, 0, 0.0714285746217, 0, 0, 0, 0, 0, 0, 0, 0, 0, 0, 0, 0, 0, 0, 0, 0, 0, 0, 0, 0, 0, 0, 0, 0, 0, 0, 0, 0, 0, 0, 0, 0, 0, 0, 0, 0, 0, 0, 0, 0, 0, 0, 0, 0, 0, 0, 0, 0, 0, 0, 0, 0, 0, 0, 0, 0, 0, 0, 0, 0, 0, 0, 0, 0, 0, 0, 0, 0, 0, 0, 0, 0, 0, 0, 0, 0, 0]]
},
"sfx": {
    "inharmonicity": {
        "mean": 0.0195000004023,
        "var": 0.00331813772209
    },
    "oddtoevenharmonicenergyratio": {
        "mean": 0.885025501251,
        "var": 27.737197876
    },
    "pitch_after_max_to_before_max_energy_ratio": 29.0761165619,
    "pitch_centroid": 131.044555664,
    "pitch_max_to_total": 0.0155038759112,
    "pitch_min_to_total": 0.108527131379,
    "tristimulus": {
        "mean": [0.530727624893, 0.4045612216, 0.064711228013],