{"lowlevel.dissonance.mean": [0.41592276096343994], "sfx.inharmonicity.mean": [1.139435052871704], "lowlevel.spectral_contrast.mean": [[0.6615427732467651, 0.6762093305587769, 0.7882199287414551, 0.6369330883026123, 0.439924955368042, 0.39754748344421387]], "lowlevel.spectral_centroid.mean": [0.4141674041748047], "lowlevel.mfcc.mean": [[0.3981708288192749, 0.5544606447219849, 0.1713838279247284, 0.16321417689323425, 0.29163500666618347, 0.3713226616382599, 0.3988831639289856, 0.2511100769042969, 0.2142767310142517, 0.06313222646713257, 0.07342681288719177, 0.12453240156173706, 0.2857074737548828]], "sfx.logattacktime.mean": [0.5189768075942993], "lowlevel.hfc.mean": [0.46648311614990234]}