{"lowlevel.dissonance.mean": [0.6173684597015381], "sfx.inharmonicity.mean": [0.5305229425430298], "lowlevel.spectral_contrast.mean": [[0.1865997314453125, 0.22778785228729248, 0.8808289766311646, 0.7176567316055298, 0.6888828277587891, 0.567047119140625]], "lowlevel.spectral_centroid.mean": [0.4797614812850952], "lowlevel.mfcc.mean": [[0.2641249895095825, 0.05351947993040085, 0.10571438074111938, 0.319892942905426, 0.283222496509552, 0.5708059072494507, 0.7095372080802917, 0.7993384599685669, 0.6975522637367249, 0.4569302797317505, 0.11977702379226685, -0.10989439487457275, 0.26615050435066223]], "sfx.logattacktime.mean": [0.3097681999206543], "lowlevel.hfc.mean": [0.4821650981903076]}