{
"metadata": {
    "version": {
        "essentia": "2.1-dev"
    }
},
"lowLevel": {
    "average_loudness": 0.812230467796,
    "barkbands_kurtosis": {
        "mean": 1.31299042702,
        "var": 36.9800300598
    },
    "barkbands_skewness": {
        "mean": 0.852241754532,
        "var": 1.15385663509
    },
    "barkbands_spread": {
        "mean": 33.9530906677,
        "var": 1010.50250244
    },
    "dissonance": {
        "mean": 0.436405241489,
        "var": 0.00434049917385
    },
    "hfc": {
        "mean": 35.6851501465,
        "var": 2403.29638672
    },
    "pitch": {
        "mean": 744.238342285,
        "var": 305299.4375
    },
    "pitch_instantaneous_confidence": {
        "mean": 0.601126194,
        "var": 0.133952602744
    },
    "pitch_salience": {
        "mean": 0.578838706017,
        "var": 0.0218238625675
    },
    "silence_rate_20dB": {
        "mean": 1,
        "var": 0
    },
    "silence_rate_30dB": {
        "mean": 0.991596639156,
        "var": 0.00833272188902
    },
    "silence_rate_60dB": {
        "mean": 0.584033608437,
        "var": 0.242938190699
    },
    "spectral_centroid": {
        "mean": 1819.95861816,
        "var": 665497.625
    },
    "spectral_complexity": {
        "mean": 2.15546226501,
        "var": 7.51785850525
    },
    "spectral_crest": {
        "mean": 11.5654659271,
        "var": 26.0208530426
    },
    "spectral_decrease": {
        "mean": -5.1367647913e-09,
        "var": 4.23553299708e-17
    },
    "spectral_energy": {
        "mean": 0.0226240679622,
        "var": 0.000837155734189
    },
    "spectral_energyband_high": {
        "mean": 0.000349665788235,
        "var": 6.42764348413e-07
    },
    "spectral_energyband_low": {
        "mean": 5.46422596059e-09,
        "var": 4.02617020915e-16
    },
    "spectral_energyband_middle_high": {
        "mean": 0.0222741253674,
        "var": 0.000803118164185
    },
    "spectral_energyband_middle_low": {
        "mean": 4.18858377316e-07,
        "var": 1.17056093551e-12
    },
    "spectral_flatness_db": {
        "mean": 0.271044671535,
        "var": 0.0491883046925
    },
    "spectral_flux": {
        "mean": 0.0111275333911,
        "var": 0.000536181789357
    },
    "spectral_kurtosis": {
        "mean": 6.51742601395,
        "var": 159.654754639
    },
    "spectral_rms": {
        "mean": 0.00299410801381,
        "var": 1.31075794343e-05
    },
    "spectral_rolloff": {
        "mean": 3446.94580078,
        "var": 7714269.5
    },
    "spectral_skewness": {
        "mean": 1.7629929781,
        "var": 1.71319270134
    },
    "spectral_spread": {
        "mean": 18834432,
        "var": 2.4161788153e+14
    },
    "spectral_strongpeak": {
        "mean": 2.53759074211,
        "var": 11.3022670746
    },
    "zerocrossingrate": {
        "mean": 0.144397899508,
        "var": 0.0137789454311
    },
    "barkbands": {
        "mean": [5.78070347146e-09, 1.71143865746e-09, 1.07794906334e-09, 1.19033527479e-09, 4.1046730459e-09, 1.11326210472e-08, 1.47843612908e-08, 1.20567392514e-07, 1.51484798039e-07, 0.00278265960515, 0.00968418456614, 6.1892882286e-07, 7.08802531335e-07, 1.43619570281e-06, 0.00604006135836, 2.57579131357e-06, 9.55375435296e-06, 0.00286025344394, 0.000374433788238, 0.000518060056493, 0.000255582068348, 6.5061271016e-05, 2.42260321102e-05, 3.40479505212e-06, 8.356375929e-07, 1.28426592028e-07, 1.7984692624e-09],
        "var": [3.49652553649e-16, 6.46335703417e-17, 6.34929213642e-17, 4.76228723598e-17, 7.56037944736e-16, 3.76823358893e-15, 1.71651353816e-15, 7.52955911596e-14, 2.02590291006e-13, 1.28292522277e-05, 0.000141447395436, 1.06313970214e-12, 2.38298942211e-12, 2.42814449103e-11, 7.86621967563e-05, 1.66412994496e-11, 4.43584013965e-09, 2.0274264898e-05, 8.48414458687e-07, 6.19912270849e-07, 2.88431607487e-07, 3.41245858237e-08, 4.57272486543e-09, 2.11488979107e-10, 2.46636808199e-11, 3.99875797622e-13, 2.61885302525e-16]
    },
    "mfcc": {
        "mean": [-1003.61022949, -21.5213031769, -63.948638916, -9.93267250061, -20.7001571655, 1.88475823402, 7.35508775711, 16.9411182404, 12.6347970963, 3.10079288483, -12.2041940689, -20.2615585327, -7.83778095245],
        "var": [25395.2148438, 1176.74707031, 5646.15234375, 145.352890015, 612.507507324, 18.5421867371, 95.2887649536, 410.675018311, 224.768600464, 23.8648796082, 199.434448242, 540.933227539, 99.2755279541]
    },
    "sccoeffs": {
        "mean": [-0.858496010303, -0.842580318451, -0.646623373032, -0.722769081593, -0.750181317329, -0.788100361824],
        "var": [0.00272478559054, 0.00353477266617, 0.0879521071911, 0.0434123650193, 0.0346504226327, 0.0218129903078]
    },
    "scvalleys": {
        "mean": [-12.4203977585, -11.9394083023, -11.4203233719, -11.2943639755, -11.8664722443, -13.2724905014],
        "var": [0.8870023489, 1.70095717907, 5.76376819611, 6.96339797974, 6.04079389572, 2.4996201992]
    }
},
"rhythm": {
    "beats_loudness": {
        "mean": 0.0320180617273,
        "var": 0.00134311697911
    },
    "bpm": 143.554672241,
    "confidence": 0,
    "first_peak_bpm": {
        "mean": 144,
        "var": 0
    },
    "first_peak_spread": {
        "mean": 0,
        "var": 0
    },
    "first_peak_weight": {
        "mean": 0.454545468092,
        "var": 0
    },
    "onset_rate": 0.36363786459,
    "second_peak_bpm": {
        "mean": 133,
        "var": 0
    },
    "second_peak_spread": {
        "mean": 0.399999976158,
        "var": 0
    },
    "second_peak_weight": {
        "mean": 0.272727280855,
        "var": 0
    },
    "beats_loudness_band_ratio": {
        "mean": [0.182167455554, 0.036999348551, 0.0208666622639, 0.331027805805, 0.313667953014, 0.123120568693],
        "var": [0.0580469332635, 0.00245853350498, 0.00077489297837, 0.0604992210865, 0.0530495755374, 0.0107079483569]
    },
    "beats_position": [0.429569154978, 0.882358253002, 1.33514738083, 1.78793644905, 2.22911548615, 2.67029476166, 3.06503391266, 3.48299312592, 3.90095233917, 4.31891155243, 4.73687076569, 5.15482997894],
    "bpm_estimates": [143.554672241, 143.554672241, 143.554672241, 143.554672241, 143.554672241],
    "bpm_intervals": [0.452789098024, 0.452789127827, 0.452789068222, 0.441179037094, 0.441179275513, 0.394739151001, 0.417959213257, 0.417959213257, 0.417959213257, 0.417959213257, 0.417959213257],
    "onset_times": [2.64707493782, 4.46984148026],
    "histogram": [[0, 0, 0, 0, 0, 0, 0, 0, 0, 0, 0, 0, 0, 0, 0, 0, 0, 0, 0, 0, 0, 0, 0, 0, 0, 0, 0, 0, 0, 0, 0, 0, 0, 0, 0, 0, 0, 0, 0, 0, 0, 0, 0, 0, 0, 0, 0, 0, 0, 0, 0, 0, 0, 0, 0, 0, 0, 0, 0, 0, 0, 0, 0, 0, 0, 0, 0, 0, 0, 0, 0, 0, 0, 0, 0, 0, 0, 0, 0, 0, 0, 0, 0, 0, 0, 0, 0, 0, 0, 0, 0, 0, 0, 0, 0, 0, 0, 0, 0, 0, 0, 0, 0, 0, 0, 0, 0, 0, 0, 0, 0, 0, 0, 0, 0, 0, 0, 0, 0, 0, 0, 0, 0, 0, 0, 0, 0, 0, 0, 0, 0, 0, 0, 0.272727280855, 0, 0, 0.181818187237, 0, 0, 0, 0, 0, 0, 0, 0.454545468092, 0, 0, 0, 0, 0, 0, 0, 0.0909090936184, 0, 0, 0, 0, 0, 0, 0, 0, 0, 0, 0, 0, 0, 0, 0, 0, 0, 0, 0, 0, 0, 0, 0, 0, 0, 0, 0, 0, 0, 0, 0, 0, 0, 0, 0, 0, 0, 0, 0, 0, 0, 0, 0, 0, 0, 0, 0, 0, 0, 0, 0, 0, 0, 0, 0, 0, 0, 0, 0, 0, 0, 0, 0, 0, 0, 0, 0, 0, 0, 0, 0, 0, 0, 0, 0, 0, 0, 0, 0, 0, 0, 0, 0, 0, 0, 0, 0, 0, 0, 0, 0, 0, 0, 0, 0, 0, 0]]
},
"sfx": {
    "inharmonicity": {
        "mean": 0.0546468682587,
        "var": 0.00686729094014
    },
    "oddtoevenharmonicenergyratio": {
        "mean": 0.625506401062,
        "var": 1.4553142786
    },
    "pitch_after_max_to_before_max_energy_ratio": 1.14169418812,
    "pitch_centroid": 129.611221313,
    "pitch_max_to_total": 0.457983195782,
    "pitch_min_to_total": 0.126050427556,
    "tristimulus": {
        "mean": [0.364283293486, 0.387271076441, 0.248445674777],
        "var": [0.0414571538568, 0.0293441526592, 0.0606370046735]
    }
},
"tonal": {
    "chords_changes_rate": 0.116666667163,
    "chords_number_rate": 0.0750000029802,
    "chords_strength": {
        "mean": 0.407892525196,
        "var": 0.00859156902879
    },