{
"metadata": {
    "version": {
        "essentia": "2.1-dev"
    }
},
"lowLevel": {
    "barkbands_kurtosis": {
        "mean": -0.057095143944,
        "var": 2.55912947655
    },
    "dissonance": {
        "mean": 0.392887949944,
        "var": 0.00326496060006
    },
    "hfc": {
        "mean": 87.41746521,
        "var": 1378.5559082
    },
    "spectral_centroid": {
        "mean": 1524.96826172,
        "var": 41728.7929688
    },
    "spectral_complexity": {
        "mean": 5.21649503708,
        "var": 2.47890734673
    },
    "spectral_crest": {
        "mean": 12.9385471344,
        "var": 8.07324123383
    },
    "spectral_energyband_high": {
        "mean": 0.000857439823449,
        "var": 1.14185877464e-06
    },
    "spectral_energyband_low": {
        "mean": 7.06561431585e-09,
        "var": 2.29547384544e-16
    },
    "spectral_kurtosis": {
        "mean": 11.7110109329,
        "var": 82.0875244141
    },
    "spectral_rolloff": {
        "mean": 2348.4519043,
        "var": 256034.96875
    },
    "spectral_strongpeak": {
        "mean": 6.17258644104,
        "var": 5.34989881516
    },
    "mfcc": {
        "mean": [-815.90045166, -56.3787689209, -153.349853516, -21.5698223114, -49.8448944092, 4.27377557755, 17.660402298, 40.61195755, 30.0203132629, 7.96684169769, -27.5992603302, -47.100479126, -19.0700912476],
        "var": [1516.59912109, 728.699584961, 84.5976638794, 34.5097846985, 42.809387207, 24.21185112, 21.5788879395, 13.989364624, 14.9285402298, 15.3088502884, 18.9615631104, 14.6199626923, 22.4371089935]
    },
    "sccoeffs": {
        "mean": [-0.89056199789, -0.78466296196, -0.301227778196, -0.478438854218, -0.530119717121, -0.618849635124],
        "var": [0.0017907100264, 0.00167160155252, 0.000531002006028, 0.0009493791149, 0.00114803144243, 0.00393071677536]
    }
},
"sfx": {
    "inharmonicity": {
        "mean": 0.000397373718442,
        "var": 3.22242897255e-07
    }
}
}