{"lowlevel.dissonance.mean": [0.44032108783721924], "sfx.inharmonicity.mean": [0.46161600947380066], "lowlevel.spectral_contrast.mean": [[0.2926816940307617, 0.3235127925872803, 1.1888622045516968, 0.6420466899871826, 0.7472505569458008, 0.444610595703125]], "lowlevel.spectral_centroid.mean": [0.4091666042804718], "lowlevel.mfcc.mean": [[0.3447173833847046, 0.1438562422990799, 0.130910724401474, 0.242998868227005, 0.29739123582839966, 0.5064572691917419, 0.7489550113677979, 0.7580784559249878, 0.47715678811073303, 0.22510242462158203, 0.48769888281822205, 0.4900265634059906, 1.437049150466919]], "sfx.logattacktime.mean": [0.4682089388370514], "lowlevel.hfc.mean": [0.48227888345718384]}