{
"metadata": {
    "version": {
        "essentia": "2.1-dev"
    }
},
"lowLevel": {
    "barkbands_kurtosis": {
        "mean": 14.8165817261,
        "var": 20.7372779846
    },
    "dissonance": {
        "mean": 0.350744694471,
        "var": 0.0126621229574
    },
    "hfc": {
        "mean": 60.1267623901,
        "var": 76.9686126709
    },
    "spectral_centroid": {
        "mean": 1202.19580078,
        "var": 801.190795898
    },
    "spectral_complexity": {
        "mean": 2.97409319878,
        "var": 0.118499942124
    },
    "spectral_crest": {
        "mean": 23.6854877472,
        "var": 0.49430039525
    },
    "spectral_energyband_high": {
        "mean": 6.98312069289e-05,
        "var": 1.98678504204e-10
    },
    "spectral_energyband_low": {
        "mean": 1.56037771148e-07,
        "var": 2.20244744615e-14
    },
    "spectral_kurtosis": {
        "mean": 8.32610321045,
        "var": 4.29306030273
    },
    "spectral_rolloff": {
        "mean": 1098.1920166,
        "var": 1.80304050446e-06
    },
    "spectral_strongpeak": {
        "mean": 9.30714893341,
        "var": 0.747557342052
    },
    "mfcc": {
        "mean": [-850.431884766, -11.118311882, -102.206886292, -31.1784725189, -30.2030887604, 1.27213406563, 24.264131546, 23.872133255, -7.67553281784, -24.9084262848, -4.90402698517, -1.49892759323, 54.9560699463],
        "var": [82.4938812256, 88.2771606445, 44.8052253723, 36.2175941467, 43.6255149841, 29.9949226379, 46.2715339661, 34.590877533, 34.1021690369, 42.8098220825, 68.0390319824, 26.5939216614, 56.0807876587]
    },
    "sccoeffs": {
        "mean": [-0.826248109341, -0.800177395344, -0.257060438395, -0.657938539982, -0.600179970264, -0.772671580315],
        "var": [0.00216042879038, 0.00198738509789, 0.000212791608647, 0.00206206692383, 0.000756454886869, 0.000499252579175]
    }
},
"sfx": {
    "inharmonicity": {
        "mean": 0.00130707514472,
        "var": 0.00013091143046
    }
}
}