{
"metadata": {
    "version": {
        "essentia": "2.1-dev"
    }
},
"lowLevel": {
    "average_loudness": 0.923084259033,
    "barkbands_kurtosis": {
        "mean": 32.02501297,
        "var": 3697.87353516
    },
    "barkbands_skewness": {
        "mean": 4.30089950562,
        "var": 12.0683555603
    },
    "barkbands_spread": {
        "mean": 9.87185668945,
        "var": 327.42401123
    },
    "dissonance": {
        "mean": 0.397637397051,
        "var": 0.0123377339914
    },
    "hfc": {
        "mean": 35.8575019836,
        "var": 914.007263184
    },
    "pitch": {
        "mean": 1074.4720459,
        "var": 1104028.125
    },
    "pitch_instantaneous_confidence": {
        "mean": 0.728045761585,
        "var": 0.135271891952
    },
    "pitch_salience": {
        "mean": 0.237656086683,
        "var": 0.0191334281117
    },
    "silence_rate_20dB": {
        "mean": 1,
        "var": 0
    },
    "silence_rate_30dB": {
        "mean": 1,
        "var": 0
    },
    "silence_rate_60dB": {
        "mean": 0.401234567165,
        "var": 0.240245088935
    },
    "spectral_centroid": {
        "mean": 983.967590332,
        "var": 446880.15625
    },
    "spectral_complexity": {
        "mean": 1.79320991039,
        "var": 2.17019104958
    },
    "spectral_crest": {
        "mean": 21.2234916687,
        "var": 25.7097129822
    },
    "spectral_decrease": {
        "mean": -7.05947700297e-09,
        "var": 3.58422884986e-17
    },
    "spectral_energy": {
        "mean": 0.0298964716494,
        "var": 0.000641920487396
    },
    "spectral_energyband_high": {
        "mean": 4.17414885305e-05,
        "var": 1.28591370885e-09
    },
    "spectral_energyband_low": {
        "mean": 1.5907794193e-07,
        "var": 4.37114232343e-14
    },
    "spectral_energyband_middle_high": {
        "mean": 0.029852449894,
        "var": 0.000640213373117
    },
    "spectral_energyband_middle_low": {
        "mean": 2.05040601031e-06,
        "var": 2.02750871647e-11
    },
    "spectral_flatness_db": {
        "mean": 0.397353887558,
        "var": 0.02457241714
    },
    "spectral_flux": {
        "mean": 0.00863448996097,
        "var": 0.000208685567486
    },
    "spectral_kurtosis": {
        "mean": 6.41976356506,
        "var": 32.4986114502
    },
    "spectral_rms": {
        "mean": 0.0041762245819,
        "var": 1.1726449884e-05
    },
    "spectral_rolloff": {
        "mean": 1108.02539062,
        "var": 1979784.75
    },
    "spectral_skewness": {
        "mean": 2.27246832848,
        "var": 0.825317025185
    },
    "spectral_spread": {
        "mean": 13769000,
        "var": 1.32886556574e+14
    },
    "spectral_strongpeak": {
        "mean": 5.56576442719,
        "var": 21.1050605774
    },
    "zerocrossingrate": {
        "mean": 0.0508596152067,
        "var": 0.000495412503369
    },
    "barkbands": {
        "mean": [2.49831373367e-07, 3.63766652356e-08, 5.83605164195e-09, 6.06308692142e-09, 3.47880799723e-08, 1.03457097111e-07, 3.71593813497e-07, 1.31486262944e-06, 1.80997659527e-07, 2.01671738864e-07, 0.00194676383398, 0.0262912586331, 2.85375733711e-07, 1.39442290674e-05, 9.20086449696e-07, 0.000213566527236, 1.92494917428e-06, 6.53454549138e-07, 0.00138216663618, 3.92614447264e-06, 1.09772940959e-06, 2.97623992083e-05, 3.22947494169e-06, 1.33367552735e-06, 2.58718841906e-06, 5.67189545109e-07, 1.55071044894e-09],
        "var": [1.59610443352e-13, 4.92468640127e-15, 1.32001392154e-15, 2.03740498221e-15, 1.46855726364e-13, 5.42780609954e-13, 5.55889156321e-13, 1.3080683238e-11, 3.72474911971e-14, 4.04881884313e-14, 3.32773197442e-06, 0.000503324961755, 8.39789934641e-14, 1.86130910684e-09, 1.09866467052e-12, 7.58068736673e-08, 4.34916382422e-12, 5.94673344855e-13, 1.40972736062e-06, 1.82230237844e-11, 1.05537009253e-12, 7.29293014867e-10, 9.41084970368e-12, 1.5603218587e-12, 5.87483230466e-12, 3.31936409782e-13, 4.45202543669e-18]
    },
    "mfcc": {
        "mean": [-960.542541504, -2.30248570442, -60.6105194092, -17.8356361389, -15.3876590729, 3.70342612267, 16.5312805176, 15.8723630905, -2.84223365784, -12.718791008, -0.483114302158, 1.57750535011, 35.3761177063],
        "var": [18473.0292969, 226.410079956, 2650.18115234, 322.267852783, 362.292694092, 33.6080856323, 133.643508911, 138.392150879, 63.461643219, 257.059295654, 82.5643463135, 36.2310066223, 635.556213379]
    },
    "sccoeffs": {
        "mean": [-0.786446750164, -0.836105883121, -0.506896436214, -0.748592734337, -0.718519866467, -0.824542462826],
        "var": [0.00594375655055, 0.00418759789318, 0.0978253036737, 0.0147027010098, 0.0217413660139, 0.00463567953557]
    },
    "scvalleys": {
        "mean": [-11.0937414169, -10.6650800705, -10.4969587326, -10.5338039398, -11.1478881836, -11.7024240494],
        "var": [0.945657968521, 3.09220862389, 4.16781139374, 4.71440410614, 4.15634727478, 3.99159407616]
    }
},
"rhythm": {
    "beats_loudness": {
        "mean": 0.0334430113435,
        "var": 0.000533605285455
    },
    "bpm": 122.348953247,
    "confidence": 2.7427315712,
    "first_peak_bpm": {
        "mean": 123,
        "var": 0
    },
    "first_peak_spread": {
        "mean": 0.5,
        "var": 0
    },
    "first_peak_weight": {
        "mean": 0.307692319155,
        "var": 0
    },
    "onset_rate": 0.400089502335,
    "second_peak_bpm": {
        "mean": 112,
        "var": 0
    },
    "second_peak_spread": {
        "mean": 0.5,
        "var": 0
    },
    "second_peak_weight": {
        "mean": 0.0769230797887,
        "var": 0
    },
    "beats_loudness_band_ratio": {
        "mean": [0.206337839365, 0.00596284214407, 0.0113685131073, 0.703655600548, 0.0431565567851, 0.033578582108],
        "var": [0.136333227158, 0.000299185485346, 0.000717855116818, 0.157107919455, 0.0153404492885, 0.000282199092908]
    },
    "beats_position": [0.487619042397, 0.975238084793, 1.43963718414, 1.93886613846, 2.46131515503, 2.94893407822, 3.40172338486, 3.9125623703, 4.38857126236, 4.87619018555, 5.41024923325, 5.89786815643, 6.39709758759, 6.8963265419],
    "bpm_estimates": [123.046875, 120.185333252, 123.046905518, 126.048065186, 123.046905518, 123.046905518, 120.185218811, 120.185333252],
    "bpm_intervals": [0.487619042397, 0.46439909935, 0.499228954315, 0.522449016571, 0.487618923187, 0.452789306641, 0.510838985443, 0.476008892059, 0.487618923187, 0.534059047699, 0.487618923187, 0.499229431152, 0.499228954315],
    "onset_times": [0.174149662256, 0.406349211931, 1.43963718414],
    "histogram": [[0, 0, 0, 0, 0, 0, 0, 0, 0, 0, 0, 0, 0, 0, 0, 0, 0, 0, 0, 0, 0, 0, 0, 0, 0, 0, 0, 0, 0, 0, 0, 0, 0, 0, 0, 0, 0, 0, 0, 0, 0, 0, 0, 0, 0, 0, 0, 0, 0, 0, 0, 0, 0, 0, 0, 0, 0, 0, 0, 0, 0, 0, 0, 0, 0, 0, 0, 0, 0, 0, 0, 0, 0, 0, 0, 0, 0, 0, 0, 0, 0, 0, 0, 0, 0, 0, 0, 0, 0, 0, 0, 0, 0, 0, 0, 0, 0, 0, 0, 0, 0, 0, 0, 0, 0, 0, 0, 0, 0, 0, 0, 0, 0.0769230797887, 0, 0, 0.0769230797887, 0, 0.0769230797887, 0, 0, 0.230769231915, 0, 0, 0.307692319155, 0, 0, 0.0769230797887, 0, 0, 0.0769230797887, 0, 0, 0, 0.0769230797887, 0, 0, 0, 0, 0, 0, 0, 0, 0, 0, 0, 0, 0, 0, 0, 0, 0, 0, 0, 0, 0, 0, 0, 0, 0, 0, 0, 0, 0, 0, 0, 0, 0, 0, 0, 0, 0, 0, 0, 0, 0, 0, 0, 0, 0, 0, 0, 0, 0, 0, 0, 0, 0, 0, 0, 0, 0, 0, 0, 0, 0, 0, 0, 0, 0, 0, 0, 0, 0, 0, 0, 0, 0, 0, 0, 0, 0, 0, 0, 0, 0, 0, 0, 0, 0, 0, 0, 0, 0, 0, 0, 0, 0, 0, 0, 0, 0, 0, 0, 0, 0, 0, 0, 0, 0, 0, 0, 0, 0, 0, 0, 0, 0, 0, 0, 0]]
},
"sfx": {
    "inharmonicity": {
        "mean": 0.0305248368531,
        "var": 0.00867777597159
    },
    "oddtoevenharmonicenergyratio": {
        "mean": inf,
        "var": inf
    },
    "pitch_after_max_to_before_max_energy_ratio": 5.11752748489,
    "pitch_centroid": 137.731246948,
    "pitch_max_to_total": 0.0216049384326,
    "pitch_min_to_total": 0.950617313385,
    "tristimulus": {
        "mean": [0.608637928963, 0.285679578781, 0.0995097085834],
        "var": [0.0836252719164, 0.0333503037691, 0.0444707870483]
    }
},