{"lowlevel.dissonance.mean": [0.37208259105682373], "sfx.inharmonicity.mean": [0.6368207931518555], "lowlevel.spectral_contrast.mean": [[0.28279709815979004, 1.1147074699401855, 1.1151697635650635, 1.1153876781463623, 0.8740088939666748, 0.5020768642425537]], "lowlevel.spectral_centroid.mean": [0.4163851737976074], "lowlevel.mfcc.mean": [[0.3964695930480957, 0.47222480177879333, -0.14958909153938293, -0.04934227466583252, 0.2877234220504761, 0.17219221591949463, 0.2611747980117798, -0.04211694002151489, 0.09290134906768799, 0.12274861335754395, 0.2899841070175171, 0.5564013123512268, 0.29949846863746643]], "sfx.logattacktime.mean": [0.48061123490333557], "lowlevel.hfc.mean": [0.4683595299720764]}