{
"metadata": {
    "version": {
        "essentia": "2.1-dev"
    }
},
"lowLevel": {
    "barkbands_kurtosis": {
        "mean": -0.173817828298,
        "var": 0.081686809659
    },
    "dissonance": {
        "mean": 0.383089870214,
        "var": 0.00348491524346
    },
    "hfc": {
        "mean": 65.0006637573,
        "var": 384.992126465
    },
    "spectral_centroid": {
        "mean": 1278.6973877,
        "var": 4701.81689453
    },
    "spectral_complexity": {
        "mean": 8.44660186768,
        "var": 2.09180450439
    },
    "spectral_crest": {
        "mean": 11.6431999207,
        "var": 0.565441727638
    },
    "spectral_energyband_high": {
        "mean": 3.42001367244e-05,
        "var": 4.88096896234e-10
    },
    "spectral_energyband_low": {
        "mean": 2.31580354892e-08,
        "var": 3.34562952861e-16
    },
    "spectral_kurtosis": {
        "mean": 40.0088119507,
        "var": 248.23260498
    },
    "spectral_rolloff": {
        "mean": 1708.23046875,
        "var": 13760.8037109
    },
    "spectral_strongpeak": {
        "mean": 7.45783424377,
        "var": 2.2418692112
    },
    "mfcc": {
        "mean": [-772.557495117, 88.0192871094, -197.596176147, -28.8374214172, -33.6555328369, -35.2121810913, -31.7908973694, -31.9604606628, -17.5895252228, -14.7665576935, 1.69456362724, 7.48110198975, 28.2018642426],
        "var": [775.522521973, 171.897125244, 197.420852661, 168.936706543, 76.18019104, 40.8029632568, 17.8550014496, 9.50963973999, 19.2225017548, 19.5317077637, 13.6269006729, 12.5207366943, 22.1259346008]
    },
    "sccoeffs": {
        "mean": [-0.884751677513, -0.372343033552, -0.367843806744, -0.387555032969, -0.579060971737, -0.761809408665],
        "var": [0.000922453473322, 0.00156655546743, 0.00158744596411, 0.00177979213186, 0.00167612871155, 0.00101838924456]
    }
},
"sfx": {
    "inharmonicity": {
        "mean": 0.00735124619678,
        "var": 3.17667945637e-06
    }
}
}