{"lowlevel.dissonance.mean": [0.6536496877670288], "sfx.inharmonicity.mean": [0.5327913761138916], "lowlevel.spectral_contrast.mean": [[0.7997467517852783, 0.3085765838623047, 0.2838253974914551, 0.3203272819519043, 0.3526949882507324, 0.7110202312469482]], "lowlevel.spectral_centroid.mean": [0.3915039002895355], "lowlevel.mfcc.mean": [[0.4878758192062378, 0.2970705032348633, 0.7129907608032227, 0.6519823670387268, 0.6023335456848145, 0.7858849763870239, 0.4793406128883362, 0.7354820370674133, 0.8843897581100464, 0.536810040473938, 1.0610542297363281, 0.8525200486183167, 0.6476024389266968]], "sfx.logattacktime.mean": [0.14909455180168152], "lowlevel.hfc.mean": [0.47104084491729736]}