{
"metadata": {
    "version": {
        "essentia": "2.1-dev"
    }
},
"lowLevel": {
    "average_loudness": 0.99068403244,
    "barkbands_kurtosis": {
        "mean": 80.9958724976,
        "var": 13404.5380859
    },
    "barkbands_skewness": {
        "mean": 6.04065656662,
        "var": 26.0371494293
    },
    "barkbands_spread": {
        "mean": 26.0399608612,
        "var": 839.968200684
    },
    "dissonance": {
        "mean": 0.460166424513,
        "var": 0.00258101942018
    },
    "hfc": {
        "mean": 12.1369247437,
        "var": 772.461486816
    },
    "pitch": {
        "mean": 3054.12011719,
        "var": 2653362
    },
    "pitch_instantaneous_confidence": {
        "mean": 0.421073406935,
        "var": 0.031586997211
    },
    "pitch_salience": {
        "mean": 0.206315100193,
        "var": 0.0541620366275
    },
    "silence_rate_20dB": {
        "mean": 1,
        "var": 0
    },
    "silence_rate_30dB": {
        "mean": 0.75,
        "var": 0.1875
    },
    "silence_rate_60dB": {
        "mean": 0.5,
        "var": 0.25
    },
    "spectral_centroid": {
        "mean": 851.683044434,
        "var": 2400822.75
    },
    "spectral_complexity": {
        "mean": 2.41666674614,
        "var": 41.2430534363
    },
    "spectral_crest": {
        "mean": 20.4736785889,
        "var": 42.7407531738
    },
    "spectral_decrease": {
        "mean": -1.66388627321e-08,
        "var": 1.08846264233e-15
    },
    "spectral_energy": {
        "mean": 0.0638996884227,
        "var": 0.0161285419017
    },
    "spectral_energyband_high": {
        "mean": 0.00118346570525,
        "var": 7.12865721653e-06
    },
    "spectral_energyband_low": {
        "mean": 0.0351087413728,
        "var": 0.00639799796045
    },
    "spectral_energyband_middle_high": {
        "mean": 0.000403341487981,
        "var": 9.09014204353e-07
    },
    "spectral_energyband_middle_low": {
        "mean": 0.000783878203947,
        "var": 2.92767344945e-06
    },
    "spectral_flatness_db": {
        "mean": 0.282139897346,
        "var": 0.0182579699904
    },
    "spectral_flux": {
        "mean": 0.135878399014,
        "var": 0.0242135822773
    },
    "spectral_kurtosis": {
        "mean": 3.24737763405,
        "var": 112.814857483
    },
    "spectral_rms": {
        "mean": 0.0049362774007,
        "var": 3.7974328734e-05
    },
    "spectral_rolloff": {
        "mean": 1444.51904297,
        "var": 7620906
    },
    "spectral_skewness": {
        "mean": 1.33414566517,
        "var": 2.03251647949
    },
    "spectral_spread": {
        "mean": 20053006,
        "var": 2.98619764736e+13
    },
    "spectral_strongpeak": {
        "mean": 0,
        "var": 0
    },
    "zerocrossingrate": {
        "mean": 0.0487467460334,
        "var": 0.00353478710167
    },
    "barkbands": {
        "mean": [0.0492723919451, 0.0109195420519, 0.00134898442775, 0.000266134127742, 0.000165656441823, 8.68776769494e-05, 0.000102750658698, 0.000101041361631, 3.83822407457e-05, 0.00011845590052, 3.61551028618e-05, 3.61510428775e-05, 1.14206268336e-05, 1.50644955283e-05, 1.64408793353e-05, 3.22177402268e-05, 8.0902769696e-05, 4.04402635468e-05, 2.11612659768e-05, 2.76703212876e-05, 0.000104005885078, 0.000323337764712, 0.000129337233375, 0.000313285534503, 0.000106785009848, 0.000170473475009, 1.46770807987e-05],
        "var": [0.00883556623012, 0.000743988843169, 9.11555707717e-06, 3.92919446313e-07, 1.89599191458e-07, 3.64559937793e-08, 9.10880189053e-08, 6.75778935033e-08, 7.26118321026e-09, 8.34755482515e-08, 9.90533788325e-09, 6.47814779597e-09, 8.14085909795e-10, 8.60868709651e-10, 1.87380888583e-09, 4.97632823837e-09, 4.4003559907e-08, 7.2700960807e-09, 2.15498441314e-09, 4.59652538254e-09, 4.86647557807e-08, 4.72611873192e-07, 8.53778132637e-08, 5.23063647506e-07, 8.13632468066e-08, 1.77243421717e-07, 1.68427405356e-09]
    },
    "mfcc": {
        "mean": [-876.293701172, 40.6783905029, 40.2171058655, 26.2492389679, 10.2884340286, 23.859703064, -0.188418224454, 14.5519151688, 18.7756099701, 1.1646977663, 22.3454036713, 13.4410200119, 5.77633285522],
        "var": [29364.59375, 434.098632812, 70.4093399048, 91.0884399414, 154.925308228, 50.621673584, 134.404876709, 105.222206116, 41.0474472046, 45.0397071838, 91.844291687, 63.905960083, 26.6959228516]
    },
    "sccoeffs": {
        "mean": [-0.483849525452, -0.845757484436, -0.883246481419, -0.865639030933, -0.848231554031, -0.761234045029],
        "var": [0.0344047397375, 0.00449388055131, 0.00101000431459, 0.000948903616518, 0.000785248586908, 0.00300200027414]
    },
    "scvalleys": {
        "mean": [-7.69609451294, -8.30179691315, -8.88693523407, -9.35533237457, -9.7108373642, -9.96950435638],
        "var": [3.24811863899, 2.57163143158, 3.47893810272, 3.28945803642, 4.01109743118, 4.00106048584]
    }
},
"rhythm": {
    "bpm": 0,
    "confidence": 0,
    "first_peak_bpm": {
        "mean": 0,
        "var": 0
    },
    "first_peak_spread": {
        "mean": 0,
        "var": 0
    },
    "first_peak_weight": {
        "mean": 0,
        "var": 0
    },
    "onset_rate": 4.07691574097,
    "second_peak_bpm": {
        "mean": 0,
        "var": 0
    },
    "second_peak_spread": {
        "mean": 0,
        "var": 0
    },
    "second_peak_weight": {
        "mean": 0,
        "var": 0
    },
    "beats_position": [],
    "bpm_estimates": [],
    "bpm_intervals": [],
    "onset_times": [0.0348299331963],
    "histogram": [[0, 0, 0, 0, 0, 0, 0, 0, 0, 0, 0, 0, 0, 0, 0, 0, 0, 0, 0, 0, 0, 0, 0, 0, 0, 0, 0, 0, 0, 0, 0, 0, 0, 0, 0, 0, 0, 0, 0, 0, 0, 0, 0, 0, 0, 0, 0, 0, 0, 0, 0, 0, 0, 0, 0, 0, 0, 0, 0, 0, 0, 0, 0, 0, 0, 0, 0, 0, 0, 0, 0, 0, 0, 0, 0, 0, 0, 0, 0, 0, 0, 0, 0, 0, 0, 0, 0, 0, 0, 0, 0, 0, 0, 0, 0, 0, 0, 0, 0, 0, 0, 0, 0, 0, 0, 0, 0, 0, 0, 0, 0, 0, 0, 0, 0, 0, 0, 0, 0, 0, 0, 0, 0, 0, 0, 0, 0, 0, 0, 0, 0, 0, 0, 0, 0, 0, 0, 0, 0, 0, 0, 0, 0, 0, 0, 0, 0, 0, 0, 0, 0, 0, 0, 0, 0, 0, 0, 0, 0, 0, 0, 0, 0, 0, 0, 0, 0, 0, 0, 0, 0, 0, 0, 0, 0, 0, 0, 0, 0, 0, 0, 0, 0, 0, 0, 0, 0, 0, 0, 0, 0, 0, 0, 0, 0, 0, 0, 0, 0, 0, 0, 0, 0, 0, 0, 0, 0, 0, 0, 0, 0, 0, 0, 0, 0, 0, 0, 0, 0, 0, 0, 0, 0, 0, 0, 0, 0, 0, 0, 0, 0, 0, 0, 0, 0, 0, 0, 0, 0, 0, 0, 0, 0, 0, 0, 0, 0, 0, 0, 0]]
},
"sfx": {
    "inharmonicity": {
        "mean": 0.0299550294876,
        "var": 0.00292290211655
    },
    "oddtoevenharmonicenergyratio": {
        "mean": 0.514271974564,
        "var": 1.70980799198
    },
    "pitch_after_max_to_before_max_energy_ratio": 0.465538740158,
    "pitch_centroid": 6.27653074265,
    "pitch_max_to_total": 0.666666686535,
    "pitch_min_to_total": 0,
    "tristimulus": {
        "mean": [0.806050479412, 0.0866214856505, 0.107328116894],
        "var": [0.119201868773, 0.0370261594653, 0.0655606165528]
    }
},
"tonal": {
    "chords_changes_rate": 0,
    "chords_number_rate": 0.142857149243,
    "chords_strength": {
        "mean": 0.48703572154,
        "var": 8.881784197e-16
    },
    "key_strength": 0.47479057312,
    "tuning_diatonic_strength": 0.448509156704,
    "tuning_equal_tempered_deviation": 0.171289980412,
    "tuning_frequency": 434.193115234,
    "tuning_nontempered_energy_ratio": 0.835182189941,
    "hpcp": {
        "mean": [0.202247664332, 0.177001953125, 0.0828131660819, 0.0429947189987, 0.0557595975697, 0.0950156226754, 0.134804442525, 0.169790968299, 0.152254492044, 0.129201740026, 0.249014258385, 0.380733937025, 0.291265517473, 0.22070851922, 0.210681319237, 0.162465199828, 0.197015553713, 0.190459728241, 0.180258244276, 0.162191048265, 0.0908356234431, 0.048926834017, 0.0530625320971, 0.374461114407, 0.643612205982, 0.342434942722, 0.0937716141343, 0.101466991007, 0.0949798151851, 0.146405205131, 0.142343863845, 0.0791031345725, 0.166541218758, 0.224842891097, 0.137641623616, 0.130698189139],