{
"metadata": {
    "version": {
        "essentia": "2.1-dev"
    }
},
"lowLevel": {
    "barkbands_kurtosis": {
        "mean": 118.730941772,
        "var": 17448.5976562
    },
    "dissonance": {
        "mean": 0.45067858696,
        "var": 0.00251590041444
    },
    "hfc": {
        "mean": 28.726556778,
        "var": 1381.97497559
    },
    "spectral_centroid": {
        "mean": 151.355636597,
        "var": 7931.1484375
    },
    "spectral_complexity": {
        "mean": 5.80000019073,
        "var": 79.3600158691
    },
    "spectral_crest": {
        "mean": 22.471244812,
        "var": 22.0017032623
    },
    "spectral_energyband_high": {
        "mean": 0.00278939632699,
        "var": 1.26854747577e-05
    },
    "spectral_energyband_low": {
        "mean": 0.0839708149433,
        "var": 0.0112622231245
    },
    "spectral_kurtosis": {
        "mean": 0.107757665217,
        "var": 0.515735447407
    },
    "spectral_rolloff": {
        "mean": 43.06640625,
        "var": 1112.82910156
    },
    "spectral_strongpeak": {
        "mean": 0,
        "var": 0
    },
    "mfcc": {
        "mean": [-704.137695312, 54.4117851257, 41.5126113892, 27.6398067474, 14.5379896164, 25.6932411194, 1.20263409615, 19.0972633362, 22.4970970154, -0.917785286903, 18.1135139465, 14.4390716553, 6.97089672089],
        "var": [9405.328125, 476.74798584, 44.8125228882, 85.2874145508, 56.9195671082, 39.3328361511, 90.7172393799, 152.539642334, 52.3580627441, 23.2332191467, 62.0615615845, 105.536270142, 13.528219223]
    },
    "sccoeffs": {
        "mean": [-0.325613737106, -0.806338310242, -0.865700542927, -0.844427883625, -0.841232001781, -0.748574912548],
        "var": [0.00936412252486, 0.00534921744838, 0.000643800129183, 0.000338677695254, 0.000564036774449, 0.000611369614489]
    }
},
"sfx": {
    "inharmonicity": {
        "mean": 0.0168038867414,
        "var": 0.00112948229071
    }
}
}