{"lowlevel.dissonance.mean": [0.18848156929016113], "sfx.inharmonicity.mean": [0.2862236797809601], "lowlevel.spectral_contrast.mean": [[0.7137556076049805, 0.8379757404327393, 0.8469371795654297, 0.7000815868377686, 0.47455453872680664, 0.23210883140563965]], "lowlevel.spectral_centroid.mean": [0.3352230191230774], "lowlevel.mfcc.mean": [[0.3208274841308594, 0.7276018857955933, 0.6371899843215942, 0.07432001829147339, 0.18094682693481445, 0.3782833516597748, 0.5545477271080017, 0.6148227453231812, 0.6978648900985718, 0.6746794581413269, 0.5805948376655579, 0.35571765899658203, 0.2673598527908325]], "sfx.logattacktime.mean": [0.2531128525733948], "lowlevel.hfc.mean": [0.4653536081314087]}