{
"metadata": {
    "version": {
        "essentia": "2.1-dev"
    }
},
"lowLevel": {
    "barkbands_kurtosis": {
        "mean": 3.83214759827,
        "var": 0.896025300026
    },
    "dissonance": {
        "mean": 0.278184562922,
        "var": 0.00108396995347
    },
    "hfc": {
        "mean": 7.12542819977,
        "var": 0.0538716316223
    },
    "spectral_centroid": {
        "mean": 667.316162109,
        "var": 58.4519233704
    },
    "spectral_complexity": {
        "mean": 6.5,
        "var": 0.25
    },
    "spectral_crest": {
        "mean": 18.25689888,
        "var": 1.71229279041
    },
    "spectral_energyband_high": {
        "mean": 4.25163158013e-08,
        "var": 4.14935599738e-17
    },
    "spectral_energyband_low": {
        "mean": 7.00986056472e-05,
        "var": 5.64637114842e-10
    },
    "spectral_kurtosis": {
        "mean": 180.229675293,
        "var": 190.854919434
    },
    "spectral_rolloff": {
        "mean": 764.428710938,
        "var": 115.919708252
    },
    "spectral_strongpeak": {
        "mean": 2.27488946915,
        "var": 0.167007863522
    },
    "mfcc": {
        "mean": [-864.876831055, 225.390579224, -6.52333831787, -47.0115737915, -20.9991188049, -30.8421287537, -12.9808273315, 12.7230129242, 9.3183555603, 7.63398838043, -5.83003330231, -36.074886322, -34.9302558899],
        "var": [2.66816997528, 3.32805252075, 1.50080823898, 26.8007164001, 0.00225268537179, 34.2077560425, 0.845652759075, 17.4464855194, 2.15561318398, 15.5517759323, 14.8428583145, 22.6135540009, 7.15813159943]
    },
    "sccoeffs": {
        "mean": [-0.425057947636, -0.729015350342, -0.513548374176, -0.755995213985, -0.738435149193, -0.850340008736],
        "var": [9.09133814275e-05, 0.0018598070601, 0.000687803840265, 9.41258576859e-07, 0.00018335338973, 0.000207109609619]
    }
},
"sfx": {
    "inharmonicity": {
        "mean": 4.55206500192e-05,
        "var": 7.49306283687e-10
    }
}
}