{"lowlevel.dissonance.mean": [0.41804802417755127], "sfx.inharmonicity.mean": [0.24943064153194427], "lowlevel.spectral_contrast.mean": [[0.8605360388755798, 0.8602151870727539, 0.9210778474807739, 0.8504090309143066, 0.7332899570465088, 0.3103046417236328]], "lowlevel.spectral_centroid.mean": [0.34598857164382935], "lowlevel.mfcc.mean": [[0.4294114112854004, 0.8201746940612793, 0.4264220893383026, 0.1506214439868927, 0.6075100302696228, 0.32796257734298706, 0.17857354879379272, 0.4758705496788025, 0.706210196018219, 0.5800650715827942, 0.15606868267059326, -0.4280357360839844, -0.2777836322784424]], "sfx.logattacktime.mean": [0.3313661217689514], "lowlevel.hfc.mean": [0.4655190706253052]}