{
"metadata": {
    "version": {
        "essentia": "2.1-dev"
    }
},
"lowLevel": {
    "average_loudness": 0.871450722218,
    "barkbands_kurtosis": {
        "mean": 14.2772073746,
        "var": 3513.23803711
    },
    "barkbands_skewness": {
        "mean": 0.91210269928,
        "var": 9.04333591461
    },
    "barkbands_spread": {
        "mean": 10.0588312149,
        "var": 36.5788497925
    },
    "dissonance": {
        "mean": 0.327595502138,
        "var": 0.00967096723616
    },
    "hfc": {
        "mean": 1.95922672749,
        "var": 4.62061309814
    },
    "pitch": {
        "mean": 214.00378418,
        "var": 959.925415039
    },
    "pitch_instantaneous_confidence": {
        "mean": 0.871341645718,
        "var": 0.0296030472964
    },
    "pitch_salience": {
        "mean": 0.559191644192,
        "var": 0.0298132076859
    },
    "silence_rate_20dB": {
        "mean": 1,
        "var": 0
    },
    "silence_rate_30dB": {
        "mean": 1,
        "var": 0
    },
    "silence_rate_60dB": {
        "mean": 0.753554522991,
        "var": 0.185709267855
    },
    "spectral_centroid": {
        "mean": 734.203796387,
        "var": 246426.0625
    },
    "spectral_complexity": {
        "mean": 4.02843618393,
        "var": 13.8285646439
    },
    "spectral_crest": {
        "mean": 12.3949146271,
        "var": 31.9715061188
    },
    "spectral_decrease": {
        "mean": -3.89534071665e-10,
        "var": 1.75037970438e-19
    },
    "spectral_energy": {
        "mean": 0.00164789741393,
        "var": 3.14627823172e-06
    },
    "spectral_energyband_high": {
        "mean": 2.68627559308e-06,
        "var": 9.4839682982e-12
    },
    "spectral_energyband_low": {
        "mean": 2.82584574052e-06,
        "var": 1.05570569647e-11
    },
    "spectral_energyband_middle_high": {
        "mean": 0.0009596911259,
        "var": 1.11540316539e-06
    },
    "spectral_energyband_middle_low": {
        "mean": 0.000681197678205,
        "var": 5.2069560752e-07
    },
    "spectral_flatness_db": {
        "mean": 0.31041392684,
        "var": 0.00808868929744
    },
    "spectral_flux": {
        "mean": 0.00275794626214,
        "var": 3.19584796671e-06
    },
    "spectral_kurtosis": {
        "mean": 21.12931633,
        "var": 404.228057861
    },
    "spectral_rms": {
        "mean": 0.000961365411058,
        "var": 6.83482710429e-07
    },
    "spectral_rolloff": {
        "mean": 1189.53222656,
        "var": 703843.9375
    },
    "spectral_skewness": {
        "mean": 3.83179616928,
        "var": 2.294901371
    },
    "spectral_spread": {
        "mean": 6739752.5,
        "var": 3.52506588692e+13
    },
    "spectral_strongpeak": {
        "mean": 0.971228718758,
        "var": 0.955404579639
    },
    "zerocrossingrate": {
        "mean": 0.0436097644269,
        "var": 0.00075548683526
    },
    "barkbands": {
        "mean": [3.39732264365e-06, 7.28305337816e-07, 2.31194292155e-07, 3.14489000175e-07, 0.000232156249695, 3.52521425384e-07, 0.000166067213286, 1.16455673549e-07, 0.000282167602563, 2.4955954359e-05, 1.89351169411e-07, 7.69400503486e-05, 5.70435304326e-06, 0.000492048158776, 0.000188013582374, 0.000139996293001, 1.57576560014e-05, 2.05307946999e-06, 1.0649109754e-05, 3.64019638255e-06, 9.21438015666e-07, 6.04656463565e-07, 3.42022218547e-07, 4.25046181363e-07, 1.06729849847e-07, 2.08285602099e-08, 1.81262838073e-10],
        "var": [3.47794536226e-11, 4.2790456508e-13, 8.43289807016e-14, 1.94429934934e-13, 6.93924135931e-08, 2.03245433721e-13, 2.80117475882e-08, 2.70137136672e-14, 9.90248523181e-08, 6.18470719083e-10, 4.63501917511e-14, 6.48947784399e-09, 5.11360884192e-11, 2.95889151403e-07, 4.65389291548e-08, 2.54597747329e-08, 3.22849080803e-10, 7.00941691842e-12, 1.48544190837e-10, 1.5363101416e-11, 1.59845259858e-12, 9.20993099493e-13, 2.3265227635e-13, 2.66621414616e-13, 2.4634208383e-14, 8.51995766232e-16, 3.15711090681e-20]
    },
    "mfcc": {
        "mean": [-923.088439941, 112.781700134, -20.2842483521, -2.01424312592, 1.38710105419, -9.53427886963, -18.7707118988, -10.1695022583, -6.54018497467, 8.91184997559, -4.86343860626, -6.53924179077, 0.363750308752],
        "var": [21769.6640625, 2235.12207031, 3277.60742188, 438.336578369, 208.081771851, 132.901535034, 203.171676636, 75.0781936646, 70.294380188, 42.7699432373, 106.372238159, 154.196243286, 47.7900619507]
    },
    "sccoeffs": {
        "mean": [-0.615484714508, -0.581924676895, -0.625216901302, -0.66872137785, -0.771920979023, -0.821213781834],
        "var": [0.00809158571064, 0.0138371223584, 0.0200710818172, 0.0377007760108, 0.0157231166959, 0.00704082846642]
    },
    "scvalleys": {
        "mean": [-9.19570159912, -10.1675195694, -10.7759618759, -11.1514863968, -11.8664369583, -13.1068458557],
        "var": [1.02785897255, 2.23766732216, 3.03519463539, 3.89398479462, 3.39951014519, 1.54335069656]
    }
},
"rhythm": {
    "beats_loudness": {
        "mean": 0.00183696835302,
        "var": 2.94947722068e-06
    },
    "bpm": 133.035110474,
    "confidence": 0,
    "first_peak_bpm": {
        "mean": 133,
        "var": 0
    },
    "first_peak_spread": {
        "mean": 0.428571462631,
        "var": 0
    },
    "first_peak_weight": {
        "mean": 0.444444447756,
        "var": 0
    },
    "onset_rate": 2.88382053375,
    "second_peak_bpm": {
        "mean": 126,
        "var": 0
    },
    "second_peak_spread": {
        "mean": 0,
        "var": 0
    },
    "second_peak_weight": {
        "mean": 0.222222223878,
        "var": 0
    },
    "beats_loudness_band_ratio": {
        "mean": [0.213441491127, 0.191109403968, 0.276614487171, 0.222986102104, 0.123130574822, 0.00751012563705],
        "var": [0.104046069086, 0.0246205907315, 0.0516094863415, 0.03181059286, 0.0104137677699, 5.08678094775e-05]
    },
    "beats_position": [0.46439909935, 0.940408170223, 1.4164172411, 1.88081634045, 2.32199549675, 2.76317453384, 3.21596360207, 3.66875267029, 4.12154197693, 4.57433080673],
    "bpm_estimates": [129.19921875, 135.999176025, 135.999206543, 132.512039185, 132.512039185, 132.511962891, 132.51210022],
    "bpm_intervals": [0.476009070873, 0.476009070873, 0.46439909935, 0.441179156303, 0.441179037094, 0.452789068222, 0.452789068222, 0.452789306641, 0.452788829803],
    "onset_times": [0.0348299331963, 0.174149662256, 1.45124721527, 3.23918366432, 3.43655323982, 3.59909296036, 3.90095233917, 4.06349229813, 4.19120168686, 4.43501138687, 4.51628112793, 4.55111122131, 4.7833108902, 4.85297060013],
    "histogram": [[0, 0, 0, 0, 0, 0, 0, 0, 0, 0, 0, 0, 0, 0, 0, 0, 0, 0, 0, 0, 0, 0, 0, 0, 0, 0, 0, 0, 0, 0, 0, 0, 0, 0, 0, 0, 0, 0, 0, 0, 0, 0, 0, 0, 0, 0, 0, 0, 0, 0, 0, 0, 0, 0, 0, 0, 0, 0, 0, 0, 0, 0, 0, 0, 0, 0, 0, 0, 0, 0, 0, 0, 0, 0, 0, 0, 0, 0, 0, 0, 0, 0, 0, 0, 0, 0, 0, 0, 0, 0, 0, 0, 0, 0, 0, 0, 0, 0, 0, 0, 0, 0, 0, 0, 0, 0, 0, 0, 0, 0, 0, 0, 0, 0, 0, 0, 0, 0, 0, 0, 0, 0, 0, 0, 0, 0, 0.222222223878, 0, 0, 0.111111111939, 0, 0, 0, 0.444444447756, 0, 0, 0.222222223878, 0, 0, 0, 0, 0, 0, 0, 0, 0, 0, 0, 0, 0, 0, 0, 0, 0, 0, 0, 0, 0, 0, 0, 0, 0, 0, 0, 0, 0, 0, 0, 0, 0, 0, 0, 0, 0, 0, 0, 0, 0, 0, 0, 0, 0, 0, 0, 0, 0, 0, 0, 0, 0, 0, 0, 0, 0, 0, 0, 0, 0, 0, 0, 0, 0, 0, 0, 0, 0, 0, 0, 0, 0, 0, 0, 0, 0, 0, 0, 0, 0, 0, 0, 0, 0, 0, 0, 0, 0, 0, 0, 0, 0, 0, 0, 0, 0, 0, 0, 0, 0, 0, 0, 0, 0, 0, 0, 0, 0, 0, 0, 0, 0]]
},
"sfx": {
    "inharmonicity": {
        "mean": 0.0243020243943,
        "var": 0.000755330722313
    },
    "oddtoevenharmonicenergyratio": {
        "mean": 1.61271254106e+36,
        "var": inf
    },
    "pitch_after_max_to_before_max_energy_ratio": 0.0672981217504,
    "pitch_centroid": 108.131637573,
    "pitch_max_to_total": 0.938388645649,
    "pitch_min_to_total": 0.0189573466778,
    "tristimulus": {
        "mean": [0.236572623253, 0.380014181137, 0.383413225412],
        "var": [0.0308428443968, 0.029224473983, 0.0784579440951]
    }
},
"tonal": {
    "chords_changes_rate": 0.0471698120236,