{
"metadata": {
    "version": {
        "essentia": "2.1-dev"
    }
},
"lowLevel": {
    "barkbands_kurtosis": {
        "mean": 3.75661444664,
        "var": 6.82675886154
    },
    "dissonance": {
        "mean": 0.497713059187,
        "var": 1.39063240567e-05
    },
    "hfc": {
        "mean": 477.772491455,
        "var": 213684.5
    },
    "spectral_centroid": {
        "mean": 5021.50634766,
        "var": 262510.15625
    },
    "spectral_complexity": {
        "mean": 39.3461532593,
        "var": 93.7648010254
    },
    "spectral_crest": {
        "mean": 6.60715246201,
        "var": 1.50829005241
    },
    "spectral_energyband_high": {
        "mean": 0.0561163052917,
        "var": 0.00304314587265
    },
    "spectral_energyband_low": {
        "mean": 2.92583972623e-05,
        "var": 3.94270532889e-10
    },
    "spectral_kurtosis": {
        "mean": -0.0682310163975,
        "var": 0.0797570049763
    },
    "spectral_rolloff": {
        "mean": 7319.63232422,
        "var": 406500.9375
    },
    "spectral_strongpeak": {
        "mean": 6.88513612747,
        "var": 28.1701164246
    },
    "mfcc": {
        "mean": [-586.284423828, -90.0821685791, -59.7623138428, 5.87426757812, -3.10890936852, 0.283995121717, -20.285490036, 5.08805131912, -13.0535955429, 3.98952889442, 13.9502916336, 13.8596591949, 11.8209218979],
        "var": [4622.43261719, 439.700317383, 362.563262939, 73.5914230347, 95.9581756592, 201.538970947, 78.8281707764, 61.8699150085, 34.0314407349, 58.2216453552, 103.199836731, 66.2360229492, 94.1349411011]
    },
    "sccoeffs": {
        "mean": [-0.648212850094, -0.767729043961, -0.780869841576, -0.710690259933, -0.716562390327, -0.701090753078],
        "var": [0.00607814826071, 0.00327037996612, 0.00167964003049, 0.00110581028275, 0.00056598498486, 0.000483024603454]
    }
},
"sfx": {
    "inharmonicity": {
        "mean": 0.0327819734812,
        "var": 0.00600668368861
    }
}
}